file_name,lake_path,zone,category,subcategory,project,manifest_id,file_format,extension,size_bytes,checksum,tags,created_at,status,version,source_reference
DataLake_Manifest_All.json,DataLake_Manifest_All.json,,,,,,JSON,json,29988,,,,,,
DutchBay_DataLake_Catalog_20251207_0210.csv,Curated/Catalogs/DutchBay_DataLake_Catalog_20251207_0210.csv,,,,,,CSV,csv,1,,,,,,
Wind_Ingest_MiniCatalog_20251207.xlsx,Raw/Wind_Ingest_MiniCatalog_20251207.xlsx,Raw,Misc,Uncategorized,DutchBay_Wind_150MW,DB-MISC-0013,XLSX,xlsx,19742,sha256:9bb1d7abf4d7c6bb00f203042fd3f114bb2f3321e34a7ff919964101aaa0bdee,misc;uncategorized;dutchbay,2025-12-07T02:46:13.410750+00:00,active,v01,uploaded:/mnt/data/Wind_Ingest_MiniCatalog_20251207.xlsx
Wind_Ingest_MiniCatalog_20251207.csv,Raw/Wind_Ingest_MiniCatalog_20251207.csv,Raw,Misc,Uncategorized,DutchBay_Wind_150MW,DB-MISC-0019,CSV,csv,60006,sha256:b3852a353d6356a8964420469682c81c60a01618a9a9532580bf6a562698c74d,misc;uncategorized;dutchbay,2025-12-07T02:46:13.410750+00:00,active,v01,uploaded:/mnt/data/Wind_Ingest_MiniCatalog_20251207.csv
chunk 1-8 investment report dutchbay,Raw/chunk 1-8 investment report dutchbay,Raw,Misc,Uncategorized,DutchBay_Wind_150MW,DB-MISC-0051,,,126628,sha256:31fd13ce216692ba9b30d8301821c55221baf15cc31bb4a580b9789c4279ef07,misc;uncategorized;dutchbay,2025-12-07T02:46:13.410750+00:00,active,v01,uploaded:/mnt/data/chunk 1-8 investment report dutchbay
Largest wind files - separate zip.zip,Raw/Archives/Largest wind files - separate zip.zip,Raw,Archives,ZipBundle,DutchBay_Wind_150MW,DB-ARCH-0017,ZIP,zip,99163167,sha256:76bc3bfc332b8aa3e2902290ee7b5d8bc99b54f69986eb2d02ba98ba133f74c5,archives;zipbundle;dutchbay,2025-12-07T02:46:13.410750+00:00,active,v01,uploaded:/mnt/data/Largest wind files - separate zip.zip
wind farms.zip,Raw/Archives/wind farms.zip,Raw,Archives,ZipBundle,DutchBay_Wind_150MW,DB-ARCH-0021,ZIP,zip,10992751,sha256:3e2494e6e8ed83237b0a2835b113d0489def8fca409e588169fff5703b20b7d3,archives;zipbundle;dutchbay,2025-12-07T02:46:13.410750+00:00,active,v01,uploaded:/mnt/data/wind farms.zip
Archive.zip,Raw/Archives/Archive.zip,Raw,Archives,ZipBundle,DutchBay_Wind_150MW,DB-ARCH-0023,ZIP,zip,2409512,sha256:5fda47b9690df01f006475f9beba7a11db6c579fc51290a193d70ffcb6bb2659,archives;zipbundle;dutchbay,2025-12-07T02:46:13.410750+00:00,active,v01,uploaded:/mnt/data/Archive.zip
dutchbay_unified_project_epc_schema_ready_versioned_smoke.zip,Raw/Archives/dutchbay_unified_project_epc_schema_ready_versioned_smoke.zip,Raw,Archives,ZipBundle,DutchBay_Wind_150MW,DB-ARCH-0025,ZIP,zip,154531,sha256:ce7015112774643b69e6ff8471b41027d628bb81975eaa549db6287053b28730,archives;zipbundle;dutchbay,2025-12-07T02:46:13.410750+00:00,active,v01,uploaded:/mnt/data/dutchbay_unified_project_epc_schema_ready_versioned_smoke.zip
large files from wind - to be zipped separarely.zip,Raw/Archives/large files from wind - to be zipped separarely.zip,Raw,Archives,ZipBundle,DutchBay_Wind_150MW,DB-ARCH-0027,ZIP,zip,26063998,sha256:ec57a5314e836af73c357bf15e99141fed9da540c99ab8962a2f2dc863886ee9,archives;zipbundle;dutchbay,2025-12-07T02:46:13.410750+00:00,active,v01,uploaded:/mnt/data/large files from wind - to be zipped separarely.zip
dutchbay_cashflow_v14_mypyfix.zip,Raw/Archives/dutchbay_cashflow_v14_mypyfix.zip,Raw,Archives,ZipBundle,DutchBay_Wind_150MW,DB-ARCH-0055,ZIP,zip,10835,sha256:ddafa9b5655be781c5b13c84fef0020b4a45bc2817adbf151d98ebd0a3d0a000,archives;zipbundle;dutchbay,2025-12-07T02:46:13.410750+00:00,active,v01,uploaded:/mnt/data/dutchbay_cashflow_v14_mypyfix.zip
DutchBay_RiskHaircut_Patch_20251204.zip,Raw/Archives/DutchBay_RiskHaircut_Patch_20251204.zip,Raw,Archives,ZipBundle,DutchBay_Wind_150MW,DB-ARCH-0059,ZIP,zip,2608,sha256:b8ea8e3dca1e4cbf5ae5a0b08581602c4f7a523bbe4f593b763948e781a4b5fc,archives;zipbundle;dutchbay,2025-12-07T02:46:13.410750+00:00,active,v01,uploaded:/mnt/data/DutchBay_RiskHaircut_Patch_20251204.zip
_fix_run.log,Raw/Archives/Archive/_fix_run.log,,,,,,LOG,log,59340,,,,,,
AAA - instructions for make clean zip.md,Raw/Archives/Archive/AAA - instructions for make clean zip.md,,,,,,MD,md,302,,,,,,
CHEATSHEET.md,Raw/Archives/Archive/CHEATSHEET.md,,,,,,MD,md,6872,,,,,,
check_venv.sh,Raw/Archives/Archive/check_venv.sh,,,,,,SH,sh,6211,,,,,,
constants.py,Raw/Archives/Archive/constants.py,,,,,,PY,py,1942,,,,,,
coverage.xml,Raw/Archives/Archive/coverage.xml,,,,,,XML,xml,156962,,,,,,
dutchbay_bootstrap_rules.py,Raw/Archives/Archive/dutchbay_bootstrap_rules.py,,,,,,PY,py,4446,,,,,,
dutchbay_bootstrap.py,Raw/Archives/Archive/dutchbay_bootstrap.py,,,,,,PY,py,16053,,,,,,
DutchBay_EPC_Model.sublime-project,Raw/Archives/Archive/DutchBay_EPC_Model.sublime-project,,,,,,SUBLIME-PROJECT,sublime-project,879,,,,,,
go_with_the_flow_rules_v3_0_clean.csv,Raw/Archives/Archive/go_with_the_flow_rules_v3_0_clean.csv,,,,,,CSV,csv,18799,,,,,,
install_dev_tools.sh,Raw/Archives/Archive/install_dev_tools.sh,,,,,,SH,sh,955,,,,,,
out.json,Raw/Archives/Archive/out.json,,,,,,JSON,json,88135,,,,,,
phase2b_output.log,Raw/Archives/Archive/phase2b_output.log,,,,,,LOG,log,0,,,,,,
Python (venv311).sublime-build,Raw/Archives/Archive/Python (venv311).sublime-build,,,,,,SUBLIME-BUILD,sublime-build,247,,,,,,
release_manifest.json,Raw/Archives/Archive/release_manifest.json,,,,,,JSON,json,487,,,,,,
RELEASING.md,Raw/Archives/Archive/RELEASING.md,,,,,,MD,md,1112,,,,,,
requirements_dev.txt,Raw/Archives/Archive/requirements_dev.txt,,,,,,TXT,txt,1359,,,,,,
requirements.txt,Raw/Archives/Archive/requirements.txt,,,,,,TXT,txt,3659,,,,,,
ruff.toml,Raw/Archives/Archive/ruff.toml,,,,,,TOML,toml,570,,,,,,
run_all_py_checks.sh,Raw/Archives/Archive/run_all_py_checks.sh,,,,,,SH,sh,1690,,,,,,
run_full_pipeline_v14.py,Raw/Archives/Archive/run_full_pipeline_v14.py,,,,,,PY,py,16602,,,,,,
run_scenario_analytics_v14.log,Raw/Archives/Archive/run_scenario_analytics_v14.log,,,,,,LOG,log,508901,,,,,,
run_scenario_analytics_v14.py,Raw/Archives/Archive/run_scenario_analytics_v14.py,,,,,,PY,py,5446,,,,,,
setup_venv.sh,Raw/Archives/Archive/setup_venv.sh,,,,,,SH,sh,6036,,,,,,
tag_model_release.sh,Raw/Archives/Archive/tag_model_release.sh,,,,,,SH,sh,1584,,,,,,
tox.ini,Raw/Archives/Archive/tox.ini,,,,,,INI,ini,3341,,,,,,
VERSION,Raw/Archives/Archive/VERSION,,,,,,,,6,,,,,,
stub-report.pdf,Raw/Archives/Archive/_out_reporting_cli/stub-report.pdf,,,,,,PDF,pdf,52,,,,,,
stub-report2.pdf,Raw/Archives/Archive/_out_reporting_cli/stub-report2.pdf,,,,,,PDF,pdf,52,,,,,,
._AAA - instructions for make clean zip.md,Raw/Archives/Archive/__MACOSX/._AAA - instructions for make clean zip.md,,,,,,MD,md,276,,,,,,
._CHANGELOG.md,Raw/Archives/Archive/__MACOSX/._CHANGELOG.md,,,,,,MD,md,220,,,,,,
._check_venv.sh,Raw/Archives/Archive/__MACOSX/._check_venv.sh,,,,,,SH,sh,220,,,,,,
._constants.py,Raw/Archives/Archive/__MACOSX/._constants.py,,,,,,PY,py,220,,,,,,
._dutchbay_bootstrap_rules.py,Raw/Archives/Archive/__MACOSX/._dutchbay_bootstrap_rules.py,,,,,,PY,py,220,,,,,,
._dutchbay_bootstrap.py,Raw/Archives/Archive/__MACOSX/._dutchbay_bootstrap.py,,,,,,PY,py,2253,,,,,,
._go_with_the_flow_rules_v3_0_clean.csv,Raw/Archives/Archive/__MACOSX/._go_with_the_flow_rules_v3_0_clean.csv,,,,,,CSV,csv,934,,,,,,
._install_dev_tools.sh,Raw/Archives/Archive/__MACOSX/._install_dev_tools.sh,,,,,,SH,sh,220,,,,,,
._mypy.ini,Raw/Archives/Archive/__MACOSX/._mypy.ini,,,,,,INI,ini,220,,,,,,
._pyproject.toml,Raw/Archives/Archive/__MACOSX/._pyproject.toml,,,,,,TOML,toml,220,,,,,,
._pytest.ini,Raw/Archives/Archive/__MACOSX/._pytest.ini,,,,,,INI,ini,220,,,,,,
._README.md,Raw/Archives/Archive/__MACOSX/._README.md,,,,,,MD,md,220,,,,,,
._ruff.toml,Raw/Archives/Archive/__MACOSX/._ruff.toml,,,,,,TOML,toml,465,,,,,,
._run_all_py_checks.sh,Raw/Archives/Archive/__MACOSX/._run_all_py_checks.sh,,,,,,SH,sh,220,,,,,,
._run_full_pipeline_v14.py,Raw/Archives/Archive/__MACOSX/._run_full_pipeline_v14.py,,,,,,PY,py,220,,,,,,
._run_scenario_analytics_v14.py,Raw/Archives/Archive/__MACOSX/._run_scenario_analytics_v14.py,,,,,,PY,py,220,,,,,,
._schema.md,Raw/Archives/Archive/__MACOSX/._schema.md,,,,,,MD,md,220,,,,,,
._setup_venv.sh,Raw/Archives/Archive/__MACOSX/._setup_venv.sh,,,,,,SH,sh,276,,,,,,
._tag_model_release.sh,Raw/Archives/Archive/__MACOSX/._tag_model_release.sh,,,,,,SH,sh,220,,,,,,
._tox.ini,Raw/Archives/Archive/__MACOSX/._tox.ini,,,,,,INI,ini,2202,,,,,,
._stub-report2.pdf,Raw/Archives/Archive/__MACOSX/_out_reporting_cli/._stub-report2.pdf,,,,,,PDF,pdf,233,,,,,,
._schema_guard.py,Raw/Archives/Archive/__MACOSX/analytics/._schema_guard.py,,,,,,PY,py,220,,,,,,
._sensitivity_v14.py,Raw/Archives/Archive/__MACOSX/analytics/._sensitivity_v14.py,,,,,,PY,py,744,,,,,,
._contracts_v14.py,Raw/Archives/Archive/__MACOSX/analytics/._contracts_v14.py,,,,,,PY,py,220,,,,,,
._config_schema.py,Raw/Archives/Archive/__MACOSX/analytics/._config_schema.py,,,,,,PY,py,220,,,,,,
._export_helpers.py,Raw/Archives/Archive/__MACOSX/analytics/._export_helpers.py,,,,,,PY,py,220,,,,,,
._kpi_normalizer.py,Raw/Archives/Archive/__MACOSX/analytics/._kpi_normalizer.py,,,,,,PY,py,220,,,,,,
._README.md,Raw/Archives/Archive/__MACOSX/analytics/._README.md,,,,,,MD,md,220,,,,,,
._scenario_manager.py,Raw/Archives/Archive/__MACOSX/analytics/._scenario_manager.py,,,,,,PY,py,220,,,,,,
._scenario_analytics.py,Raw/Archives/Archive/__MACOSX/analytics/._scenario_analytics.py,,,,,,PY,py,220,,,,,,
._evaluate_scenario.py,Raw/Archives/Archive/__MACOSX/analytics/._evaluate_scenario.py,,,,,,PY,py,220,,,,,,
._scenario_loader.py,Raw/Archives/Archive/__MACOSX/analytics/._scenario_loader.py,,,,,,PY,py,220,,,,,,
._parameter_solvers.py,Raw/Archives/Archive/__MACOSX/analytics/._parameter_solvers.py,,,,,,PY,py,220,,,,,,
._executive_workbook.py,Raw/Archives/Archive/__MACOSX/analytics/._executive_workbook.py,,,,,,PY,py,220,,,,,,
._metrics.py,Raw/Archives/Archive/__MACOSX/analytics/core/._metrics.py,,,,,,PY,py,276,,,,,,
._epc_helper.py,Raw/Archives/Archive/__MACOSX/analytics/core/._epc_helper.py,,,,,,PY,py,220,,,,,,
._processor.py,Raw/Archives/Archive/__MACOSX/analytics/fx/._processor.py,,,,,,PY,py,220,,,,,,
._returns.py,Raw/Archives/Archive/__MACOSX/analytics/fx/._returns.py,,,,,,PY,py,220,,,,,,
._fx_contracts.py,Raw/Archives/Archive/__MACOSX/analytics/fx/._fx_contracts.py,,,,,,PY,py,220,,,,,,
._README.md,Raw/Archives/Archive/__MACOSX/analytics/fx/._README.md,,,,,,MD,md,220,,,,,,
._risk.py,Raw/Archives/Archive/__MACOSX/analytics/fx/._risk.py,,,,,,PY,py,220,,,,,,
._correlation.py,Raw/Archives/Archive/__MACOSX/analytics/fx/._correlation.py,,,,,,PY,py,220,,,,,,
._fx_loader.py,Raw/Archives/Archive/__MACOSX/analytics/fx/._fx_loader.py,,,,,,PY,py,220,,,,,,
._keystroke on mac os x to reveal hidden files.mhtml,Raw/Archives/Archive/__MACOSX/docs/._keystroke on mac os x to reveal hidden files.mhtml,,,,,,MHTML,mhtml,318,,,,,,
._schema.md,Raw/Archives/Archive/__MACOSX/docs/._schema.md,,,,,,MD,md,220,,,,,,
._ANALYTICS_PRODUCTION_READY.md,Raw/Archives/Archive/__MACOSX/docs/._ANALYTICS_PRODUCTION_READY.md,,,,,,MD,md,220,,,,,,
._Cashflow_v14.py refactoring notes.md,Raw/Archives/Archive/__MACOSX/docs/._Cashflow_v14.py refactoring notes.md,,,,,,MD,md,220,,,,,,
._ANALYTICS_SETUP_COMPLETE.md,Raw/Archives/Archive/__MACOSX/docs/._ANALYTICS_SETUP_COMPLETE.md,,,,,,MD,md,220,,,,,,
._9c3cb031.md,Raw/Archives/Archive/__MACOSX/docs/._9c3cb031.md,,,,,,MD,md,220,,,,,,
._thread migration readiness.md,Raw/Archives/Archive/__MACOSX/docs/._thread migration readiness.md,,,,,,MD,md,220,,,,,,
._wacc_v14.py,Raw/Archives/Archive/__MACOSX/finance/._wacc_v14.py,,,,,,PY,py,220,,,,,,
._scenario_config.py,Raw/Archives/Archive/__MACOSX/finance/._scenario_config.py,,,,,,PY,py,220,,,,,,
._equity_v14.py,Raw/Archives/Archive/__MACOSX/finance/._equity_v14.py,,,,,,PY,py,220,,,,,,
._cashflow_v14.py,Raw/Archives/Archive/__MACOSX/finance/._cashflow_v14.py,,,,,,PY,py,220,,,,,,
._debt_v14.py,Raw/Archives/Archive/__MACOSX/finance/._debt_v14.py,,,,,,PY,py,220,,,,,,
.___init__.py,Raw/Archives/Archive/__MACOSX/finance/.___init__.py,,,,,,PY,py,220,,,,,,
._epc_helper_v14.py,Raw/Archives/Archive/__MACOSX/finance/._epc_helper_v14.py,,,,,,PY,py,220,,,,,,
._irr_config.py,Raw/Archives/Archive/__MACOSX/finance/._irr_config.py,,,,,,PY,py,220,,,,,,
._utils.py,Raw/Archives/Archive/__MACOSX/finance/._utils.py,,,,,,PY,py,220,,,,,,
._tax_v14.py,Raw/Archives/Archive/__MACOSX/finance/._tax_v14.py,,,,,,PY,py,220,,,,,,
._irr.py,Raw/Archives/Archive/__MACOSX/finance/._irr.py,,,,,,PY,py,220,,,,,,
._scenario_matrix.yaml,Raw/Archives/Archive/__MACOSX/inputs/._scenario_matrix.yaml,,,,,,YAML,yaml,220,,,,,,
._coverage_ratios_summary.csv,Raw/Archives/Archive/__MACOSX/outputs/._coverage_ratios_summary.csv,,,,,,CSV,csv,233,,,,,,
._sensitivity_report.md,Raw/Archives/Archive/__MACOSX/outputs/._sensitivity_report.md,,,,,,MD,md,220,,,,,,
._investment_committee_summary_20251114.md,Raw/Archives/Archive/__MACOSX/outputs/._investment_committee_summary_20251114.md,,,,,,MD,md,220,,,,,,
._executive_summary.md,Raw/Archives/Archive/__MACOSX/outputs/._executive_summary.md,,,,,,MD,md,220,,,,,,
._P0-1C_Investment_Committee_Summary.md,Raw/Archives/Archive/__MACOSX/outputs/._P0-1C_Investment_Committee_Summary.md,,,,,,MD,md,220,,,,,,
._dfi_lender_pack.md,Raw/Archives/Archive/__MACOSX/outputs/._dfi_lender_pack.md,,,,,,MD,md,220,,,,,,
._ci_results.json,Raw/Archives/Archive/__MACOSX/outputs/._ci_results.json,,,,,,JSON,json,163,,,,,,
._covenant_compliance_certificate_20251114.md,Raw/Archives/Archive/__MACOSX/outputs/._covenant_compliance_certificate_20251114.md,,,,,,MD,md,220,,,,,,
._covenant_compliance_certificate_template.md,Raw/Archives/Archive/__MACOSX/outputs/._covenant_compliance_certificate_template.md,,,,,,MD,md,220,,,,,,
._phase2_matrix_20251130_004521.csv,Raw/Archives/Archive/__MACOSX/outputs/._phase2_matrix_20251130_004521.csv,,,,,,CSV,csv,333,,,,,,
._run_full_pipeline_v14.log,Raw/Archives/Archive/__MACOSX/outputs/2025-12-04/05-04-42/._run_full_pipeline_v14.log,,,,,,LOG,log,176,,,,,,
._example_b.yaml,Raw/Archives/Archive/__MACOSX/scenarios/._example_b.yaml,,,,,,YAML,yaml,220,,,,,,
._sensitivity_parameters_examples.yaml,Raw/Archives/Archive/__MACOSX/scenarios/._sensitivity_parameters_examples.yaml,,,,,,YAML,yaml,220,,,,,,
._example_b.json,Raw/Archives/Archive/__MACOSX/scenarios/._example_b.json,,,,,,JSON,json,220,,,,,,
._edge_extreme_stress.yaml,Raw/Archives/Archive/__MACOSX/scenarios/._edge_extreme_stress.yaml,,,,,,YAML,yaml,220,,,,,,
._example_a_old.yaml,Raw/Archives/Archive/__MACOSX/scenarios/._example_a_old.yaml,,,,,,YAML,yaml,220,,,,,,
._bad_missing_tax.yaml,Raw/Archives/Archive/__MACOSX/scenarios/._bad_missing_tax.yaml,,,,,,YAML,yaml,220,,,,,,
._dutchbay_lendercase_2025Q4.yaml,Raw/Archives/Archive/__MACOSX/scenarios/._dutchbay_lendercase_2025Q4.yaml,,,,,,YAML,yaml,220,,,,,,
._good_unit_test.yaml,Raw/Archives/Archive/__MACOSX/scenarios/._good_unit_test.yaml,,,,,,YAML,yaml,220,,,,,,
._dutchbay_master_config_v14.yaml,Raw/Archives/Archive/__MACOSX/scenarios/._dutchbay_master_config_v14.yaml,,,,,,YAML,yaml,220,,,,,,
._contracts_edgecase_base_v14.yaml,Raw/Archives/Archive/__MACOSX/scenarios/._contracts_edgecase_base_v14.yaml,,,,,,YAML,yaml,220,,,,,,
._dutchbay_lendercase_2025Q4.yaml.bak,Raw/Archives/Archive/__MACOSX/scenarios/._dutchbay_lendercase_2025Q4.yaml.bak,,,,,,BAK,bak,220,,,,,,
._example_a.yaml,Raw/Archives/Archive/__MACOSX/scenarios/._example_a.yaml,,,,,,YAML,yaml,220,,,,,,
._zz_bad.yaml,Raw/Archives/Archive/__MACOSX/scenarios/_scrtch/._zz_bad.yaml,,,,,,YAML,yaml,220,,,,,,
._research,Raw/Archives/Archive/__MACOSX/scripts/._research,,,,,,,,220,,,,,,
._dutchbay_thread_migration_package.txt,Raw/Archives/Archive/__MACOSX/scripts/._dutchbay_thread_migration_package.txt,,,,,,TXT,txt,220,,,,,,
._go_with_the_flow_ci.py,Raw/Archives/Archive/__MACOSX/scripts/._go_with_the_flow_ci.py,,,,,,PY,py,220,,,,,,
._venv_up.sh,Raw/Archives/Archive/__MACOSX/scripts/._venv_up.sh,,,,,,SH,sh,220,,,,,,
._make_clean_zip.py,Raw/Archives/Archive/__MACOSX/scripts/._make_clean_zip.py,,,,,,PY,py,220,,,,,,
._generate_reports.py,Raw/Archives/Archive/__MACOSX/scripts/reporting/._generate_reports.py,,,,,,PY,py,220,,,,,,
._analyze_directory.py,Raw/Archives/Archive/__MACOSX/scripts/analysis/._analyze_directory.py,,,,,,PY,py,220,,,,,,
._gen_scenario_yaml.py,Raw/Archives/Archive/__MACOSX/scripts/analysis/._gen_scenario_yaml.py,,,,,,PY,py,220,,,,,,
._wacc_engine_yaml.py,Raw/Archives/Archive/__MACOSX/scripts/analysis/._wacc_engine_yaml.py,,,,,,PY,py,220,,,,,,
._model_guard.py,Raw/Archives/Archive/__MACOSX/scripts/ci/._model_guard.py,,,,,,PY,py,220,,,,,,
._ci_structure_check.py,Raw/Archives/Archive/__MACOSX/scripts/ci/._ci_structure_check.py,,,,,,PY,py,220,,,,,,
._dev_quickcheck.sh,Raw/Archives/Archive/__MACOSX/scripts/ci/._dev_quickcheck.sh,,,,,,SH,sh,220,,,,,,
._check_all_py_files.py,Raw/Archives/Archive/__MACOSX/scripts/ci/._check_all_py_files.py,,,,,,PY,py,220,,,,,,
._validate.py,Raw/Archives/Archive/__MACOSX/scripts/ci/._validate.py,,,,,,PY,py,220,,,,,,
._check_staged_py_files.py,Raw/Archives/Archive/__MACOSX/scripts/ci/._check_staged_py_files.py,,,,,,PY,py,220,,,,,,
._ci_phase_c_full.sh,Raw/Archives/Archive/__MACOSX/scripts/ci/._ci_phase_c_full.sh,,,,,,SH,sh,220,,,,,,
._parameter_validation.py,Raw/Archives/Archive/__MACOSX/scripts/ci/._parameter_validation.py,,,,,,PY,py,220,,,,,,
._check_legacy_imports.py,Raw/Archives/Archive/__MACOSX/scripts/ci/._check_legacy_imports.py,,,,,,PY,py,220,,,,,,
._ci_quick.sh,Raw/Archives/Archive/__MACOSX/scripts/ci/._ci_quick.sh,,,,,,SH,sh,220,,,,,,
._check_outputs.sh,Raw/Archives/Archive/__MACOSX/scripts/ci/._check_outputs.sh,,,,,,SH,sh,220,,,,,,
._test_fx_dual_regime_standalone_fixed.py,Raw/Archives/Archive/__MACOSX/scripts/tests/._test_fx_dual_regime_standalone_fixed.py,,,,,,PY,py,220,,,,,,
._test_fx_complete_data.py,Raw/Archives/Archive/__MACOSX/scripts/tests/._test_fx_complete_data.py,,,,,,PY,py,220,,,,,,
._test_returns_module.py,Raw/Archives/Archive/__MACOSX/scripts/tests/._test_returns_module.py,,,,,,PY,py,220,,,,,,
._test_llcr_plcr_real_debt.py,Raw/Archives/Archive/__MACOSX/scripts/tests/._test_llcr_plcr_real_debt.py,,,,,,PY,py,220,,,,,,
._test_irr_quick.py,Raw/Archives/Archive/__MACOSX/scripts/tests/._test_irr_quick.py,,,,,,PY,py,220,,,,,,
._test_markdown_report.py,Raw/Archives/Archive/__MACOSX/scripts/tests/._test_markdown_report.py,,,,,,PY,py,220,,,,,,
._setup_github_auth_https.sh,Raw/Archives/Archive/__MACOSX/scripts/github/._setup_github_auth_https.sh,,,,,,SH,sh,220,,,,,,
._create_v14_analytics_issues.sh,Raw/Archives/Archive/__MACOSX/scripts/github/._create_v14_analytics_issues.sh,,,,,,SH,sh,263,,,,,,
._gh_tools.py,Raw/Archives/Archive/__MACOSX/scripts/github/._gh_tools.py,,,,,,PY,py,276,,,,,,
._auto_close_issues.py,Raw/Archives/Archive/__MACOSX/scripts/github/._auto_close_issues.py,,,,,,PY,py,220,,,,,,
._roll_zip_and_bootstrap.sh,Raw/Archives/Archive/__MACOSX/scripts/build/._roll_zip_and_bootstrap.sh,,,,,,SH,sh,220,,,,,,
._build_zip_from_manifest.py,Raw/Archives/Archive/__MACOSX/scripts/build/._build_zip_from_manifest.py,,,,,,PY,py,220,,,,,,
._make_upload_zip.sh,Raw/Archives/Archive/__MACOSX/scripts/build/._make_upload_zip.sh,,,,,,SH,sh,220,,,,,,
._generate_manifest.py,Raw/Archives/Archive/__MACOSX/scripts/build/._generate_manifest.py,,,,,,PY,py,220,,,,,,
._make_essential_zip.py,Raw/Archives/Archive/__MACOSX/scripts/build/._make_essential_zip.py,,,,,,PY,py,220,,,,,,
._run_import_surface_sweep.sh,Raw/Archives/Archive/__MACOSX/scripts/test_runners/._run_import_surface_sweep.sh,,,,,,SH,sh,220,,,,,,
._run_heavy_modules_suite.sh,Raw/Archives/Archive/__MACOSX/scripts/test_runners/._run_heavy_modules_suite.sh,,,,,,SH,sh,220,,,,,,
._run_all_suites.sh,Raw/Archives/Archive/__MACOSX/scripts/test_runners/._run_all_suites.sh,,,,,,SH,sh,220,,,,,,
._regression_smoke.sh,Raw/Archives/Archive/__MACOSX/scripts/test_runners/._regression_smoke.sh,,,,,,SH,sh,220,,,,,,
._run_next_modules_suite.sh,Raw/Archives/Archive/__MACOSX/scripts/test_runners/._run_next_modules_suite.sh,,,,,,SH,sh,220,,,,,,
._run_next_tests.sh,Raw/Archives/Archive/__MACOSX/scripts/test_runners/._run_next_tests.sh,,,,,,SH,sh,220,,,,,,
._run_cli_scenarios_fast.sh,Raw/Archives/Archive/__MACOSX/scripts/test_runners/._run_cli_scenarios_fast.sh,,,,,,SH,sh,220,,,,,,
._run_heavy_with_shims.sh,Raw/Archives/Archive/__MACOSX/scripts/test_runners/._run_heavy_with_shims.sh,,,,,,SH,sh,220,,,,,,
._run_reporting_hardened.sh,Raw/Archives/Archive/__MACOSX/scripts/test_runners/._run_reporting_hardened.sh,,,,,,SH,sh,220,,,,,,
._run_api_cov_smoke.sh,Raw/Archives/Archive/__MACOSX/scripts/test_runners/._run_api_cov_smoke.sh,,,,,,SH,sh,220,,,,,,
._run_reporting_cli_smoke.sh,Raw/Archives/Archive/__MACOSX/scripts/test_runners/._run_reporting_cli_smoke.sh,,,,,,SH,sh,220,,,,,,
._run_core_hardened.sh,Raw/Archives/Archive/__MACOSX/scripts/test_runners/._run_core_hardened.sh,,,,,,SH,sh,220,,,,,,
._test_scenario_analytics_smoke.py,Raw/Archives/Archive/__MACOSX/tests/._test_scenario_analytics_smoke.py,,,,,,PY,py,220,,,,,,
._test_metrics_integration.py,Raw/Archives/Archive/__MACOSX/tests/._test_metrics_integration.py,,,,,,PY,py,220,,,,,,
._test_fx_config_strictness.py,Raw/Archives/Archive/__MACOSX/tests/._test_fx_config_strictness.py,,,,,,PY,py,220,,,,,,
._test_export_smoke.py,Raw/Archives/Archive/__MACOSX/tests/._test_export_smoke.py,,,,,,PY,py,220,,,,,,
._test_sensitivity_v14.py,Raw/Archives/Archive/__MACOSX/tests/analytics_layer/._test_sensitivity_v14.py,,,,,,PY,py,220,,,,,,
._test_sensitivity_v14_all.py,Raw/Archives/Archive/__MACOSX/tests/analytics_layer/._test_sensitivity_v14_all.py,,,,,,PY,py,220,,,,,,
._test_scenario_analytics_unit_scenario_name_refactored.py,Raw/Archives/Archive/__MACOSX/tests/api/._test_scenario_analytics_unit_scenario_name_refactored.py,,,,,,PY,py,2109,,,,,,
._test_irr_is_singleton_refactored.py,Raw/Archives/Archive/__MACOSX/tests/api/._test_irr_is_singleton_refactored.py,,,,,,PY,py,2195,,,,,,
._test_scenario_analytics_unit_scenario_name.py,Raw/Archives/Archive/__MACOSX/tests/api/._test_scenario_analytics_unit_scenario_name.py,,,,,,PY,py,220,,,,,,
._test_scenario_manager_smoke.py,Raw/Archives/Archive/__MACOSX/tests/api/._test_scenario_manager_smoke.py,,,,,,PY,py,220,,,,,,
._test_debt_v14_construction.py,Raw/Archives/Archive/__MACOSX/tests/api/._test_debt_v14_construction.py,,,,,,PY,py,263,,,,,,
._test_covenants_lendercase_2025Q4.py,Raw/Archives/Archive/__MACOSX/tests/api/._test_covenants_lendercase_2025Q4.py,,,,,,PY,py,220,,,,,,
._test_irr_module.py,Raw/Archives/Archive/__MACOSX/tests/api/._test_irr_module.py,,,,,,PY,py,220,,,,,,
._test_covenants_v14.py,Raw/Archives/Archive/__MACOSX/tests/api/._test_covenants_v14.py,,,,,,PY,py,220,,,,,,
._test_scenario_analytics_schema_guard_integration.py,Raw/Archives/Archive/__MACOSX/tests/api/._test_scenario_analytics_schema_guard_integration.py,,,,,,PY,py,263,,,,,,
._test_config_schema_guard.py,Raw/Archives/Archive/__MACOSX/tests/api/._test_config_schema_guard.py,,,,,,PY,py,220,,,,,,
._test_export_helpers_v14.py,Raw/Archives/Archive/__MACOSX/tests/api/._test_export_helpers_v14.py,,,,,,PY,py,220,,,,,,
summary.json,Raw/Archives/Archive/_regression/summary.json,,,,,,JSON,json,512,,,,,,
report.txt,Raw/Archives/Archive/_regression/report.txt,,,,,,TXT,txt,1251,,,,,,
schema_guard.py,Raw/Archives/Archive/analytics/schema_guard.py,,,,,,PY,py,6640,,,,,,
sensitivity_tail_risk.py,Raw/Archives/Archive/analytics/sensitivity_tail_risk.py,,,,,,PY,py,1619,,,,,,
sensitivity_v14.py,Raw/Archives/Archive/analytics/sensitivity_v14.py,,,,,,PY,py,39220,,,,,,
sensitivity_visualization.py,Raw/Archives/Archive/analytics/sensitivity_visualization.py,,,,,,PY,py,2978,,,,,,
contracts_v14.py,Raw/Archives/Archive/analytics/contracts_v14.py,,,,,,PY,py,34128,,,,,,
config_schema.py,Raw/Archives/Archive/analytics/config_schema.py,,,,,,PY,py,3738,,,,,,
monte_carlo_v14.py,Raw/Archives/Archive/analytics/monte_carlo_v14.py,,,,,,PY,py,25465,,,,,,
sensitivity_export.py,Raw/Archives/Archive/analytics/sensitivity_export.py,,,,,,PY,py,6599,,,,,,
sensitivity_pareto.py,Raw/Archives/Archive/analytics/sensitivity_pareto.py,,,,,,PY,py,2575,,,,,,
export_helpers.py,Raw/Archives/Archive/analytics/export_helpers.py,,,,,,PY,py,26170,,,,,,
kpi_normalizer.py,Raw/Archives/Archive/analytics/kpi_normalizer.py,,,,,,PY,py,4737,,,,,,
scenario_manager.py,Raw/Archives/Archive/analytics/scenario_manager.py,,,,,,PY,py,4747,,,,,,
scenario_analytics.py,Raw/Archives/Archive/analytics/scenario_analytics.py,,,,,,PY,py,20615,,,,,,
evaluate_scenario.py,Raw/Archives/Archive/analytics/evaluate_scenario.py,,,,,,PY,py,6356,,,,,,
scenario_loader.py,Raw/Archives/Archive/analytics/scenario_loader.py,,,,,,PY,py,6050,,,,,,
parameter_solvers.py,Raw/Archives/Archive/analytics/parameter_solvers.py,,,,,,PY,py,6810,,,,,,
sensitivity_heatmap.py,Raw/Archives/Archive/analytics/sensitivity_heatmap.py,,,,,,PY,py,2478,,,,,,
executive_workbook.py,Raw/Archives/Archive/analytics/executive_workbook.py,,,,,,PY,py,2764,,,,,,
metrics.py,Raw/Archives/Archive/analytics/core/metrics.py,,,,,,PY,py,21877,,,,,,
epc_helper.py,Raw/Archives/Archive/analytics/core/epc_helper.py,,,,,,PY,py,155,,,,,,
epc_helper.cpython-311.pyc,Raw/Archives/Archive/analytics/core/__pycache__/epc_helper.cpython-311.pyc,,,,,,PYC,pyc,361,,,,,,
metrics.cpython-311.pyc,Raw/Archives/Archive/analytics/core/__pycache__/metrics.cpython-311.pyc,,,,,,PYC,pyc,17086,,,,,,
processor.py,Raw/Archives/Archive/analytics/fx/processor.py,,,,,,PY,py,14151,,,,,,
returns.py,Raw/Archives/Archive/analytics/fx/returns.py,,,,,,PY,py,13473,,,,,,
fx_contracts.py,Raw/Archives/Archive/analytics/fx/fx_contracts.py,,,,,,PY,py,2631,,,,,,
risk.py,Raw/Archives/Archive/analytics/fx/risk.py,,,,,,PY,py,9693,,,,,,
correlation.py,Raw/Archives/Archive/analytics/fx/correlation.py,,,,,,PY,py,14409,,,,,,
fx_loader.py,Raw/Archives/Archive/analytics/fx/fx_loader.py,,,,,,PY,py,2662,,,,,,
dashboard_demo.py,Raw/Archives/Archive/analytics/sensitivity/dashboard_demo.py,,,,,,PY,py,670,,,,,,
sensitivity_usage_readme.md,Raw/Archives/Archive/analytics/sensitivity/sensitivity_usage_readme.md,,,,,,MD,md,3941,,,,,,
tools.py,Raw/Archives/Archive/analytics/sensitivity/tools.py,,,,,,PY,py,2251,,,,,,
batch.py,Raw/Archives/Archive/analytics/sensitivity/batch.py,,,,,,PY,py,1582,,,,,,
stochastic.py,Raw/Archives/Archive/analytics/sensitivity/stochastic.py,,,,,,PY,py,3715,,,,,,
docstrings.py,Raw/Archives/Archive/analytics/sensitivity/docstrings.py,,,,,,PY,py,1248,,,,,,
validation.py,Raw/Archives/Archive/analytics/sensitivity/validation.py,,,,,,PY,py,2008,,,,,,
monte_carlo_v14.cpython-311.pyc,Raw/Archives/Archive/analytics/__pycache__/monte_carlo_v14.cpython-311.pyc,,,,,,PYC,pyc,28287,,,,,,
kpi_normalizer.cpython-311.pyc,Raw/Archives/Archive/analytics/__pycache__/kpi_normalizer.cpython-311.pyc,,,,,,PYC,pyc,5562,,,,,,
export_helpers.cpython-311.pyc,Raw/Archives/Archive/analytics/__pycache__/export_helpers.cpython-311.pyc,,,,,,PYC,pyc,34731,,,,,,
evaluate_scenario.cpython-311.pyc,Raw/Archives/Archive/analytics/__pycache__/evaluate_scenario.cpython-311.pyc,,,,,,PYC,pyc,6095,,,,,,
executive_workbook.cpython-311.pyc,Raw/Archives/Archive/analytics/__pycache__/executive_workbook.cpython-311.pyc,,,,,,PYC,pyc,3609,,,,,,
parameter_solvers.cpython-311.pyc,Raw/Archives/Archive/analytics/__pycache__/parameter_solvers.cpython-311.pyc,,,,,,PYC,pyc,7659,,,,,,
scenario_loader.cpython-311.pyc,Raw/Archives/Archive/analytics/__pycache__/scenario_loader.cpython-311.pyc,,,,,,PYC,pyc,7155,,,,,,
sensitivity_v14.cpython-311.pyc,Raw/Archives/Archive/analytics/__pycache__/sensitivity_v14.cpython-311.pyc,,,,,,PYC,pyc,36951,,,,,,
contracts_v14.cpython-311.pyc,Raw/Archives/Archive/analytics/__pycache__/contracts_v14.cpython-311.pyc,,,,,,PYC,pyc,40500,,,,,,
scenario_analytics.cpython-311.pyc,Raw/Archives/Archive/analytics/__pycache__/scenario_analytics.cpython-311.pyc,,,,,,PYC,pyc,24532,,,,,,
schema_guard.cpython-311.pyc,Raw/Archives/Archive/analytics/__pycache__/schema_guard.cpython-311.pyc,,,,,,PYC,pyc,8738,,,,,,
config_schema.cpython-311.pyc,Raw/Archives/Archive/analytics/__pycache__/config_schema.cpython-311.pyc,,,,,,PYC,pyc,5270,,,,,,
scenario_manager.cpython-311.pyc,Raw/Archives/Archive/analytics/__pycache__/scenario_manager.cpython-311.pyc,,,,,,PYC,pyc,5512,,,,,,
pysam_runner.py,Raw/Archives/Archive/analytics/pysam_sandbox/pysam_runner.py,,,,,,PY,py,4731,,,,,,
streamlit_app.py,Raw/Archives/Archive/analytics/dashboard/streamlit_app.py,,,,,,PY,py,1722,,,,,,
sensitivity_api.py,Raw/Archives/Archive/api/sensitivity_api.py,,,,,,PY,py,2356,,,,,,
run_full_pipeline_v14.yaml,Raw/Archives/Archive/conf/run_full_pipeline_v14.yaml,,,,,,YAML,yaml,511,,,,,,
scenario_analytics_v14.yaml,Raw/Archives/Archive/conf/scenario_analytics_v14.yaml,,,,,,YAML,yaml,639,,,,,,
run_scenario_analytics_v14.yaml,Raw/Archives/Archive/conf/run_scenario_analytics_v14.yaml,,,,,,YAML,yaml,1018,,,,,,
monte_carlo_defaults.yaml,Raw/Archives/Archive/config/monte_carlo_defaults.yaml,,,,,,YAML,yaml,3361,,,,,,
sensitivity_defaults.yaml,Raw/Archives/Archive/config/sensitivity_defaults.yaml,,,,,,YAML,yaml,5841,,,,,,
THREAD_MIGRATION_PACKAGE.md,Raw/Archives/Archive/docs/THREAD_MIGRATION_PACKAGE.md,,,,,,MD,md,15800,,,,,,
keystroke on mac os x to reveal hidden files.mhtml,Raw/Archives/Archive/docs/keystroke on mac os x to reveal hidden files.mhtml,,,,,,MHTML,mhtml,1019379,,,,,,
executive_workbook_readme.md,Raw/Archives/Archive/docs/executive_workbook_readme.md,,,,,,MD,md,5549,,,,,,
CODEFREEZE.md,Raw/Archives/Archive/docs/CODEFREEZE.md,,,,,,MD,md,558,,,,,,
sensitivity_data_contracts.md,Raw/Archives/Archive/docs/sensitivity_data_contracts.md,,,,,,MD,md,6451,,,,,,
architecture_v14.md,Raw/Archives/Archive/docs/architecture_v14.md,,,,,,MD,md,6971,,,,,,
# ≡ƒÄë Handoff Document: DutchBay EPC Model - Phase C,Raw/Archives/Archive/docs/# ≡ƒÄë Handoff Document: DutchBay EPC Model - Phase C,,,,,,,,12410,,,,,,
equity_v14.py Code Review.md,Raw/Archives/Archive/docs/equity_v14.py Code Review.md,,,,,,MD,md,6090,,,,,,
ANALYTICS_PRODUCTION_READY.md,Raw/Archives/Archive/docs/ANALYTICS_PRODUCTION_READY.md,,,,,,MD,md,6973,,,,,,
Dev_workflow_v14.md,Raw/Archives/Archive/docs/Dev_workflow_v14.md,,,,,,MD,md,8310,,,,,,
Cashflow_v14.py refactoring notes.md,Raw/Archives/Archive/docs/Cashflow_v14.py refactoring notes.md,,,,,,MD,md,30434,,,,,,
ANALYTICS_SETUP_COMPLETE.md,Raw/Archives/Archive/docs/ANALYTICS_SETUP_COMPLETE.md,,,,,,MD,md,12065,,,,,,
debt_v14.py ΓÇö Comprehensive Code Review.md,Raw/Archives/Archive/docs/debt_v14.py ΓÇö Comprehensive Code Review.md,,,,,,MD,md,30873,,,,,,
9c3cb031.md,Raw/Archives/Archive/docs/9c3cb031.md,,,,,,MD,md,9207,,,,,,
cashflow_v14_refactor_baseline.md,Raw/Archives/Archive/docs/cashflow_v14_refactor_baseline.md,,,,,,MD,md,9415,,,,,,
thread migration readiness.md,Raw/Archives/Archive/docs/thread migration readiness.md,,,,,,MD,md,26642,,,,,,
PRE-FLIGHT CHECKLIST.md,Raw/Archives/Archive/docs/PRE-FLIGHT CHECKLIST.md,,,,,,MD,md,11309,,,,,,
v14_analytics_test.xlsx,Raw/Archives/Archive/exports/v14_analytics_test.xlsx,,,,,,XLSX,xlsx,36074,,,,,,
Executive_dutchbay_lendercase_2025Q4.xlsx,Raw/Archives/Archive/exports/Executive_dutchbay_lendercase_2025Q4.xlsx,,,,,,XLSX,xlsx,10972,,,,,,
scenario_summary.csv,Raw/Archives/Archive/exports/scenario_summary.csv,,,,,,CSV,csv,818,,,,,,
custom.xlsx,Raw/Archives/Archive/exports/custom.xlsx,,,,,,XLSX,xlsx,25257,,,,,,
release_v25.xlsx,Raw/Archives/Archive/exports/release_v25.xlsx,,,,,,XLSX,xlsx,28389,,,,,,
.gitkeep,Raw/Archives/Archive/exports/.gitkeep,,,,,,,,65,,,,,,
scenario_timeseries.csv,Raw/Archives/Archive/exports/scenario_timeseries.csv,,,,,,CSV,csv,8567,,,,,,
v14_analytics.xlsx,Raw/Archives/Archive/exports/v14_analytics.xlsx,,,,,,XLSX,xlsx,25256,,,,,,
batch_out.xlsx,Raw/Archives/Archive/exports/batch_out.xlsx,,,,,,XLSX,xlsx,29696,,,,,,
npv_comparison.png,Raw/Archives/Archive/exports/charts/npv_comparison.png,,,,,,PNG,png,87371,,,,,,
dscr_comparison.png,Raw/Archives/Archive/exports/charts/dscr_comparison.png,,,,,,PNG,png,206927,,,,,,
debt_waterfall.png,Raw/Archives/Archive/exports/charts/debt_waterfall.png,,,,,,PNG,png,218511,,,,,,
project_irr_hist.png,Raw/Archives/Archive/exports/Executive_dutchbay_lendercase_2025Q4_charts/project_irr_hist.png,,,,,,PNG,png,12108,,,,,,
dscr_series.png,Raw/Archives/Archive/exports/Executive_dutchbay_lendercase_2025Q4_charts/dscr_series.png,,,,,,PNG,png,21312,,,,,,
project_irr_hist.png,Raw/Archives/Archive/exports/v14_analytics_charts/project_irr_hist.png,,,,,,PNG,png,24136,,,,,,
dscr_series.png,Raw/Archives/Archive/exports/v14_analytics_charts/dscr_series.png,,,,,,PNG,png,45028,,,,,,
wacc_v14.py,Raw/Archives/Archive/finance/wacc_v14.py,,,,,,PY,py,19971,,,,,,
scenario_config.py,Raw/Archives/Archive/finance/scenario_config.py,,,,,,PY,py,3011,,,,,,
equity_v14.py,Raw/Archives/Archive/finance/equity_v14.py,,,,,,PY,py,12683,,,,,,
cashflow_v14.py,Raw/Archives/Archive/finance/cashflow_v14.py,,,,,,PY,py,51305,,,,,,
debt_v14.py,Raw/Archives/Archive/finance/debt_v14.py,,,,,,PY,py,16596,,,,,,
epc_helper_v14.py,Raw/Archives/Archive/finance/epc_helper_v14.py,,,,,,PY,py,15378,,,,,,
irr_config.py,Raw/Archives/Archive/finance/irr_config.py,,,,,,PY,py,4641,,,,,,
tax_v14.py,Raw/Archives/Archive/finance/tax_v14.py,,,,,,PY,py,3430,,,,,,
cashflow_v14.py.bak,Raw/Archives/Archive/finance/cashflow_v14.py.bak,,,,,,BAK,bak,53059,,,,,,
equity_v14.cpython-311.pyc,Raw/Archives/Archive/finance/__pycache__/equity_v14.cpython-311.pyc,,,,,,PYC,pyc,13606,,,,,,
debt_v14.cpython-311.pyc,Raw/Archives/Archive/finance/__pycache__/debt_v14.cpython-311.pyc,,,,,,PYC,pyc,23828,,,,,,
tax_v14.cpython-311.pyc,Raw/Archives/Archive/finance/__pycache__/tax_v14.cpython-311.pyc,,,,,,PYC,pyc,4451,,,,,,
epc_helper_v14.cpython-311.pyc,Raw/Archives/Archive/finance/__pycache__/epc_helper_v14.cpython-311.pyc,,,,,,PYC,pyc,13112,,,,,,
cashflow_v14.cpython-311.pyc,Raw/Archives/Archive/finance/__pycache__/cashflow_v14.cpython-311.pyc,,,,,,PYC,pyc,45901,,,,,,
wacc_v14.cpython-311.pyc,Raw/Archives/Archive/finance/__pycache__/wacc_v14.cpython-311.pyc,,,,,,PYC,pyc,19347,,,,,,
demo_override.yaml,Raw/Archives/Archive/inputs/demo_override.yaml,,,,,,YAML,yaml,25,,,,,,
demo_override_low.yaml,Raw/Archives/Archive/inputs/demo_override_low.yaml,,,,,,YAML,yaml,25,,,,,,
_bad.yaml,Raw/Archives/Archive/inputs/overrides/_bad.yaml,,,,,,YAML,yaml,25,,,,,,
demo_override.yaml,Raw/Archives/Archive/inputs/overrides/demo_override.yaml,,,,,,YAML,yaml,25,,,,,,
demo_override_low.yaml,Raw/Archives/Archive/inputs/overrides/demo_override_low.yaml,,,,,,YAML,yaml,25,,,,,,
debt_smoke.yaml,Raw/Archives/Archive/inputs/overrides/debt_smoke.yaml,,,,,,YAML,yaml,350,,,,,,
fx_data_recent_Period2_2018_2019.yaml,Raw/Archives/Archive/inputs/fxdata/fx_data_recent_Period2_2018_2019.yaml,,,,,,YAML,yaml,4029,,,,,,
fx_data_historical_Decade5_2015_2025.yaml,Raw/Archives/Archive/inputs/fxdata/fx_data_historical_Decade5_2015_2025.yaml,,,,,,YAML,yaml,19921,,,,,,
fx_data_recent_Period1_2016_2017.yaml,Raw/Archives/Archive/inputs/fxdata/fx_data_recent_Period1_2016_2017.yaml,,,,,,YAML,yaml,4005,,,,,,
fx_data_historical_Decade4_2005_2014.yaml,Raw/Archives/Archive/inputs/fxdata/fx_data_historical_Decade4_2005_2014.yaml,,,,,,YAML,yaml,8168,,,,,,
fx_data_recent_Period4_2022_2023.yaml,Raw/Archives/Archive/inputs/fxdata/fx_data_recent_Period4_2022_2023.yaml,,,,,,YAML,yaml,4009,,,,,,
fx_data_recent_Period3_2020_2021.yaml,Raw/Archives/Archive/inputs/fxdata/fx_data_recent_Period3_2020_2021.yaml,,,,,,YAML,yaml,3981,,,,,,
fx_data_recent_Period5_2024_2025.yaml,Raw/Archives/Archive/inputs/fxdata/fx_data_recent_Period5_2024_2025.yaml,,,,,,YAML,yaml,3863,,,,,,
verification_clean.json,Raw/Archives/Archive/outputs/verification_clean.json,,,,,,JSON,json,88645,,,,,,
sensitivity_analysis.csv,Raw/Archives/Archive/outputs/sensitivity_analysis.csv,,,,,,CSV,csv,261,,,,,,
pipeline_result.json,Raw/Archives/Archive/outputs/pipeline_result.json,,,,,,JSON,json,92513,,,,,,
covenant_breach_probabilities.csv,Raw/Archives/Archive/outputs/covenant_breach_probabilities.csv,,,,,,CSV,csv,85,,,,,,
coverage_ratios_summary.csv,Raw/Archives/Archive/outputs/coverage_ratios_summary.csv,,,,,,CSV,csv,857,,,,,,
cleanup_phase1_audit_20251130_003249.txt,Raw/Archives/Archive/outputs/cleanup_phase1_audit_20251130_003249.txt,,,,,,TXT,txt,1081,,,,,,
sensitivity_report.md,Raw/Archives/Archive/outputs/sensitivity_report.md,,,,,,MD,md,1090,,,,,,
phase2_matrix_20251130_005252.csv,Raw/Archives/Archive/outputs/phase2_matrix_20251130_005252.csv,,,,,,CSV,csv,13530,,,,,,
investment_committee_summary_20251114.md,Raw/Archives/Archive/outputs/investment_committee_summary_20251114.md,,,,,,MD,md,3035,,,,,,
debt_diagnostic.json,Raw/Archives/Archive/outputs/debt_diagnostic.json,,,,,,JSON,json,739,,,,,,
executive_summary.md,Raw/Archives/Archive/outputs/executive_summary.md,,,,,,MD,md,2794,,,,,,
P0-1C_Investment_Committee_Summary.md,Raw/Archives/Archive/outputs/P0-1C_Investment_Committee_Summary.md,,,,,,MD,md,3111,,,,,,
dfi_lender_pack.md,Raw/Archives/Archive/outputs/dfi_lender_pack.md,,,,,,MD,md,3004,,,,,,
verification_fixed.json,Raw/Archives/Archive/outputs/verification_fixed.json,,,,,,JSON,json,92513,,,,,,
scenario_full_model_variables_updated_results.csv,Raw/Archives/Archive/outputs/scenario_full_model_variables_updated_results.csv,,,,,,CSV,csv,122,,,,,,
verification.json,Raw/Archives/Archive/outputs/verification.json,,,,,,JSON,json,89427,,,,,,
risk_summary.csv,Raw/Archives/Archive/outputs/risk_summary.csv,,,,,,CSV,csv,267,,,,,,
ci_results.json,Raw/Archives/Archive/outputs/ci_results.json,,,,,,JSON,json,1754,,,,,,
covenant_compliance_certificate_20251114.md,Raw/Archives/Archive/outputs/covenant_compliance_certificate_20251114.md,,,,,,MD,md,2522,,,,,,
covenant_compliance_certificate_template.md,Raw/Archives/Archive/outputs/covenant_compliance_certificate_template.md,,,,,,MD,md,2543,,,,,,
tornado_chart_equity_irr.png,Raw/Archives/Archive/outputs/tornado_chart_equity_irr.png,,,,,,PNG,png,498002,,,,,,
run.json,Raw/Archives/Archive/outputs/run.json,,,,,,JSON,json,490,,,,,,
phase2_matrix_20251130_004521.csv,Raw/Archives/Archive/outputs/phase2_matrix_20251130_004521.csv,,,,,,CSV,csv,13530,,,,,,
run_full_pipeline_v14.log,Raw/Archives/Archive/outputs/2025-12-06/10-33-05/run_full_pipeline_v14.log,,,,,,LOG,log,782,,,,,,
config.yaml,Raw/Archives/Archive/outputs/2025-12-06/10-33-05/.hydra/config.yaml,,,,,,YAML,yaml,99,,,,,,
hydra.yaml,Raw/Archives/Archive/outputs/2025-12-06/10-33-05/.hydra/hydra.yaml,,,,,,YAML,yaml,3485,,,,,,
overrides.yaml,Raw/Archives/Archive/outputs/2025-12-06/10-33-05/.hydra/overrides.yaml,,,,,,YAML,yaml,51,,,,,,
run_full_pipeline_v14.log,Raw/Archives/Archive/outputs/2025-12-06/13-56-58/run_full_pipeline_v14.log,,,,,,LOG,log,782,,,,,,
config.yaml,Raw/Archives/Archive/outputs/2025-12-06/13-56-58/.hydra/config.yaml,,,,,,YAML,yaml,99,,,,,,
hydra.yaml,Raw/Archives/Archive/outputs/2025-12-06/13-56-58/.hydra/hydra.yaml,,,,,,YAML,yaml,3485,,,,,,
overrides.yaml,Raw/Archives/Archive/outputs/2025-12-06/13-56-58/.hydra/overrides.yaml,,,,,,YAML,yaml,51,,,,,,
run_full_pipeline_v14.log,Raw/Archives/Archive/outputs/2025-12-06/10-30-09/run_full_pipeline_v14.log,,,,,,LOG,log,782,,,,,,
config.yaml,Raw/Archives/Archive/outputs/2025-12-06/10-30-09/.hydra/config.yaml,,,,,,YAML,yaml,99,,,,,,
hydra.yaml,Raw/Archives/Archive/outputs/2025-12-06/10-30-09/.hydra/hydra.yaml,,,,,,YAML,yaml,3485,,,,,,
overrides.yaml,Raw/Archives/Archive/outputs/2025-12-06/10-30-09/.hydra/overrides.yaml,,,,,,YAML,yaml,51,,,,,,
run_full_pipeline_v14.log,Raw/Archives/Archive/outputs/2025-12-06/10-44-16/run_full_pipeline_v14.log,,,,,,LOG,log,782,,,,,,
config.yaml,Raw/Archives/Archive/outputs/2025-12-06/10-44-16/.hydra/config.yaml,,,,,,YAML,yaml,99,,,,,,
hydra.yaml,Raw/Archives/Archive/outputs/2025-12-06/10-44-16/.hydra/hydra.yaml,,,,,,YAML,yaml,3485,,,,,,
overrides.yaml,Raw/Archives/Archive/outputs/2025-12-06/10-44-16/.hydra/overrides.yaml,,,,,,YAML,yaml,51,,,,,,
run_full_pipeline_v14.log,Raw/Archives/Archive/outputs/2025-12-06/07-36-35/run_full_pipeline_v14.log,,,,,,LOG,log,845,,,,,,
config.yaml,Raw/Archives/Archive/outputs/2025-12-06/07-36-35/.hydra/config.yaml,,,,,,YAML,yaml,162,,,,,,
hydra.yaml,Raw/Archives/Archive/outputs/2025-12-06/07-36-35/.hydra/hydra.yaml,,,,,,YAML,yaml,3611,,,,,,
overrides.yaml,Raw/Archives/Archive/outputs/2025-12-06/07-36-35/.hydra/overrides.yaml,,,,,,YAML,yaml,114,,,,,,
run_full_pipeline_v14.log,Raw/Archives/Archive/outputs/2025-12-06/10-39-09/run_full_pipeline_v14.log,,,,,,LOG,log,782,,,,,,
config.yaml,Raw/Archives/Archive/outputs/2025-12-06/10-39-09/.hydra/config.yaml,,,,,,YAML,yaml,99,,,,,,
hydra.yaml,Raw/Archives/Archive/outputs/2025-12-06/10-39-09/.hydra/hydra.yaml,,,,,,YAML,yaml,3485,,,,,,
overrides.yaml,Raw/Archives/Archive/outputs/2025-12-06/10-39-09/.hydra/overrides.yaml,,,,,,YAML,yaml,51,,,,,,
run_full_pipeline_v14.log,Raw/Archives/Archive/outputs/2025-12-06/10-43-46/run_full_pipeline_v14.log,,,,,,LOG,log,782,,,,,,
config.yaml,Raw/Archives/Archive/outputs/2025-12-06/10-43-46/.hydra/config.yaml,,,,,,YAML,yaml,99,,,,,,
hydra.yaml,Raw/Archives/Archive/outputs/2025-12-06/10-43-46/.hydra/hydra.yaml,,,,,,YAML,yaml,3485,,,,,,
overrides.yaml,Raw/Archives/Archive/outputs/2025-12-06/10-43-46/.hydra/overrides.yaml,,,,,,YAML,yaml,51,,,,,,
run_full_pipeline_v14.log,Raw/Archives/Archive/outputs/2025-12-06/07-37-35/run_full_pipeline_v14.log,,,,,,LOG,log,0,,,,,,
config.yaml,Raw/Archives/Archive/outputs/2025-12-06/07-37-35/.hydra/config.yaml,,,,,,YAML,yaml,60,,,,,,
hydra.yaml,Raw/Archives/Archive/outputs/2025-12-06/07-37-35/.hydra/hydra.yaml,,,,,,YAML,yaml,3387,,,,,,
overrides.yaml,Raw/Archives/Archive/outputs/2025-12-06/07-37-35/.hydra/overrides.yaml,,,,,,YAML,yaml,3,,,,,,
run_full_pipeline_v14.log,Raw/Archives/Archive/outputs/2025-12-06/19-23-27/run_full_pipeline_v14.log,,,,,,LOG,log,845,,,,,,
config.yaml,Raw/Archives/Archive/outputs/2025-12-06/19-23-27/.hydra/config.yaml,,,,,,YAML,yaml,162,,,,,,
hydra.yaml,Raw/Archives/Archive/outputs/2025-12-06/19-23-27/.hydra/hydra.yaml,,,,,,YAML,yaml,3611,,,,,,
overrides.yaml,Raw/Archives/Archive/outputs/2025-12-06/19-23-27/.hydra/overrides.yaml,,,,,,YAML,yaml,114,,,,,,
run_scenario_analytics_v14.log,Raw/Archives/Archive/outputs/2025-11-29/22-06-01/run_scenario_analytics_v14.log,,,,,,LOG,log,6761,,,,,,
config.yaml,Raw/Archives/Archive/outputs/2025-11-29/22-06-01/.hydra/config.yaml,,,,,,YAML,yaml,178,,,,,,
hydra.yaml,Raw/Archives/Archive/outputs/2025-11-29/22-06-01/.hydra/hydra.yaml,,,,,,YAML,yaml,3575,,,,,,
overrides.yaml,Raw/Archives/Archive/outputs/2025-11-29/22-06-01/.hydra/overrides.yaml,,,,,,YAML,yaml,90,,,,,,
run_scenario_analytics_v14.log,Raw/Archives/Archive/outputs/2025-11-29/22-34-26/run_scenario_analytics_v14.log,,,,,,LOG,log,6372,,,,,,
config.yaml,Raw/Archives/Archive/outputs/2025-11-29/22-34-26/.hydra/config.yaml,,,,,,YAML,yaml,184,,,,,,
hydra.yaml,Raw/Archives/Archive/outputs/2025-11-29/22-34-26/.hydra/hydra.yaml,,,,,,YAML,yaml,3587,,,,,,
overrides.yaml,Raw/Archives/Archive/outputs/2025-11-29/22-34-26/.hydra/overrides.yaml,,,,,,YAML,yaml,96,,,,,,
stdin.log,Raw/Archives/Archive/outputs/2025-11-29/21-15-11/stdin.log,,,,,,LOG,log,0,,,,,,
config.yaml,Raw/Archives/Archive/outputs/2025-11-29/21-15-11/.hydra/config.yaml,,,,,,YAML,yaml,3,,,,,,
hydra.yaml,Raw/Archives/Archive/outputs/2025-11-29/21-15-11/.hydra/hydra.yaml,,,,,,YAML,yaml,3234,,,,,,
overrides.yaml,Raw/Archives/Archive/outputs/2025-11-29/21-15-11/.hydra/overrides.yaml,,,,,,YAML,yaml,3,,,,,,
run_full_pipeline_v14.log,Raw/Archives/Archive/outputs/2025-11-29/21-40-45/run_full_pipeline_v14.log,,,,,,LOG,log,855,,,,,,
config.yaml,Raw/Archives/Archive/outputs/2025-11-29/21-40-45/.hydra/config.yaml,,,,,,YAML,yaml,82,,,,,,
hydra.yaml,Raw/Archives/Archive/outputs/2025-11-29/21-40-45/.hydra/hydra.yaml,,,,,,YAML,yaml,3451,,,,,,
overrides.yaml,Raw/Archives/Archive/outputs/2025-11-29/21-40-45/.hydra/overrides.yaml,,,,,,YAML,yaml,34,,,,,,
run_full_pipeline_v14.log,Raw/Archives/Archive/outputs/2025-11-29/21-32-01/run_full_pipeline_v14.log,,,,,,LOG,log,855,,,,,,
config.yaml,Raw/Archives/Archive/outputs/2025-11-29/21-32-01/.hydra/config.yaml,,,,,,YAML,yaml,82,,,,,,
hydra.yaml,Raw/Archives/Archive/outputs/2025-11-29/21-32-01/.hydra/hydra.yaml,,,,,,YAML,yaml,3451,,,,,,
overrides.yaml,Raw/Archives/Archive/outputs/2025-11-29/21-32-01/.hydra/overrides.yaml,,,,,,YAML,yaml,34,,,,,,
run_scenario_analytics_v14.log,Raw/Archives/Archive/outputs/2025-11-29/22-26-14/run_scenario_analytics_v14.log,,,,,,LOG,log,6372,,,,,,
config.yaml,Raw/Archives/Archive/outputs/2025-11-29/22-26-14/.hydra/config.yaml,,,,,,YAML,yaml,184,,,,,,
hydra.yaml,Raw/Archives/Archive/outputs/2025-11-29/22-26-14/.hydra/hydra.yaml,,,,,,YAML,yaml,3587,,,,,,
overrides.yaml,Raw/Archives/Archive/outputs/2025-11-29/22-26-14/.hydra/overrides.yaml,,,,,,YAML,yaml,96,,,,,,
run_full_pipeline_v14.log,Raw/Archives/Archive/outputs/2025-12-05/07-42-25/run_full_pipeline_v14.log,,,,,,LOG,log,0,,,,,,
config.yaml,Raw/Archives/Archive/outputs/2025-12-05/07-42-25/.hydra/config.yaml,,,,,,YAML,yaml,3866,,,,,,
hydra.yaml,Raw/Archives/Archive/outputs/2025-12-05/07-42-25/.hydra/hydra.yaml,,,,,,YAML,yaml,3397,,,,,,
overrides.yaml,Raw/Archives/Archive/outputs/2025-12-05/07-42-25/.hydra/overrides.yaml,,,,,,YAML,yaml,3,,,,,,
run_full_pipeline_v14.log,Raw/Archives/Archive/outputs/2025-12-05/22-47-06/run_full_pipeline_v14.log,,,,,,LOG,log,210,,,,,,
config.yaml,Raw/Archives/Archive/outputs/2025-12-05/22-47-06/.hydra/config.yaml,,,,,,YAML,yaml,99,,,,,,
hydra.yaml,Raw/Archives/Archive/outputs/2025-12-05/22-47-06/.hydra/hydra.yaml,,,,,,YAML,yaml,3485,,,,,,
overrides.yaml,Raw/Archives/Archive/outputs/2025-12-05/22-47-06/.hydra/overrides.yaml,,,,,,YAML,yaml,51,,,,,,
run_full_pipeline_v14.log,Raw/Archives/Archive/outputs/2025-12-05/07-38-31/run_full_pipeline_v14.log,,,,,,LOG,log,845,,,,,,
config.yaml,Raw/Archives/Archive/outputs/2025-12-05/07-38-31/.hydra/config.yaml,,,,,,YAML,yaml,162,,,,,,
hydra.yaml,Raw/Archives/Archive/outputs/2025-12-05/07-38-31/.hydra/hydra.yaml,,,,,,YAML,yaml,3611,,,,,,
overrides.yaml,Raw/Archives/Archive/outputs/2025-12-05/07-38-31/.hydra/overrides.yaml,,,,,,YAML,yaml,114,,,,,,
run_full_pipeline_v14.log,Raw/Archives/Archive/outputs/2025-12-05/22-55-21/run_full_pipeline_v14.log,,,,,,LOG,log,210,,,,,,
config.yaml,Raw/Archives/Archive/outputs/2025-12-05/22-55-21/.hydra/config.yaml,,,,,,YAML,yaml,99,,,,,,
hydra.yaml,Raw/Archives/Archive/outputs/2025-12-05/22-55-21/.hydra/hydra.yaml,,,,,,YAML,yaml,3485,,,,,,
overrides.yaml,Raw/Archives/Archive/outputs/2025-12-05/22-55-21/.hydra/overrides.yaml,,,,,,YAML,yaml,51,,,,,,
run_full_pipeline_v14.log,Raw/Archives/Archive/outputs/2025-12-05/07-50-33/run_full_pipeline_v14.log,,,,,,LOG,log,782,,,,,,
config.yaml,Raw/Archives/Archive/outputs/2025-12-05/07-50-33/.hydra/config.yaml,,,,,,YAML,yaml,112,,,,,,
hydra.yaml,Raw/Archives/Archive/outputs/2025-12-05/07-50-33/.hydra/hydra.yaml,,,,,,YAML,yaml,3613,,,,,,
overrides.yaml,Raw/Archives/Archive/outputs/2025-12-05/07-50-33/.hydra/overrides.yaml,,,,,,YAML,yaml,113,,,,,,
run_full_pipeline_v14.log,Raw/Archives/Archive/outputs/2025-12-05/22-59-09/run_full_pipeline_v14.log,,,,,,LOG,log,782,,,,,,
config.yaml,Raw/Archives/Archive/outputs/2025-12-05/22-59-09/.hydra/config.yaml,,,,,,YAML,yaml,99,,,,,,
hydra.yaml,Raw/Archives/Archive/outputs/2025-12-05/22-59-09/.hydra/hydra.yaml,,,,,,YAML,yaml,3485,,,,,,
overrides.yaml,Raw/Archives/Archive/outputs/2025-12-05/22-59-09/.hydra/overrides.yaml,,,,,,YAML,yaml,51,,,,,,
run_full_pipeline_v14.log,Raw/Archives/Archive/outputs/2025-12-05/23-01-44/run_full_pipeline_v14.log,,,,,,LOG,log,782,,,,,,
config.yaml,Raw/Archives/Archive/outputs/2025-12-05/23-01-44/.hydra/config.yaml,,,,,,YAML,yaml,137,,,,,,
hydra.yaml,Raw/Archives/Archive/outputs/2025-12-05/23-01-44/.hydra/hydra.yaml,,,,,,YAML,yaml,3561,,,,,,
overrides.yaml,Raw/Archives/Archive/outputs/2025-12-05/23-01-44/.hydra/overrides.yaml,,,,,,YAML,yaml,88,,,,,,
run_full_pipeline_v14.log,Raw/Archives/Archive/outputs/2025-12-05/23-00-52/run_full_pipeline_v14.log,,,,,,LOG,log,782,,,,,,
config.yaml,Raw/Archives/Archive/outputs/2025-12-05/23-00-52/.hydra/config.yaml,,,,,,YAML,yaml,99,,,,,,
hydra.yaml,Raw/Archives/Archive/outputs/2025-12-05/23-00-52/.hydra/hydra.yaml,,,,,,YAML,yaml,3485,,,,,,
overrides.yaml,Raw/Archives/Archive/outputs/2025-12-05/23-00-52/.hydra/overrides.yaml,,,,,,YAML,yaml,51,,,,,,
run_full_pipeline_v14.log,Raw/Archives/Archive/outputs/2025-12-05/23-24-08/run_full_pipeline_v14.log,,,,,,LOG,log,980,,,,,,
config.yaml,Raw/Archives/Archive/outputs/2025-12-05/23-24-08/.hydra/config.yaml,,,,,,YAML,yaml,99,,,,,,
hydra.yaml,Raw/Archives/Archive/outputs/2025-12-05/23-24-08/.hydra/hydra.yaml,,,,,,YAML,yaml,3485,,,,,,
overrides.yaml,Raw/Archives/Archive/outputs/2025-12-05/23-24-08/.hydra/overrides.yaml,,,,,,YAML,yaml,51,,,,,,
run_full_pipeline_v14.log,Raw/Archives/Archive/outputs/2025-12-05/22-20-47/run_full_pipeline_v14.log,,,,,,LOG,log,685,,,,,,
config.yaml,Raw/Archives/Archive/outputs/2025-12-05/22-20-47/.hydra/config.yaml,,,,,,YAML,yaml,98,,,,,,
hydra.yaml,Raw/Archives/Archive/outputs/2025-12-05/22-20-47/.hydra/hydra.yaml,,,,,,YAML,yaml,3531,,,,,,
overrides.yaml,Raw/Archives/Archive/outputs/2025-12-05/22-20-47/.hydra/overrides.yaml,,,,,,YAML,yaml,73,,,,,,
run_full_pipeline_v14.log,Raw/Archives/Archive/outputs/2025-12-05/08-46-41/run_full_pipeline_v14.log,,,,,,LOG,log,782,,,,,,
config.yaml,Raw/Archives/Archive/outputs/2025-12-05/08-46-41/.hydra/config.yaml,,,,,,YAML,yaml,112,,,,,,
hydra.yaml,Raw/Archives/Archive/outputs/2025-12-05/08-46-41/.hydra/hydra.yaml,,,,,,YAML,yaml,3613,,,,,,
overrides.yaml,Raw/Archives/Archive/outputs/2025-12-05/08-46-41/.hydra/overrides.yaml,,,,,,YAML,yaml,113,,,,,,
run_full_pipeline_v14.log,Raw/Archives/Archive/outputs/2025-12-05/06-41-25/run_full_pipeline_v14.log,,,,,,LOG,log,845,,,,,,
config.yaml,Raw/Archives/Archive/outputs/2025-12-05/06-41-25/.hydra/config.yaml,,,,,,YAML,yaml,162,,,,,,
hydra.yaml,Raw/Archives/Archive/outputs/2025-12-05/06-41-25/.hydra/hydra.yaml,,,,,,YAML,yaml,3611,,,,,,
overrides.yaml,Raw/Archives/Archive/outputs/2025-12-05/06-41-25/.hydra/overrides.yaml,,,,,,YAML,yaml,114,,,,,,
run_full_pipeline_v14.log,Raw/Archives/Archive/outputs/2025-12-05/22-49-03/run_full_pipeline_v14.log,,,,,,LOG,log,210,,,,,,
config.yaml,Raw/Archives/Archive/outputs/2025-12-05/22-49-03/.hydra/config.yaml,,,,,,YAML,yaml,99,,,,,,
hydra.yaml,Raw/Archives/Archive/outputs/2025-12-05/22-49-03/.hydra/hydra.yaml,,,,,,YAML,yaml,3485,,,,,,
overrides.yaml,Raw/Archives/Archive/outputs/2025-12-05/22-49-03/.hydra/overrides.yaml,,,,,,YAML,yaml,51,,,,,,
run_full_pipeline_v14.log,Raw/Archives/Archive/outputs/2025-12-02/17-00-53/run_full_pipeline_v14.log,,,,,,LOG,log,836,,,,,,
config.yaml,Raw/Archives/Archive/outputs/2025-12-02/17-00-53/.hydra/config.yaml,,,,,,YAML,yaml,162,,,,,,
hydra.yaml,Raw/Archives/Archive/outputs/2025-12-02/17-00-53/.hydra/hydra.yaml,,,,,,YAML,yaml,3611,,,,,,
overrides.yaml,Raw/Archives/Archive/outputs/2025-12-02/17-00-53/.hydra/overrides.yaml,,,,,,YAML,yaml,114,,,,,,
run_full_pipeline_v14.log,Raw/Archives/Archive/outputs/2025-12-02/20-10-17/run_full_pipeline_v14.log,,,,,,LOG,log,924,,,,,,
config.yaml,Raw/Archives/Archive/outputs/2025-12-02/20-10-17/.hydra/config.yaml,,,,,,YAML,yaml,82,,,,,,
hydra.yaml,Raw/Archives/Archive/outputs/2025-12-02/20-10-17/.hydra/hydra.yaml,,,,,,YAML,yaml,3451,,,,,,
overrides.yaml,Raw/Archives/Archive/outputs/2025-12-02/20-10-17/.hydra/overrides.yaml,,,,,,YAML,yaml,34,,,,,,
run_full_pipeline_v14.log,Raw/Archives/Archive/outputs/2025-12-02/20-08-40/run_full_pipeline_v14.log,,,,,,LOG,log,1022,,,,,,
config.yaml,Raw/Archives/Archive/outputs/2025-12-02/20-08-40/.hydra/config.yaml,,,,,,YAML,yaml,162,,,,,,
hydra.yaml,Raw/Archives/Archive/outputs/2025-12-02/20-08-40/.hydra/hydra.yaml,,,,,,YAML,yaml,3611,,,,,,
overrides.yaml,Raw/Archives/Archive/outputs/2025-12-02/20-08-40/.hydra/overrides.yaml,,,,,,YAML,yaml,114,,,,,,
run_full_pipeline_v14.log,Raw/Archives/Archive/outputs/2025-12-02/20-00-51/run_full_pipeline_v14.log,,,,,,LOG,log,1022,,,,,,
config.yaml,Raw/Archives/Archive/outputs/2025-12-02/20-00-51/.hydra/config.yaml,,,,,,YAML,yaml,162,,,,,,
hydra.yaml,Raw/Archives/Archive/outputs/2025-12-02/20-00-51/.hydra/hydra.yaml,,,,,,YAML,yaml,3611,,,,,,
overrides.yaml,Raw/Archives/Archive/outputs/2025-12-02/20-00-51/.hydra/overrides.yaml,,,,,,YAML,yaml,114,,,,,,
run_full_pipeline_v14.log,Raw/Archives/Archive/outputs/2025-12-02/20-55-34/run_full_pipeline_v14.log,,,,,,LOG,log,1022,,,,,,
config.yaml,Raw/Archives/Archive/outputs/2025-12-02/20-55-34/.hydra/config.yaml,,,,,,YAML,yaml,162,,,,,,
hydra.yaml,Raw/Archives/Archive/outputs/2025-12-02/20-55-34/.hydra/hydra.yaml,,,,,,YAML,yaml,3611,,,,,,
overrides.yaml,Raw/Archives/Archive/outputs/2025-12-02/20-55-34/.hydra/overrides.yaml,,,,,,YAML,yaml,114,,,,,,
run_full_pipeline_v14.log,Raw/Archives/Archive/outputs/2025-12-02/20-55-56/run_full_pipeline_v14.log,,,,,,LOG,log,1022,,,,,,
config.yaml,Raw/Archives/Archive/outputs/2025-12-02/20-55-56/.hydra/config.yaml,,,,,,YAML,yaml,162,,,,,,
hydra.yaml,Raw/Archives/Archive/outputs/2025-12-02/20-55-56/.hydra/hydra.yaml,,,,,,YAML,yaml,3611,,,,,,
overrides.yaml,Raw/Archives/Archive/outputs/2025-12-02/20-55-56/.hydra/overrides.yaml,,,,,,YAML,yaml,114,,,,,,
run_full_pipeline_v14.log,Raw/Archives/Archive/outputs/2025-12-02/21-14-28/run_full_pipeline_v14.log,,,,,,LOG,log,1022,,,,,,
config.yaml,Raw/Archives/Archive/outputs/2025-12-02/21-14-28/.hydra/config.yaml,,,,,,YAML,yaml,162,,,,,,
hydra.yaml,Raw/Archives/Archive/outputs/2025-12-02/21-14-28/.hydra/hydra.yaml,,,,,,YAML,yaml,3611,,,,,,
overrides.yaml,Raw/Archives/Archive/outputs/2025-12-02/21-14-28/.hydra/overrides.yaml,,,,,,YAML,yaml,114,,,,,,
run_full_pipeline_v14.log,Raw/Archives/Archive/outputs/2025-12-02/16-26-21/run_full_pipeline_v14.log,,,,,,LOG,log,0,,,,,,
config.yaml,Raw/Archives/Archive/outputs/2025-12-02/16-26-21/.hydra/config.yaml,,,,,,YAML,yaml,60,,,,,,
hydra.yaml,Raw/Archives/Archive/outputs/2025-12-02/16-26-21/.hydra/hydra.yaml,,,,,,YAML,yaml,3387,,,,,,
overrides.yaml,Raw/Archives/Archive/outputs/2025-12-02/16-26-21/.hydra/overrides.yaml,,,,,,YAML,yaml,3,,,,,,
run_full_pipeline_v14.log,Raw/Archives/Archive/outputs/2025-12-02/20-53-47/run_full_pipeline_v14.log,,,,,,LOG,log,1022,,,,,,
config.yaml,Raw/Archives/Archive/outputs/2025-12-02/20-53-47/.hydra/config.yaml,,,,,,YAML,yaml,162,,,,,,
hydra.yaml,Raw/Archives/Archive/outputs/2025-12-02/20-53-47/.hydra/hydra.yaml,,,,,,YAML,yaml,3611,,,,,,
overrides.yaml,Raw/Archives/Archive/outputs/2025-12-02/20-53-47/.hydra/overrides.yaml,,,,,,YAML,yaml,114,,,,,,
run_full_pipeline_v14.log,Raw/Archives/Archive/outputs/2025-12-02/19-47-57/run_full_pipeline_v14.log,,,,,,LOG,log,1022,,,,,,
config.yaml,Raw/Archives/Archive/outputs/2025-12-02/19-47-57/.hydra/config.yaml,,,,,,YAML,yaml,162,,,,,,
hydra.yaml,Raw/Archives/Archive/outputs/2025-12-02/19-47-57/.hydra/hydra.yaml,,,,,,YAML,yaml,3611,,,,,,
overrides.yaml,Raw/Archives/Archive/outputs/2025-12-02/19-47-57/.hydra/overrides.yaml,,,,,,YAML,yaml,114,,,,,,
run_full_pipeline_v14.log,Raw/Archives/Archive/outputs/2025-12-02/20-00-15/run_full_pipeline_v14.log,,,,,,LOG,log,1022,,,,,,
config.yaml,Raw/Archives/Archive/outputs/2025-12-02/20-00-15/.hydra/config.yaml,,,,,,YAML,yaml,162,,,,,,
hydra.yaml,Raw/Archives/Archive/outputs/2025-12-02/20-00-15/.hydra/hydra.yaml,,,,,,YAML,yaml,3611,,,,,,
overrides.yaml,Raw/Archives/Archive/outputs/2025-12-02/20-00-15/.hydra/overrides.yaml,,,,,,YAML,yaml,114,,,,,,
run_full_pipeline_v14.log,Raw/Archives/Archive/outputs/2025-12-02/16-26-41/run_full_pipeline_v14.log,,,,,,LOG,log,855,,,,,,
config.yaml,Raw/Archives/Archive/outputs/2025-12-02/16-26-41/.hydra/config.yaml,,,,,,YAML,yaml,82,,,,,,
hydra.yaml,Raw/Archives/Archive/outputs/2025-12-02/16-26-41/.hydra/hydra.yaml,,,,,,YAML,yaml,3451,,,,,,
overrides.yaml,Raw/Archives/Archive/outputs/2025-12-02/16-26-41/.hydra/overrides.yaml,,,,,,YAML,yaml,34,,,,,,
run_full_pipeline_v14.log,Raw/Archives/Archive/outputs/2025-12-02/20-15-07/run_full_pipeline_v14.log,,,,,,LOG,log,959,,,,,,
config.yaml,Raw/Archives/Archive/outputs/2025-12-02/20-15-07/.hydra/config.yaml,,,,,,YAML,yaml,99,,,,,,
hydra.yaml,Raw/Archives/Archive/outputs/2025-12-02/20-15-07/.hydra/hydra.yaml,,,,,,YAML,yaml,3485,,,,,,
overrides.yaml,Raw/Archives/Archive/outputs/2025-12-02/20-15-07/.hydra/overrides.yaml,,,,,,YAML,yaml,51,,,,,,
run_full_pipeline_v14.log,Raw/Archives/Archive/outputs/2025-12-03/17-27-21/run_full_pipeline_v14.log,,,,,,LOG,log,690,,,,,,
config.yaml,Raw/Archives/Archive/outputs/2025-12-03/17-27-21/.hydra/config.yaml,,,,,,YAML,yaml,162,,,,,,
hydra.yaml,Raw/Archives/Archive/outputs/2025-12-03/17-27-21/.hydra/hydra.yaml,,,,,,YAML,yaml,3611,,,,,,
overrides.yaml,Raw/Archives/Archive/outputs/2025-12-03/17-27-21/.hydra/overrides.yaml,,,,,,YAML,yaml,114,,,,,,
run_full_pipeline_v14.log,Raw/Archives/Archive/outputs/2025-12-03/03-37-41/run_full_pipeline_v14.log,,,,,,LOG,log,1126,,,,,,
config.yaml,Raw/Archives/Archive/outputs/2025-12-03/03-37-41/.hydra/config.yaml,,,,,,YAML,yaml,162,,,,,,
hydra.yaml,Raw/Archives/Archive/outputs/2025-12-03/03-37-41/.hydra/hydra.yaml,,,,,,YAML,yaml,3611,,,,,,
overrides.yaml,Raw/Archives/Archive/outputs/2025-12-03/03-37-41/.hydra/overrides.yaml,,,,,,YAML,yaml,114,,,,,,
run_full_pipeline_v14.log,Raw/Archives/Archive/outputs/2025-12-03/04-42-25/run_full_pipeline_v14.log,,,,,,LOG,log,941,,,,,,
config.yaml,Raw/Archives/Archive/outputs/2025-12-03/04-42-25/.hydra/config.yaml,,,,,,YAML,yaml,162,,,,,,
hydra.yaml,Raw/Archives/Archive/outputs/2025-12-03/04-42-25/.hydra/hydra.yaml,,,,,,YAML,yaml,3611,,,,,,
overrides.yaml,Raw/Archives/Archive/outputs/2025-12-03/04-42-25/.hydra/overrides.yaml,,,,,,YAML,yaml,114,,,,,,
run_full_pipeline_v14.log,Raw/Archives/Archive/outputs/2025-12-03/04-33-15/run_full_pipeline_v14.log,,,,,,LOG,log,941,,,,,,
config.yaml,Raw/Archives/Archive/outputs/2025-12-03/04-33-15/.hydra/config.yaml,,,,,,YAML,yaml,162,,,,,,
hydra.yaml,Raw/Archives/Archive/outputs/2025-12-03/04-33-15/.hydra/hydra.yaml,,,,,,YAML,yaml,3611,,,,,,
overrides.yaml,Raw/Archives/Archive/outputs/2025-12-03/04-33-15/.hydra/overrides.yaml,,,,,,YAML,yaml,114,,,,,,
run_full_pipeline_v14.log,Raw/Archives/Archive/outputs/2025-12-03/21-38-15/run_full_pipeline_v14.log,,,,,,LOG,log,690,,,,,,
config.yaml,Raw/Archives/Archive/outputs/2025-12-03/21-38-15/.hydra/config.yaml,,,,,,YAML,yaml,162,,,,,,
hydra.yaml,Raw/Archives/Archive/outputs/2025-12-03/21-38-15/.hydra/hydra.yaml,,,,,,YAML,yaml,3611,,,,,,
overrides.yaml,Raw/Archives/Archive/outputs/2025-12-03/21-38-15/.hydra/overrides.yaml,,,,,,YAML,yaml,114,,,,,,
run_full_pipeline_v14.log,Raw/Archives/Archive/outputs/2025-12-03/04-00-40/run_full_pipeline_v14.log,,,,,,LOG,log,941,,,,,,
config.yaml,Raw/Archives/Archive/outputs/2025-12-03/04-00-40/.hydra/config.yaml,,,,,,YAML,yaml,162,,,,,,
hydra.yaml,Raw/Archives/Archive/outputs/2025-12-03/04-00-40/.hydra/hydra.yaml,,,,,,YAML,yaml,3611,,,,,,
overrides.yaml,Raw/Archives/Archive/outputs/2025-12-03/04-00-40/.hydra/overrides.yaml,,,,,,YAML,yaml,114,,,,,,
run_full_pipeline_v14.log,Raw/Archives/Archive/outputs/2025-12-03/03-37-44/run_full_pipeline_v14.log,,,,,,LOG,log,1126,,,,,,
config.yaml,Raw/Archives/Archive/outputs/2025-12-03/03-37-44/.hydra/config.yaml,,,,,,YAML,yaml,99,,,,,,
hydra.yaml,Raw/Archives/Archive/outputs/2025-12-03/03-37-44/.hydra/hydra.yaml,,,,,,YAML,yaml,3485,,,,,,
overrides.yaml,Raw/Archives/Archive/outputs/2025-12-03/03-37-44/.hydra/overrides.yaml,,,,,,YAML,yaml,51,,,,,,
run_full_pipeline_v14.log,Raw/Archives/Archive/outputs/2025-12-03/16-07-46/run_full_pipeline_v14.log,,,,,,LOG,log,690,,,,,,
config.yaml,Raw/Archives/Archive/outputs/2025-12-03/16-07-46/.hydra/config.yaml,,,,,,YAML,yaml,162,,,,,,
hydra.yaml,Raw/Archives/Archive/outputs/2025-12-03/16-07-46/.hydra/hydra.yaml,,,,,,YAML,yaml,3611,,,,,,
overrides.yaml,Raw/Archives/Archive/outputs/2025-12-03/16-07-46/.hydra/overrides.yaml,,,,,,YAML,yaml,114,,,,,,
run_full_pipeline_v14.log,Raw/Archives/Archive/outputs/2025-12-03/04-27-29/run_full_pipeline_v14.log,,,,,,LOG,log,941,,,,,,
config.yaml,Raw/Archives/Archive/outputs/2025-12-03/04-27-29/.hydra/config.yaml,,,,,,YAML,yaml,162,,,,,,
hydra.yaml,Raw/Archives/Archive/outputs/2025-12-03/04-27-29/.hydra/hydra.yaml,,,,,,YAML,yaml,3611,,,,,,
overrides.yaml,Raw/Archives/Archive/outputs/2025-12-03/04-27-29/.hydra/overrides.yaml,,,,,,YAML,yaml,114,,,,,,
run_full_pipeline_v14.log,Raw/Archives/Archive/outputs/2025-12-03/14-43-46/run_full_pipeline_v14.log,,,,,,LOG,log,690,,,,,,
config.yaml,Raw/Archives/Archive/outputs/2025-12-03/14-43-46/.hydra/config.yaml,,,,,,YAML,yaml,162,,,,,,
hydra.yaml,Raw/Archives/Archive/outputs/2025-12-03/14-43-46/.hydra/hydra.yaml,,,,,,YAML,yaml,3611,,,,,,
overrides.yaml,Raw/Archives/Archive/outputs/2025-12-03/14-43-46/.hydra/overrides.yaml,,,,,,YAML,yaml,114,,,,,,
run_full_pipeline_v14.log,Raw/Archives/Archive/outputs/2025-12-04/14-48-27/run_full_pipeline_v14.log,,,,,,LOG,log,1071,,,,,,
config.yaml,Raw/Archives/Archive/outputs/2025-12-04/14-48-27/.hydra/config.yaml,,,,,,YAML,yaml,162,,,,,,
hydra.yaml,Raw/Archives/Archive/outputs/2025-12-04/14-48-27/.hydra/hydra.yaml,,,,,,YAML,yaml,3611,,,,,,
overrides.yaml,Raw/Archives/Archive/outputs/2025-12-04/14-48-27/.hydra/overrides.yaml,,,,,,YAML,yaml,114,,,,,,
run_full_pipeline_v14.log,Raw/Archives/Archive/outputs/2025-12-04/07-29-06/run_full_pipeline_v14.log,,,,,,LOG,log,926,,,,,,
config.yaml,Raw/Archives/Archive/outputs/2025-12-04/07-29-06/.hydra/config.yaml,,,,,,YAML,yaml,162,,,,,,
hydra.yaml,Raw/Archives/Archive/outputs/2025-12-04/07-29-06/.hydra/hydra.yaml,,,,,,YAML,yaml,3611,,,,,,
overrides.yaml,Raw/Archives/Archive/outputs/2025-12-04/07-29-06/.hydra/overrides.yaml,,,,,,YAML,yaml,114,,,,,,
run_full_pipeline_v14.log,Raw/Archives/Archive/outputs/2025-12-04/23-22-15/run_full_pipeline_v14.log,,,,,,LOG,log,647,,,,,,
config.yaml,Raw/Archives/Archive/outputs/2025-12-04/23-22-15/.hydra/config.yaml,,,,,,YAML,yaml,99,,,,,,
hydra.yaml,Raw/Archives/Archive/outputs/2025-12-04/23-22-15/.hydra/hydra.yaml,,,,,,YAML,yaml,3485,,,,,,
overrides.yaml,Raw/Archives/Archive/outputs/2025-12-04/23-22-15/.hydra/overrides.yaml,,,,,,YAML,yaml,51,,,,,,
run_full_pipeline_v14.log,Raw/Archives/Archive/outputs/2025-12-04/06-07-53/run_full_pipeline_v14.log,,,,,,LOG,log,690,,,,,,
config.yaml,Raw/Archives/Archive/outputs/2025-12-04/06-07-53/.hydra/config.yaml,,,,,,YAML,yaml,162,,,,,,
hydra.yaml,Raw/Archives/Archive/outputs/2025-12-04/06-07-53/.hydra/hydra.yaml,,,,,,YAML,yaml,3611,,,,,,
overrides.yaml,Raw/Archives/Archive/outputs/2025-12-04/06-07-53/.hydra/overrides.yaml,,,,,,YAML,yaml,114,,,,,,
run_full_pipeline_v14.log,Raw/Archives/Archive/outputs/2025-12-04/17-01-54/run_full_pipeline_v14.log,,,,,,LOG,log,823,,,,,,
config.yaml,Raw/Archives/Archive/outputs/2025-12-04/17-01-54/.hydra/config.yaml,,,,,,YAML,yaml,162,,,,,,
hydra.yaml,Raw/Archives/Archive/outputs/2025-12-04/17-01-54/.hydra/hydra.yaml,,,,,,YAML,yaml,3611,,,,,,
overrides.yaml,Raw/Archives/Archive/outputs/2025-12-04/17-01-54/.hydra/overrides.yaml,,,,,,YAML,yaml,114,,,,,,
run_full_pipeline_v14.log,Raw/Archives/Archive/outputs/2025-12-04/06-28-31/run_full_pipeline_v14.log,,,,,,LOG,log,690,,,,,,
config.yaml,Raw/Archives/Archive/outputs/2025-12-04/06-28-31/.hydra/config.yaml,,,,,,YAML,yaml,162,,,,,,
hydra.yaml,Raw/Archives/Archive/outputs/2025-12-04/06-28-31/.hydra/hydra.yaml,,,,,,YAML,yaml,3611,,,,,,
overrides.yaml,Raw/Archives/Archive/outputs/2025-12-04/06-28-31/.hydra/overrides.yaml,,,,,,YAML,yaml,114,,,,,,
run_full_pipeline_v14.log,Raw/Archives/Archive/outputs/2025-12-04/05-52-09/run_full_pipeline_v14.log,,,,,,LOG,log,690,,,,,,
config.yaml,Raw/Archives/Archive/outputs/2025-12-04/05-52-09/.hydra/config.yaml,,,,,,YAML,yaml,162,,,,,,
hydra.yaml,Raw/Archives/Archive/outputs/2025-12-04/05-52-09/.hydra/hydra.yaml,,,,,,YAML,yaml,3611,,,,,,
overrides.yaml,Raw/Archives/Archive/outputs/2025-12-04/05-52-09/.hydra/overrides.yaml,,,,,,YAML,yaml,114,,,,,,
run_full_pipeline_v14.log,Raw/Archives/Archive/outputs/2025-12-04/22-06-40/run_full_pipeline_v14.log,,,,,,LOG,log,0,,,,,,
config.yaml,Raw/Archives/Archive/outputs/2025-12-04/22-06-40/.hydra/config.yaml,,,,,,YAML,yaml,3866,,,,,,
hydra.yaml,Raw/Archives/Archive/outputs/2025-12-04/22-06-40/.hydra/hydra.yaml,,,,,,YAML,yaml,3397,,,,,,
overrides.yaml,Raw/Archives/Archive/outputs/2025-12-04/22-06-40/.hydra/overrides.yaml,,,,,,YAML,yaml,3,,,,,,
run_full_pipeline_v14.log,Raw/Archives/Archive/outputs/2025-12-04/05-49-23/run_full_pipeline_v14.log,,,,,,LOG,log,690,,,,,,
config.yaml,Raw/Archives/Archive/outputs/2025-12-04/05-49-23/.hydra/config.yaml,,,,,,YAML,yaml,162,,,,,,
hydra.yaml,Raw/Archives/Archive/outputs/2025-12-04/05-49-23/.hydra/hydra.yaml,,,,,,YAML,yaml,3611,,,,,,
overrides.yaml,Raw/Archives/Archive/outputs/2025-12-04/05-49-23/.hydra/overrides.yaml,,,,,,YAML,yaml,114,,,,,,
run_full_pipeline_v14.log,Raw/Archives/Archive/outputs/2025-12-04/05-04-42/run_full_pipeline_v14.log,,,,,,LOG,log,690,,,,,,
config.yaml,Raw/Archives/Archive/outputs/2025-12-04/05-04-42/.hydra/config.yaml,,,,,,YAML,yaml,162,,,,,,
hydra.yaml,Raw/Archives/Archive/outputs/2025-12-04/05-04-42/.hydra/hydra.yaml,,,,,,YAML,yaml,3611,,,,,,
overrides.yaml,Raw/Archives/Archive/outputs/2025-12-04/05-04-42/.hydra/overrides.yaml,,,,,,YAML,yaml,114,,,,,,
run_full_pipeline_v14.log,Raw/Archives/Archive/outputs/2025-12-04/11-19-19/run_full_pipeline_v14.log,,,,,,LOG,log,926,,,,,,
config.yaml,Raw/Archives/Archive/outputs/2025-12-04/11-19-19/.hydra/config.yaml,,,,,,YAML,yaml,162,,,,,,
hydra.yaml,Raw/Archives/Archive/outputs/2025-12-04/11-19-19/.hydra/hydra.yaml,,,,,,YAML,yaml,3611,,,,,,
overrides.yaml,Raw/Archives/Archive/outputs/2025-12-04/11-19-19/.hydra/overrides.yaml,,,,,,YAML,yaml,114,,,,,,
run_full_pipeline_v14.log,Raw/Archives/Archive/outputs/2025-12-04/06-57-51/run_full_pipeline_v14.log,,,,,,LOG,log,690,,,,,,
config.yaml,Raw/Archives/Archive/outputs/2025-12-04/06-57-51/.hydra/config.yaml,,,,,,YAML,yaml,162,,,,,,
hydra.yaml,Raw/Archives/Archive/outputs/2025-12-04/06-57-51/.hydra/hydra.yaml,,,,,,YAML,yaml,3611,,,,,,
overrides.yaml,Raw/Archives/Archive/outputs/2025-12-04/06-57-51/.hydra/overrides.yaml,,,,,,YAML,yaml,114,,,,,,
run_full_pipeline_v14.log,Raw/Archives/Archive/outputs/2025-12-04/05-58-57/run_full_pipeline_v14.log,,,,,,LOG,log,690,,,,,,
config.yaml,Raw/Archives/Archive/outputs/2025-12-04/05-58-57/.hydra/config.yaml,,,,,,YAML,yaml,162,,,,,,
hydra.yaml,Raw/Archives/Archive/outputs/2025-12-04/05-58-57/.hydra/hydra.yaml,,,,,,YAML,yaml,3611,,,,,,
overrides.yaml,Raw/Archives/Archive/outputs/2025-12-04/05-58-57/.hydra/overrides.yaml,,,,,,YAML,yaml,114,,,,,,
run_full_pipeline_v14.log,Raw/Archives/Archive/outputs/2025-12-04/05-44-53/run_full_pipeline_v14.log,,,,,,LOG,log,690,,,,,,
config.yaml,Raw/Archives/Archive/outputs/2025-12-04/05-44-53/.hydra/config.yaml,,,,,,YAML,yaml,162,,,,,,
hydra.yaml,Raw/Archives/Archive/outputs/2025-12-04/05-44-53/.hydra/hydra.yaml,,,,,,YAML,yaml,3611,,,,,,
overrides.yaml,Raw/Archives/Archive/outputs/2025-12-04/05-44-53/.hydra/overrides.yaml,,,,,,YAML,yaml,114,,,,,,
run_full_pipeline_v14.log,Raw/Archives/Archive/outputs/2025-12-04/19-32-59/run_full_pipeline_v14.log,,,,,,LOG,log,629,,,,,,
config.yaml,Raw/Archives/Archive/outputs/2025-12-04/19-32-59/.hydra/config.yaml,,,,,,YAML,yaml,82,,,,,,
hydra.yaml,Raw/Archives/Archive/outputs/2025-12-04/19-32-59/.hydra/hydra.yaml,,,,,,YAML,yaml,3451,,,,,,
overrides.yaml,Raw/Archives/Archive/outputs/2025-12-04/19-32-59/.hydra/overrides.yaml,,,,,,YAML,yaml,34,,,,,,
run_full_pipeline_v14.log,Raw/Archives/Archive/outputs/2025-12-04/06-45-14/run_full_pipeline_v14.log,,,,,,LOG,log,690,,,,,,
config.yaml,Raw/Archives/Archive/outputs/2025-12-04/06-45-14/.hydra/config.yaml,,,,,,YAML,yaml,162,,,,,,
hydra.yaml,Raw/Archives/Archive/outputs/2025-12-04/06-45-14/.hydra/hydra.yaml,,,,,,YAML,yaml,3611,,,,,,
overrides.yaml,Raw/Archives/Archive/outputs/2025-12-04/06-45-14/.hydra/overrides.yaml,,,,,,YAML,yaml,114,,,,,,
run_full_pipeline_v14.log,Raw/Archives/Archive/outputs/2025-12-04/10-15-21/run_full_pipeline_v14.log,,,,,,LOG,log,926,,,,,,
config.yaml,Raw/Archives/Archive/outputs/2025-12-04/10-15-21/.hydra/config.yaml,,,,,,YAML,yaml,162,,,,,,
hydra.yaml,Raw/Archives/Archive/outputs/2025-12-04/10-15-21/.hydra/hydra.yaml,,,,,,YAML,yaml,3611,,,,,,
overrides.yaml,Raw/Archives/Archive/outputs/2025-12-04/10-15-21/.hydra/overrides.yaml,,,,,,YAML,yaml,114,,,,,,
run_full_pipeline_v14.log,Raw/Archives/Archive/outputs/2025-12-04/07-47-11/run_full_pipeline_v14.log,,,,,,LOG,log,926,,,,,,
config.yaml,Raw/Archives/Archive/outputs/2025-12-04/07-47-11/.hydra/config.yaml,,,,,,YAML,yaml,162,,,,,,
hydra.yaml,Raw/Archives/Archive/outputs/2025-12-04/07-47-11/.hydra/hydra.yaml,,,,,,YAML,yaml,3611,,,,,,
overrides.yaml,Raw/Archives/Archive/outputs/2025-12-04/07-47-11/.hydra/overrides.yaml,,,,,,YAML,yaml,114,,,,,,
run_full_pipeline_v14.log,Raw/Archives/Archive/outputs/2025-12-04/18-23-26/run_full_pipeline_v14.log,,,,,,LOG,log,743,,,,,,
config.yaml,Raw/Archives/Archive/outputs/2025-12-04/18-23-26/.hydra/config.yaml,,,,,,YAML,yaml,82,,,,,,
hydra.yaml,Raw/Archives/Archive/outputs/2025-12-04/18-23-26/.hydra/hydra.yaml,,,,,,YAML,yaml,3451,,,,,,
overrides.yaml,Raw/Archives/Archive/outputs/2025-12-04/18-23-26/.hydra/overrides.yaml,,,,,,YAML,yaml,34,,,,,,
run_full_pipeline_v14.log,Raw/Archives/Archive/outputs/2025-12-04/07-43-43/run_full_pipeline_v14.log,,,,,,LOG,log,926,,,,,,
config.yaml,Raw/Archives/Archive/outputs/2025-12-04/07-43-43/.hydra/config.yaml,,,,,,YAML,yaml,162,,,,,,
hydra.yaml,Raw/Archives/Archive/outputs/2025-12-04/07-43-43/.hydra/hydra.yaml,,,,,,YAML,yaml,3611,,,,,,
overrides.yaml,Raw/Archives/Archive/outputs/2025-12-04/07-43-43/.hydra/overrides.yaml,,,,,,YAML,yaml,114,,,,,,
run_full_pipeline_v14.log,Raw/Archives/Archive/outputs/2025-12-04/21-11-54/run_full_pipeline_v14.log,,,,,,LOG,log,710,,,,,,
config.yaml,Raw/Archives/Archive/outputs/2025-12-04/21-11-54/.hydra/config.yaml,,,,,,YAML,yaml,162,,,,,,
hydra.yaml,Raw/Archives/Archive/outputs/2025-12-04/21-11-54/.hydra/hydra.yaml,,,,,,YAML,yaml,3611,,,,,,
overrides.yaml,Raw/Archives/Archive/outputs/2025-12-04/21-11-54/.hydra/overrides.yaml,,,,,,YAML,yaml,114,,,,,,
run_full_pipeline_v14.log,Raw/Archives/Archive/outputs/2025-12-04/22-07-43/run_full_pipeline_v14.log,,,,,,LOG,log,647,,,,,,
config.yaml,Raw/Archives/Archive/outputs/2025-12-04/22-07-43/.hydra/config.yaml,,,,,,YAML,yaml,112,,,,,,
hydra.yaml,Raw/Archives/Archive/outputs/2025-12-04/22-07-43/.hydra/hydra.yaml,,,,,,YAML,yaml,3613,,,,,,
overrides.yaml,Raw/Archives/Archive/outputs/2025-12-04/22-07-43/.hydra/overrides.yaml,,,,,,YAML,yaml,113,,,,,,
run_full_pipeline_v14.log,Raw/Archives/Archive/outputs/2025-12-04/22-04-52/run_full_pipeline_v14.log,,,,,,LOG,log,0,,,,,,
config.yaml,Raw/Archives/Archive/outputs/2025-12-04/22-04-52/.hydra/config.yaml,,,,,,YAML,yaml,3866,,,,,,
hydra.yaml,Raw/Archives/Archive/outputs/2025-12-04/22-04-52/.hydra/hydra.yaml,,,,,,YAML,yaml,3397,,,,,,
overrides.yaml,Raw/Archives/Archive/outputs/2025-12-04/22-04-52/.hydra/overrides.yaml,,,,,,YAML,yaml,3,,,,,,
run_full_pipeline_v14.log,Raw/Archives/Archive/outputs/2025-12-04/06-27-26/run_full_pipeline_v14.log,,,,,,LOG,log,690,,,,,,
config.yaml,Raw/Archives/Archive/outputs/2025-12-04/06-27-26/.hydra/config.yaml,,,,,,YAML,yaml,162,,,,,,
hydra.yaml,Raw/Archives/Archive/outputs/2025-12-04/06-27-26/.hydra/hydra.yaml,,,,,,YAML,yaml,3611,,,,,,
overrides.yaml,Raw/Archives/Archive/outputs/2025-12-04/06-27-26/.hydra/overrides.yaml,,,,,,YAML,yaml,114,,,,,,
run_full_pipeline_v14.log,Raw/Archives/Archive/outputs/2025-12-04/17-34-18/run_full_pipeline_v14.log,,,,,,LOG,log,823,,,,,,
config.yaml,Raw/Archives/Archive/outputs/2025-12-04/17-34-18/.hydra/config.yaml,,,,,,YAML,yaml,162,,,,,,
hydra.yaml,Raw/Archives/Archive/outputs/2025-12-04/17-34-18/.hydra/hydra.yaml,,,,,,YAML,yaml,3611,,,,,,
overrides.yaml,Raw/Archives/Archive/outputs/2025-12-04/17-34-18/.hydra/overrides.yaml,,,,,,YAML,yaml,114,,,,,,
run_full_pipeline_v14.log,Raw/Archives/Archive/outputs/2025-12-04/07-55-25/run_full_pipeline_v14.log,,,,,,LOG,log,926,,,,,,
config.yaml,Raw/Archives/Archive/outputs/2025-12-04/07-55-25/.hydra/config.yaml,,,,,,YAML,yaml,162,,,,,,
hydra.yaml,Raw/Archives/Archive/outputs/2025-12-04/07-55-25/.hydra/hydra.yaml,,,,,,YAML,yaml,3611,,,,,,
overrides.yaml,Raw/Archives/Archive/outputs/2025-12-04/07-55-25/.hydra/overrides.yaml,,,,,,YAML,yaml,114,,,,,,
run_full_pipeline_v14.log,Raw/Archives/Archive/outputs/2025-12-04/11-21-44/run_full_pipeline_v14.log,,,,,,LOG,log,926,,,,,,
config.yaml,Raw/Archives/Archive/outputs/2025-12-04/11-21-44/.hydra/config.yaml,,,,,,YAML,yaml,162,,,,,,
hydra.yaml,Raw/Archives/Archive/outputs/2025-12-04/11-21-44/.hydra/hydra.yaml,,,,,,YAML,yaml,3611,,,,,,
overrides.yaml,Raw/Archives/Archive/outputs/2025-12-04/11-21-44/.hydra/overrides.yaml,,,,,,YAML,yaml,114,,,,,,
run_full_pipeline_v14.log,Raw/Archives/Archive/outputs/2025-12-04/21-17-50/run_full_pipeline_v14.log,,,,,,LOG,log,647,,,,,,
config.yaml,Raw/Archives/Archive/outputs/2025-12-04/21-17-50/.hydra/config.yaml,,,,,,YAML,yaml,99,,,,,,
hydra.yaml,Raw/Archives/Archive/outputs/2025-12-04/21-17-50/.hydra/hydra.yaml,,,,,,YAML,yaml,3485,,,,,,
overrides.yaml,Raw/Archives/Archive/outputs/2025-12-04/21-17-50/.hydra/overrides.yaml,,,,,,YAML,yaml,51,,,,,,
run_full_pipeline_v14.log,Raw/Archives/Archive/outputs/2025-12-04/06-11-00/run_full_pipeline_v14.log,,,,,,LOG,log,690,,,,,,
config.yaml,Raw/Archives/Archive/outputs/2025-12-04/06-11-00/.hydra/config.yaml,,,,,,YAML,yaml,162,,,,,,
hydra.yaml,Raw/Archives/Archive/outputs/2025-12-04/06-11-00/.hydra/hydra.yaml,,,,,,YAML,yaml,3611,,,,,,
overrides.yaml,Raw/Archives/Archive/outputs/2025-12-04/06-11-00/.hydra/overrides.yaml,,,,,,YAML,yaml,114,,,,,,
pre_fix_analysis.json,Raw/Archives/Archive/reports/pre_fix_analysis.json,,,,,,JSON,json,3796,,,,,,
example_b.yaml,Raw/Archives/Archive/scenarios/example_b.yaml,,,,,,YAML,yaml,801,,,,,,
sensitivity_parameters_examples.yaml,Raw/Archives/Archive/scenarios/sensitivity_parameters_examples.yaml,,,,,,YAML,yaml,484,,,,,,
example_b.json,Raw/Archives/Archive/scenarios/example_b.json,,,,,,JSON,json,972,,,,,,
edge_extreme_stress.yaml,Raw/Archives/Archive/scenarios/edge_extreme_stress.yaml,,,,,,YAML,yaml,798,,,,,,
example_a_old.yaml,Raw/Archives/Archive/scenarios/example_a_old.yaml,,,,,,YAML,yaml,801,,,,,,
bad_missing_tax.yaml,Raw/Archives/Archive/scenarios/bad_missing_tax.yaml,,,,,,YAML,yaml,3669,,,,,,
dutchbay_lendercase_2025Q4.yaml,Raw/Archives/Archive/scenarios/dutchbay_lendercase_2025Q4.yaml,,,,,,YAML,yaml,3865,,,,,,
good_unit_test.yaml,Raw/Archives/Archive/scenarios/good_unit_test.yaml,,,,,,YAML,yaml,774,,,,,,
dutchbay_master_config_v14.yaml,Raw/Archives/Archive/scenarios/dutchbay_master_config_v14.yaml,,,,,,YAML,yaml,8570,,,,,,
contracts_edgecase_base_v14.yaml,Raw/Archives/Archive/scenarios/contracts_edgecase_base_v14.yaml,,,,,,YAML,yaml,1713,,,,,,
dutchbay_lendercase_2025Q4.yaml.bak,Raw/Archives/Archive/scenarios/dutchbay_lendercase_2025Q4.yaml.bak,,,,,,BAK,bak,3865,,,,,,
example_a.yaml,Raw/Archives/Archive/scenarios/example_a.yaml,,,,,,YAML,yaml,798,,,,,,
base_scenario.yaml,Raw/Archives/Archive/scenarios/test/base_scenario.yaml,,,,,,YAML,yaml,499,,,,,,
zz_bad.yaml,Raw/Archives/Archive/scenarios/_scrtch/zz_bad.yaml,,,,,,YAML,yaml,48,,,,,,
dutchbay_thread_migration_package.txt,Raw/Archives/Archive/scripts/dutchbay_thread_migration_package.txt,,,,,,TXT,txt,12442,,,,,,
go_with_the_flow_ci.py,Raw/Archives/Archive/scripts/go_with_the_flow_ci.py,,,,,,PY,py,26287,,,,,,
fix_metrics_typing.py,Raw/Archives/Archive/scripts/fix_metrics_typing.py,,,,,,PY,py,2497,,,,,,
venv_up.sh,Raw/Archives/Archive/scripts/venv_up.sh,,,,,,SH,sh,2526,,,,,,
instrument_statutory_debug.py,Raw/Archives/Archive/scripts/instrument_statutory_debug.py,,,,,,PY,py,4846,,,,,,
benchmark_sensitivity.py,Raw/Archives/Archive/scripts/benchmark_sensitivity.py,,,,,,PY,py,1312,,,,,,
validate_pysam_offline.py,Raw/Archives/Archive/scripts/validate_pysam_offline.py,,,,,,PY,py,4482,,,,,,
make_clean_zip.py,Raw/Archives/Archive/scripts/make_clean_zip.py,,,,,,PY,py,14127,,,,,,
generate_reports.py,Raw/Archives/Archive/scripts/reporting/generate_reports.py,,,,,,PY,py,1791,,,,,,
analyze_directory.py,Raw/Archives/Archive/scripts/analysis/analyze_directory.py,,,,,,PY,py,5739,,,,,,
gen_scenario_yaml.py,Raw/Archives/Archive/scripts/analysis/gen_scenario_yaml.py,,,,,,PY,py,2533,,,,,,
fx_correlation_module.py,Raw/Archives/Archive/scripts/analysis/fx_correlation_module.py,,,,,,PY,py,15274,,,,,,
wacc_engine_yaml.py,Raw/Archives/Archive/scripts/analysis/wacc_engine_yaml.py,,,,,,PY,py,9479,,,,,,
model_guard.py,Raw/Archives/Archive/scripts/ci/model_guard.py,,,,,,PY,py,1077,,,,,,
ci_structure_check.py,Raw/Archives/Archive/scripts/ci/ci_structure_check.py,,,,,,PY,py,5918,,,,,,
dev_quickcheck.sh,Raw/Archives/Archive/scripts/ci/dev_quickcheck.sh,,,,,,SH,sh,1279,,,,,,
check_all_py_files.py,Raw/Archives/Archive/scripts/ci/check_all_py_files.py,,,,,,PY,py,2347,,,,,,
check_staged_py_files.py,Raw/Archives/Archive/scripts/ci/check_staged_py_files.py,,,,,,PY,py,2685,,,,,,
ci_phase_c_full.sh,Raw/Archives/Archive/scripts/ci/ci_phase_c_full.sh,,,,,,SH,sh,1068,,,,,,
parameter_validation.py,Raw/Archives/Archive/scripts/ci/parameter_validation.py,,,,,,PY,py,530,,,,,,
check_legacy_imports.py,Raw/Archives/Archive/scripts/ci/check_legacy_imports.py,,,,,,PY,py,1891,,,,,,
ci_quick.sh,Raw/Archives/Archive/scripts/ci/ci_quick.sh,,,,,,SH,sh,1153,,,,,,
check_outputs.sh,Raw/Archives/Archive/scripts/ci/check_outputs.sh,,,,,,SH,sh,1732,,,,,,
test_fx_dual_regime_standalone_fixed.py,Raw/Archives/Archive/scripts/tests/test_fx_dual_regime_standalone_fixed.py,,,,,,PY,py,18372,,,,,,
test_fx_complete_data.py,Raw/Archives/Archive/scripts/tests/test_fx_complete_data.py,,,,,,PY,py,9946,,,,,,
test_returns_module.py,Raw/Archives/Archive/scripts/tests/test_returns_module.py,,,,,,PY,py,1633,,,,,,
test_llcr_plcr_real_debt.py,Raw/Archives/Archive/scripts/tests/test_llcr_plcr_real_debt.py,,,,,,PY,py,2726,,,,,,
test_irr_quick.py,Raw/Archives/Archive/scripts/tests/test_irr_quick.py,,,,,,PY,py,2480,,,,,,
test_markdown_report.py,Raw/Archives/Archive/scripts/tests/test_markdown_report.py,,,,,,PY,py,4419,,,,,,
setup_github_auth_https.sh,Raw/Archives/Archive/scripts/github/setup_github_auth_https.sh,,,,,,SH,sh,600,,,,,,
create_v14_analytics_issues.sh,Raw/Archives/Archive/scripts/github/create_v14_analytics_issues.sh,,,,,,SH,sh,13557,,,,,,
gh_tools.py,Raw/Archives/Archive/scripts/github/gh_tools.py,,,,,,PY,py,10356,,,,,,
create_sprint10_issues.sh,Raw/Archives/Archive/scripts/github/create_sprint10_issues.sh,,,,,,SH,sh,11036,,,,,,
auto_close_issues.py,Raw/Archives/Archive/scripts/github/auto_close_issues.py,,,,,,PY,py,9807,,,,,,
roll_zip_and_bootstrap.sh,Raw/Archives/Archive/scripts/build/roll_zip_and_bootstrap.sh,,,,,,SH,sh,6559,,,,,,
build_zip_from_manifest.py,Raw/Archives/Archive/scripts/build/build_zip_from_manifest.py,,,,,,PY,py,5060,,,,,,
make_upload_zip.sh,Raw/Archives/Archive/scripts/build/make_upload_zip.sh,,,,,,SH,sh,1597,,,,,,
generate_manifest.py,Raw/Archives/Archive/scripts/build/generate_manifest.py,,,,,,PY,py,2552,,,,,,
make_essential_zip.py,Raw/Archives/Archive/scripts/build/make_essential_zip.py,,,,,,PY,py,2871,,,,,,
run_import_surface_sweep.sh,Raw/Archives/Archive/scripts/test_runners/run_import_surface_sweep.sh,,,,,,SH,sh,1994,,,,,,
run_heavy_modules_suite.sh,Raw/Archives/Archive/scripts/test_runners/run_heavy_modules_suite.sh,,,,,,SH,sh,605,,,,,,
run_all_suites.sh,Raw/Archives/Archive/scripts/test_runners/run_all_suites.sh,,,,,,SH,sh,728,,,,,,
regression_smoke.sh,Raw/Archives/Archive/scripts/test_runners/regression_smoke.sh,,,,,,SH,sh,287,,,,,,
run_next_modules_suite.sh,Raw/Archives/Archive/scripts/test_runners/run_next_modules_suite.sh,,,,,,SH,sh,392,,,,,,
run_next_tests.sh,Raw/Archives/Archive/scripts/test_runners/run_next_tests.sh,,,,,,SH,sh,1098,,,,,,
run_cli_scenarios_fast.sh,Raw/Archives/Archive/scripts/test_runners/run_cli_scenarios_fast.sh,,,,,,SH,sh,333,,,,,,
run_heavy_with_shims.sh,Raw/Archives/Archive/scripts/test_runners/run_heavy_with_shims.sh,,,,,,SH,sh,428,,,,,,
run_reporting_hardened.sh,Raw/Archives/Archive/scripts/test_runners/run_reporting_hardened.sh,,,,,,SH,sh,278,,,,,,
run_api_cov_smoke.sh,Raw/Archives/Archive/scripts/test_runners/run_api_cov_smoke.sh,,,,,,SH,sh,1105,,,,,,
run_reporting_cli_smoke.sh,Raw/Archives/Archive/scripts/test_runners/run_reporting_cli_smoke.sh,,,,,,SH,sh,773,,,,,,
run_core_hardened.sh,Raw/Archives/Archive/scripts/test_runners/run_core_hardened.sh,,,,,,SH,sh,277,,,,,,
conftest.py,Raw/Archives/Archive/tests/conftest.py,,,,,,PY,py,773,,,,,,
test_scenario_analytics_smoke.py,Raw/Archives/Archive/tests/test_scenario_analytics_smoke.py,,,,,,PY,py,3370,,,,,,
test_metrics_integration.py,Raw/Archives/Archive/tests/test_metrics_integration.py,,,,,,PY,py,1990,,,,,,
test_cli_v14_smoke.py,Raw/Archives/Archive/tests/test_cli_v14_smoke.py,,,,,,PY,py,863,,,,,,
test_schema_guard_fx.py,Raw/Archives/Archive/tests/test_schema_guard_fx.py,,,,,,PY,py,7806,,,,,,
test_v14_pipeline_smoke.py,Raw/Archives/Archive/tests/test_v14_pipeline_smoke.py,,,,,,PY,py,7652,,,,,,
test_fx_config_strictness.py,Raw/Archives/Archive/tests/test_fx_config_strictness.py,,,,,,PY,py,3108,,,,,,
test_export_smoke.py,Raw/Archives/Archive/tests/test_export_smoke.py,,,,,,PY,py,2197,,,,,,
test_scenario_analytics_cli_v14_smoke.py,Raw/Archives/Archive/tests/test_scenario_analytics_cli_v14_smoke.py,,,,,,PY,py,3349,,,,,,
test_wacc_fence_v14.py,Raw/Archives/Archive/tests/lint/test_wacc_fence_v14.py,,,,,,PY,py,904,,,,,,
test_no_argparse_v14.py,Raw/Archives/Archive/tests/lint/test_no_argparse_v14.py,,,,,,PY,py,2662,,,,,,
test_equity_fence_v14.py,Raw/Archives/Archive/tests/lint/test_equity_fence_v14.py,,,,,,PY,py,2329,,,,,,
test_irr_location_v14.py,Raw/Archives/Archive/tests/lint/test_irr_location_v14.py,,,,,,PY,py,3283,,,,,,
test_no_typer_v14.py,Raw/Archives/Archive/tests/lint/test_no_typer_v14.py,,,,,,PY,py,2279,,,,,,
test_equity_fence_v14.cpython-311-pytest-9.0.1.pyc,Raw/Archives/Archive/tests/lint/__pycache__/test_equity_fence_v14.cpython-311-pytest-9.0.1.pyc,,,,,,PYC,pyc,4078,,,,,,
test_irr_location_v14.cpython-311-pytest-9.0.1.pyc,Raw/Archives/Archive/tests/lint/__pycache__/test_irr_location_v14.cpython-311-pytest-9.0.1.pyc,,,,,,PYC,pyc,5819,,,,,,
test_no_argparse_v14.cpython-311-pytest-9.0.1.pyc,Raw/Archives/Archive/tests/lint/__pycache__/test_no_argparse_v14.cpython-311-pytest-9.0.1.pyc,,,,,,PYC,pyc,4726,,,,,,
test_wacc_fence_v14.cpython-311-pytest-9.0.1.pyc,Raw/Archives/Archive/tests/lint/__pycache__/test_wacc_fence_v14.cpython-311-pytest-9.0.1.pyc,,,,,,PYC,pyc,1291,,,,,,
test_no_typer_v14.cpython-311-pytest-9.0.1.pyc,Raw/Archives/Archive/tests/lint/__pycache__/test_no_typer_v14.cpython-311-pytest-9.0.1.pyc,,,,,,PYC,pyc,4426,,,,,,
test_sensitivity_contracts.py,Raw/Archives/Archive/tests/contracts/test_sensitivity_contracts.py,,,,,,PY,py,2910,,,,,,
test_sensitivity_contracts.cpython-311-pytest-9.0.1.pyc,Raw/Archives/Archive/tests/contracts/__pycache__/test_sensitivity_contracts.cpython-311-pytest-9.0.1.pyc,,,,,,PYC,pyc,12876,,,,,,
test_fx_config_strictness.cpython-311-pytest-9.0.1.pyc,Raw/Archives/Archive/tests/__pycache__/test_fx_config_strictness.cpython-311-pytest-9.0.1.pyc,,,,,,PYC,pyc,8826,,,,,,
test_scenario_analytics_smoke.cpython-311-pytest-9.0.1.pyc,Raw/Archives/Archive/tests/__pycache__/test_scenario_analytics_smoke.cpython-311-pytest-9.0.1.pyc,,,,,,PYC,pyc,15964,,,,,,
test_v14_pipeline_smoke.cpython-311-pytest-9.0.1.pyc,Raw/Archives/Archive/tests/__pycache__/test_v14_pipeline_smoke.cpython-311-pytest-9.0.1.pyc,,,,,,PYC,pyc,33728,,,,,,
test_scenario_analytics_cli_v14_smoke.cpython-311-pytest-9.0.1.pyc,Raw/Archives/Archive/tests/__pycache__/test_scenario_analytics_cli_v14_smoke.cpython-311-pytest-9.0.1.pyc,,,,,,PYC,pyc,9913,,,,,,
test_metrics_integration.cpython-311-pytest-9.0.1.pyc,Raw/Archives/Archive/tests/__pycache__/test_metrics_integration.cpython-311-pytest-9.0.1.pyc,,,,,,PYC,pyc,10784,,,,,,
test_schema_guard_fx.cpython-311-pytest-9.0.1.pyc,Raw/Archives/Archive/tests/__pycache__/test_schema_guard_fx.cpython-311-pytest-9.0.1.pyc,,,,,,PYC,pyc,13429,,,,,,
test_cli_v14_smoke.cpython-311-pytest-9.0.1.pyc,Raw/Archives/Archive/tests/__pycache__/test_cli_v14_smoke.cpython-311-pytest-9.0.1.pyc,,,,,,PYC,pyc,3946,,,,,,
test_export_smoke.cpython-311-pytest-9.0.1.pyc,Raw/Archives/Archive/tests/__pycache__/test_export_smoke.cpython-311-pytest-9.0.1.pyc,,,,,,PYC,pyc,10873,,,,,,
conftest.cpython-311-pytest-9.0.1.pyc,Raw/Archives/Archive/tests/__pycache__/conftest.cpython-311-pytest-9.0.1.pyc,,,,,,PYC,pyc,1238,,,,,,
test_sensitivity_regression.py,Raw/Archives/Archive/tests/analytics_layer/test_sensitivity_regression.py,,,,,,PY,py,2796,,,,,,
test_sensitivity_v14.py,Raw/Archives/Archive/tests/analytics_layer/test_sensitivity_v14.py,,,,,,PY,py,12455,,,,,,
test_sensitivity_v14_all.py,Raw/Archives/Archive/tests/analytics_layer/test_sensitivity_v14_all.py,,,,,,PY,py,20355,,,,,,
test_monte_carlo_v14.py,Raw/Archives/Archive/tests/analytics_layer/test_monte_carlo_v14.py,,,,,,PY,py,10903,,,,,,
test_monte_carlo_v14.cpython-311-pytest-9.0.1.pyc,Raw/Archives/Archive/tests/analytics_layer/__pycache__/test_monte_carlo_v14.cpython-311-pytest-9.0.1.pyc,,,,,,PYC,pyc,35768,,,,,,
test_sensitivity_v14_all.cpython-311.pyc,Raw/Archives/Archive/tests/analytics_layer/__pycache__/test_sensitivity_v14_all.cpython-311.pyc,,,,,,PYC,pyc,19407,,,,,,
test_sensitivity_regression.cpython-311-pytest-9.0.1.pyc,Raw/Archives/Archive/tests/analytics_layer/__pycache__/test_sensitivity_regression.cpython-311-pytest-9.0.1.pyc,,,,,,PYC,pyc,10576,,,,,,
test_sensitivity_v14.cpython-311-pytest-9.0.1.pyc,Raw/Archives/Archive/tests/analytics_layer/__pycache__/test_sensitivity_v14.cpython-311-pytest-9.0.1.pyc,,,,,,PYC,pyc,37273,,,,,,
test_sensitivity_v14_all.cpython-311-pytest-9.0.1.pyc,Raw/Archives/Archive/tests/analytics_layer/__pycache__/test_sensitivity_v14_all.cpython-311-pytest-9.0.1.pyc,,,,,,PYC,pyc,69286,,,,,,
test_scenario_analytics_unit_scenario_name_refactored.py,Raw/Archives/Archive/tests/api/test_scenario_analytics_unit_scenario_name_refactored.py,,,,,,PY,py,5118,,,,,,
test_executive_workbook_import.py,Raw/Archives/Archive/tests/api/test_executive_workbook_import.py,,,,,,PY,py,388,,,,,,
test_cashflow_v14_regression.py,Raw/Archives/Archive/tests/api/test_cashflow_v14_regression.py,,,,,,PY,py,2871,,,,,,
test_irr_is_singleton_refactored.py,Raw/Archives/Archive/tests/api/test_irr_is_singleton_refactored.py,,,,,,PY,py,3527,,,,,,
test_fx_resolver_unit.py,Raw/Archives/Archive/tests/api/test_fx_resolver_unit.py,,,,,,PY,py,2593,,,,,,
test_wacc_module.py,Raw/Archives/Archive/tests/api/test_wacc_module.py,,,,,,PY,py,5429,,,,,,
test_debt_construction_idc_regression_v14.py,Raw/Archives/Archive/tests/api/test_debt_construction_idc_regression_v14.py,,,,,,PY,py,7340,,,,,,
test_scenario_analytics_unit_scenario_name.py,Raw/Archives/Archive/tests/api/test_scenario_analytics_unit_scenario_name.py,,,,,,PY,py,3947,,,,,,
test_irr_core.py,Raw/Archives/Archive/tests/api/test_irr_core.py,,,,,,PY,py,2574,,,,,,
test_scenario_analytics_unit.py,Raw/Archives/Archive/tests/api/test_scenario_analytics_unit.py,,,,,,PY,py,1054,,,,,,
test_executive_workbook_smoke.py,Raw/Archives/Archive/tests/api/test_executive_workbook_smoke.py,,,,,,PY,py,4883,,,,,,
test_cashflow_v14_rows2.py,Raw/Archives/Archive/tests/api/test_cashflow_v14_rows2.py,,,,,,PY,py,1152,,,,,,
test_finance_utils.py,Raw/Archives/Archive/tests/api/test_finance_utils.py,,,,,,PY,py,1138,,,,,,
test_scenario_manager_smoke.py,Raw/Archives/Archive/tests/api/test_scenario_manager_smoke.py,,,,,,PY,py,2143,,,,,,
test_tax_calculator_v14.py,Raw/Archives/Archive/tests/api/test_tax_calculator_v14.py,,,,,,PY,py,3302,,,,,,
test_debt_v14_construction.py,Raw/Archives/Archive/tests/api/test_debt_v14_construction.py,,,,,,PY,py,4992,,,,,,
test_covenants_lendercase_2025Q4.py,Raw/Archives/Archive/tests/api/test_covenants_lendercase_2025Q4.py,,,,,,PY,py,2168,,,,,,
test_schema_guard_fx_validation.py,Raw/Archives/Archive/tests/api/test_schema_guard_fx_validation.py,,,,,,PY,py,4420,,,,,,
test_cashflow_tax_and_life.py,Raw/Archives/Archive/tests/api/test_cashflow_tax_and_life.py,,,,,,PY,py,5643,,,,,,
test_cashflow_v14.py,Raw/Archives/Archive/tests/api/test_cashflow_v14.py,,,,,,PY,py,2884,,,,,,
test_risk_haircut.py,Raw/Archives/Archive/tests/api/test_risk_haircut.py,,,,,,PY,py,3279,,,,,,
test_irr_module.py,Raw/Archives/Archive/tests/api/test_irr_module.py,,,,,,PY,py,5455,,,,,,
test_kpi_normalizer.py,Raw/Archives/Archive/tests/api/test_kpi_normalizer.py,,,,,,PY,py,4982,,,,,,
test_debt_construction_idc_regression.py,Raw/Archives/Archive/tests/api/test_debt_construction_idc_regression.py,,,,,,PY,py,464,,,,,,
test_covenants_v14.py,Raw/Archives/Archive/tests/api/test_covenants_v14.py,,,,,,PY,py,7624,,,,,,
test_cashflow_risk_haircut_v14.py,Raw/Archives/Archive/tests/api/test_cashflow_risk_haircut_v14.py,,,,,,PY,py,1985,,,,,,
test_epc_helper_v14.py,Raw/Archives/Archive/tests/api/test_epc_helper_v14.py,,,,,,PY,py,3191,,,,,,
test_cashflow_module.py,Raw/Archives/Archive/tests/api/test_cashflow_module.py,,,,,,PY,py,3375,,,,,,
test_metrics_core_stats.py,Raw/Archives/Archive/tests/api/test_metrics_core_stats.py,,,,,,PY,py,4156,,,,,,
test_scenario_analytics_schema_guard_integration.py,Raw/Archives/Archive/tests/api/test_scenario_analytics_schema_guard_integration.py,,,,,,PY,py,3895,,,,,,
test_covenants_ring_fence_smoke_v14.py,Raw/Archives/Archive/tests/api/test_covenants_ring_fence_smoke_v14.py,,,,,,PY,py,4718,,,,,,
test_v14_lender_suite.py,Raw/Archives/Archive/tests/api/test_v14_lender_suite.py,,,,,,PY,py,7357,,,,,,
test_config_schema_guard.py,Raw/Archives/Archive/tests/api/test_config_schema_guard.py,,,,,,PY,py,3089,,,,,,
test_cashflow_v14_rows.py,Raw/Archives/Archive/tests/api/test_cashflow_v14_rows.py,,,,,,PY,py,1431,,,,,,
test_bad_missing_tax_schema_guard.py,Raw/Archives/Archive/tests/api/test_bad_missing_tax_schema_guard.py,,,,,,PY,py,1039,,,,,,
test_export_helpers_v14.py,Raw/Archives/Archive/tests/api/test_export_helpers_v14.py,,,,,,PY,py,3898,,,,,,
test_metrics_module.py,Raw/Archives/Archive/tests/api/test_metrics_module.py,,,,,,PY,py,4910,,,,,,
test_edgecases.py,Raw/Archives/Archive/tests/api/test_edgecases.py,,,,,,PY,py,8195,,,,,,
test_equity_v14.py,Raw/Archives/Archive/tests/api/test_equity_v14.py,,,,,,PY,py,4705,,,,,,
test_metrics_core_stats.cpython-311-pytest-9.0.1.pyc,Raw/Archives/Archive/tests/api/__pycache__/test_metrics_core_stats.cpython-311-pytest-9.0.1.pyc,,,,,,PYC,pyc,16138,,,,,,
test_debt_construction_idc_regression_v14.cpython-311-pytest-9.0.1.pyc,Raw/Archives/Archive/tests/api/__pycache__/test_debt_construction_idc_regression_v14.cpython-311-pytest-9.0.1.pyc,,,,,,PYC,pyc,37819,,,,,,
test_risk_haircut.cpython-311-pytest-9.0.1.pyc,Raw/Archives/Archive/tests/api/__pycache__/test_risk_haircut.cpython-311-pytest-9.0.1.pyc,,,,,,PYC,pyc,16509,,,,,,
test_cashflow_risk_haircut_v14.cpython-311-pytest-9.0.1.pyc,Raw/Archives/Archive/tests/api/__pycache__/test_cashflow_risk_haircut_v14.cpython-311-pytest-9.0.1.pyc,,,,,,PYC,pyc,12445,,,,,,
test_cashflow_v14_rows.cpython-311-pytest-9.0.1.pyc,Raw/Archives/Archive/tests/api/__pycache__/test_cashflow_v14_rows.cpython-311-pytest-9.0.1.pyc,,,,,,PYC,pyc,4087,,,,,,
test_wacc_module.cpython-311-pytest-9.0.1.pyc,Raw/Archives/Archive/tests/api/__pycache__/test_wacc_module.cpython-311-pytest-9.0.1.pyc,,,,,,PYC,pyc,21757,,,,,,
test_scenario_analytics_unit_scenario_name.cpython-311-pytest-9.0.1.pyc,Raw/Archives/Archive/tests/api/__pycache__/test_scenario_analytics_unit_scenario_name.cpython-311-pytest-9.0.1.pyc,,,,,,PYC,pyc,17532,,,,,,
test_schema_guard_fx_validation.cpython-311-pytest-9.0.1.pyc,Raw/Archives/Archive/tests/api/__pycache__/test_schema_guard_fx_validation.cpython-311-pytest-9.0.1.pyc,,,,,,PYC,pyc,8696,,,,,,
test_kpi_normalizer.cpython-311-pytest-9.0.1.pyc,Raw/Archives/Archive/tests/api/__pycache__/test_kpi_normalizer.cpython-311-pytest-9.0.1.pyc,,,,,,PYC,pyc,26056,,,,,,
test_cashflow_tax_and_life.cpython-311-pytest-9.0.1.pyc,Raw/Archives/Archive/tests/api/__pycache__/test_cashflow_tax_and_life.cpython-311-pytest-9.0.1.pyc,,,,,,PYC,pyc,18921,,,,,,
test_scenario_manager_smoke.cpython-311-pytest-9.0.1.pyc,Raw/Archives/Archive/tests/api/__pycache__/test_scenario_manager_smoke.cpython-311-pytest-9.0.1.pyc,,,,,,PYC,pyc,8183,,,,,,
test_cashflow_v14_regression.cpython-311-pytest-9.0.1.pyc,Raw/Archives/Archive/tests/api/__pycache__/test_cashflow_v14_regression.cpython-311-pytest-9.0.1.pyc,,,,,,PYC,pyc,10763,,,,,,
test_scenario_analytics_unit_scenario_name_refactored.cpython-311-pytest-9.0.1.pyc,Raw/Archives/Archive/tests/api/__pycache__/test_scenario_analytics_unit_scenario_name_refactored.cpython-311-pytest-9.0.1.pyc,,,,,,PYC,pyc,17379,,,,,,
test_scenario_analytics_unit.cpython-311-pytest-9.0.1.pyc,Raw/Archives/Archive/tests/api/__pycache__/test_scenario_analytics_unit.cpython-311-pytest-9.0.1.pyc,,,,,,PYC,pyc,4576,,,,,,
test_debt_construction_idc_regression.cpython-311-pytest-9.0.1.pyc,Raw/Archives/Archive/tests/api/__pycache__/test_debt_construction_idc_regression.cpython-311-pytest-9.0.1.pyc,,,,,,PYC,pyc,935,,,,,,
test_irr_is_singleton_refactored.cpython-311-pytest-9.0.1.pyc,Raw/Archives/Archive/tests/api/__pycache__/test_irr_is_singleton_refactored.cpython-311-pytest-9.0.1.pyc,,,,,,PYC,pyc,7306,,,,,,
test_edgecases.cpython-311-pytest-9.0.1.pyc,Raw/Archives/Archive/tests/api/__pycache__/test_edgecases.cpython-311-pytest-9.0.1.pyc,,,,,,PYC,pyc,13818,,,,,,
test_bad_missing_tax_schema_guard.cpython-311-pytest-9.0.1.pyc,Raw/Archives/Archive/tests/api/__pycache__/test_bad_missing_tax_schema_guard.cpython-311-pytest-9.0.1.pyc,,,,,,PYC,pyc,3693,,,,,,
test_irr_module.cpython-311-pytest-9.0.1.pyc,Raw/Archives/Archive/tests/api/__pycache__/test_irr_module.cpython-311-pytest-9.0.1.pyc,,,,,,PYC,pyc,18221,,,,,,
test_config_schema_guard.cpython-311-pytest-9.0.1.pyc,Raw/Archives/Archive/tests/api/__pycache__/test_config_schema_guard.cpython-311-pytest-9.0.1.pyc,,,,,,PYC,pyc,9019,,,,,,
test_scenario_analytics_schema_guard_integration.cpython-311-pytest-9.0.1.pyc,Raw/Archives/Archive/tests/api/__pycache__/test_scenario_analytics_schema_guard_integration.cpython-311-pytest-9.0.1.pyc,,,,,,PYC,pyc,11873,,,,,,
test_cashflow_v14_rows2.cpython-311-pytest-9.0.1.pyc,Raw/Archives/Archive/tests/api/__pycache__/test_cashflow_v14_rows2.cpython-311-pytest-9.0.1.pyc,,,,,,PYC,pyc,5245,,,,,,
test_epc_helper_v14.cpython-311-pytest-9.0.1.pyc,Raw/Archives/Archive/tests/api/__pycache__/test_epc_helper_v14.cpython-311-pytest-9.0.1.pyc,,,,,,PYC,pyc,10302,,,,,,
test_debt_v14_construction.cpython-311-pytest-9.0.1.pyc,Raw/Archives/Archive/tests/api/__pycache__/test_debt_v14_construction.cpython-311-pytest-9.0.1.pyc,,,,,,PYC,pyc,13293,,,,,,
test_finance_utils.cpython-311-pytest-9.0.1.pyc,Raw/Archives/Archive/tests/api/__pycache__/test_finance_utils.cpython-311-pytest-9.0.1.pyc,,,,,,PYC,pyc,11755,,,,,,
test_metrics_module.cpython-311-pytest-9.0.1.pyc,Raw/Archives/Archive/tests/api/__pycache__/test_metrics_module.cpython-311-pytest-9.0.1.pyc,,,,,,PYC,pyc,15474,,,,,,
test_covenants_ring_fence_smoke_v14.cpython-311-pytest-9.0.1.pyc,Raw/Archives/Archive/tests/api/__pycache__/test_covenants_ring_fence_smoke_v14.cpython-311-pytest-9.0.1.pyc,,,,,,PYC,pyc,15646,,,,,,
test_export_helpers_v14.cpython-311-pytest-9.0.1.pyc,Raw/Archives/Archive/tests/api/__pycache__/test_export_helpers_v14.cpython-311-pytest-9.0.1.pyc,,,,,,PYC,pyc,11158,,,,,,
test_cashflow_module.cpython-311-pytest-9.0.1.pyc,Raw/Archives/Archive/tests/api/__pycache__/test_cashflow_module.cpython-311-pytest-9.0.1.pyc,,,,,,PYC,pyc,9992,,,,,,
test_v14_lender_suite.cpython-311-pytest-9.0.1.pyc,Raw/Archives/Archive/tests/api/__pycache__/test_v14_lender_suite.cpython-311-pytest-9.0.1.pyc,,,,,,PYC,pyc,21089,,,,,,
test_equity_v14.cpython-311-pytest-9.0.1.pyc,Raw/Archives/Archive/tests/api/__pycache__/test_equity_v14.cpython-311-pytest-9.0.1.pyc,,,,,,PYC,pyc,27667,,,,,,
test_tax_calculator_v14.cpython-311-pytest-9.0.1.pyc,Raw/Archives/Archive/tests/api/__pycache__/test_tax_calculator_v14.cpython-311-pytest-9.0.1.pyc,,,,,,PYC,pyc,13169,,,,,,
test_executive_workbook_import.cpython-311-pytest-9.0.1.pyc,Raw/Archives/Archive/tests/api/__pycache__/test_executive_workbook_import.cpython-311-pytest-9.0.1.pyc,,,,,,PYC,pyc,808,,,,,,
test_cashflow_v14.cpython-311-pytest-9.0.1.pyc,Raw/Archives/Archive/tests/api/__pycache__/test_cashflow_v14.cpython-311-pytest-9.0.1.pyc,,,,,,PYC,pyc,16501,,,,,,
test_covenants_v14.cpython-311-pytest-9.0.1.pyc,Raw/Archives/Archive/tests/api/__pycache__/test_covenants_v14.cpython-311-pytest-9.0.1.pyc,,,,,,PYC,pyc,17772,,,,,,
test_irr_core.cpython-311-pytest-9.0.1.pyc,Raw/Archives/Archive/tests/api/__pycache__/test_irr_core.cpython-311-pytest-9.0.1.pyc,,,,,,PYC,pyc,10087,,,,,,
test_covenants_lendercase_2025Q4.cpython-311-pytest-9.0.1.pyc,Raw/Archives/Archive/tests/api/__pycache__/test_covenants_lendercase_2025Q4.cpython-311-pytest-9.0.1.pyc,,,,,,PYC,pyc,7024,,,,,,
test_executive_workbook_smoke.cpython-311-pytest-9.0.1.pyc,Raw/Archives/Archive/tests/api/__pycache__/test_executive_workbook_smoke.cpython-311-pytest-9.0.1.pyc,,,,,,PYC,pyc,8276,,,,,,
test_fx_resolver_unit.cpython-311-pytest-9.0.1.pyc,Raw/Archives/Archive/tests/api/__pycache__/test_fx_resolver_unit.cpython-311-pytest-9.0.1.pyc,,,,,,PYC,pyc,13955,,,,,,
test_contracts.py,Raw/Archives/Archive/tests/finance/test_contracts.py,,,,,,PY,py,13740,,,,,,
test_contracts.cpython-311-pytest-9.0.1.pyc,Raw/Archives/Archive/tests/finance/__pycache__/test_contracts.cpython-311-pytest-9.0.1.pyc,,,,,,PYC,pyc,55434,,,,,,
cashflow_v14.py,Raw/Archives/dutchbay_cashflow_v14_mypyfix/finance/cashflow_v14.py,,,,,,PY,py,49449,,,,,,
README_risk_haircut_patch.txt,Raw/Archives/DutchBay_RiskHaircut_Patch_20251204/DutchBay_RiskHaircut_Patch_20251204/README_risk_haircut_patch.txt,,,,,,TXT,txt,3356,,,,,,
test_cashflow_risk_haircut_v14.py,Raw/Archives/DutchBay_RiskHaircut_Patch_20251204/DutchBay_RiskHaircut_Patch_20251204/tests/api/test_cashflow_risk_haircut_v14.py,,,,,,PY,py,2527,,,,,,
DutchBay_Cabinet_Paper_Summary_Final.docx,Raw/Docs/Policy/DutchBay_Cabinet_Paper_Summary_Final.docx,Raw,Policy,Cabinet/EOI,DutchBay_Wind_150MW,DB-POL-0007,DOCX,docx,31597,sha256:f2cd199208dde73c4d340d9d3100be8d972712a6d0227078cab58768ec4608e1,policy;cabinet/eoi;dutchbay,2025-12-07T02:46:13.410750+00:00,active,v01,uploaded:/mnt/data/DutchBay_Cabinet_Paper_Summary_Final.docx
EOI Cabinet paper - Sept 2025.pdf,Raw/Docs/Policy/EOI Cabinet paper - Sept 2025.pdf,Raw,Policy,Cabinet/EIA,DutchBay_Wind_150MW,DB-POL-0011,PDF,pdf,6607407,sha256:0c9b107ac9e29f02ffca64097fc34cd7b70485a9b3bf1ad58ea607c9340bd416,policy;cabinet/eia;dutchbay,2025-12-07T02:46:13.410750+00:00,active,v01,uploaded:/mnt/data/EOI Cabinet paper - Sept 2025.pdf
EOI Cabinet paper - Sept 2025_removed (1).docx,Raw/Docs/Policy/EOI Cabinet paper - Sept 2025_removed (1).docx,Raw,Policy,Cabinet/EOI,DutchBay_Wind_150MW,DB-POL-0043,DOCX,docx,1499464,sha256:8f1a94e5be2b0c24badffe34d818fe05456a0a9df0e31bf9a3ddc85e983204b2,policy;cabinet/eoi;dutchbay,2025-12-07T02:46:13.410750+00:00,active,v01,uploaded:/mnt/data/EOI Cabinet paper - Sept 2025_removed (1).docx
Draft investment proposal to JKH - drafted according to JKH request.docx,Raw/Docs/Finance/Draft investment proposal to JKH - drafted according to JKH request.docx,Raw,Finance,Investment/Risk,DutchBay_Wind_150MW,DB-FIN-0003,DOCX,docx,62301,sha256:df33e0dde300cf95223d6b745a0d095333fe0e42f28c2840a28046af1388495a,finance;investment/risk;dutchbay,2025-12-07T02:46:13.410750+00:00,active,v01,uploaded:/mnt/data/Draft investment proposal to JKH - drafted according to JKH request.docx
Draft investment proposal to JKH - drafted according to JKH request(2).docx,Raw/Docs/Finance/Draft investment proposal to JKH - drafted according to JKH request(2).docx,Raw,Finance,Investment/Risk,DutchBay_Wind_150MW,DB-FIN-0029,DOCX,docx,62301,sha256:df33e0dde300cf95223d6b745a0d095333fe0e42f28c2840a28046af1388495a,finance;investment/risk;dutchbay,2025-12-07T02:46:13.410750+00:00,active,v01,uploaded:/mnt/data/Draft investment proposal to JKH - drafted according to JKH request(2).docx
IC_Memo_Explanatory_Annex_Dutch_Bay_150MW_v1.docx,Raw/Docs/Finance/IC_Memo_Explanatory_Annex_Dutch_Bay_150MW_v1.docx,Raw,Finance,ICMemo,DutchBay_Wind_150MW,DB-FIN-0035,DOCX,docx,40218,sha256:397d14820443cc9edd0271e443b747a1c3385574d8e6d4ab5f9d2260606dcd37,finance;icmemo;dutchbay,2025-12-07T02:46:13.410750+00:00,active,v01,uploaded:/mnt/data/IC_Memo_Explanatory_Annex_Dutch_Bay_150MW_v1.docx
DutchBay_150MW_BoardNarrative_Final_49Eligible_Corrected.docx,Raw/Docs/Finance/DutchBay_150MW_BoardNarrative_Final_49Eligible_Corrected.docx,Raw,Finance,Narrative/Board,DutchBay_Wind_150MW,DB-FIN-0037,DOCX,docx,29621,sha256:00fa4241cc7ec6d01d1fdef0e85414b271a4ccfd80139b0392ffa003c46114a0,finance;narrative/board;dutchbay,2025-12-07T02:46:13.410750+00:00,active,v01,uploaded:/mnt/data/DutchBay_150MW_BoardNarrative_Final_49Eligible_Corrected.docx
DutchBay_150MW_Narrative.docx,Raw/Docs/Finance/DutchBay_150MW_Narrative.docx,Raw,Finance,Narrative/Board,DutchBay_Wind_150MW,DB-FIN-0039,DOCX,docx,29719,sha256:9b82e608d94c51e914b5e3149d74c7c88ec56f8a90c475595882050cefe28e18,finance;narrative/board;dutchbay,2025-12-07T02:46:13.410750+00:00,active,v01,uploaded:/mnt/data/DutchBay_150MW_Narrative.docx
chunk 1-8 investment report dutchbay.docx,Raw/Docs/Finance/chunk 1-8 investment report dutchbay.docx,Raw,Finance,Investment/Risk,DutchBay_Wind_150MW,DB-FIN-0045,DOCX,docx,100603,sha256:5ed615f8129c605ffd01fedc9bf579d929cca0fc010846f5ec2e2b33da4b565e,finance;investment/risk;dutchbay,2025-12-07T02:46:13.410750+00:00,active,v01,uploaded:/mnt/data/chunk 1-8 investment report dutchbay.docx
Step2_Financial_Valuation_and_Risk.docx,Raw/Docs/Finance/Step2_Financial_Valuation_and_Risk.docx,Raw,Finance,Investment/Risk,DutchBay_Wind_150MW,DB-FIN-0049,DOCX,docx,38897,sha256:97de43605febaec2748a42922040efca49903c0b05dd5690810f534ef29e2861,finance;investment/risk;dutchbay,2025-12-07T02:46:13.410750+00:00,active,v01,uploaded:/mnt/data/Step2_Financial_Valuation_and_Risk.docx
DutchBay_Current_Status_2025.docx,Raw/Docs/Technical/DutchBay_Current_Status_2025.docx,Raw,Technical,WordDoc,DutchBay_Wind_150MW,DB-TECH-0009,DOCX,docx,32157,sha256:4e32ed069b618abc4d2f9edea619435e1cd4f0b0804d8f52675135359c836841,technical;worddoc;dutchbay,2025-12-07T02:46:13.410750+00:00,active,v01,uploaded:/mnt/data/DutchBay_Current_Status_2025.docx
debt_v14_refactored.py,Raw/Code/EPCModel/debt_v14_refactored.py,Raw,Code,Python,DutchBay_Wind_150MW,DB-CODE-0005,PY,py,21181,sha256:214a01482859af5e8caa54e6d3a1bcea14a0f81c71d6f292e4563d3f78663a6e,code;python;dutchbay,2025-12-07T02:46:13.410750+00:00,active,v01,uploaded:/mnt/data/debt_v14_refactored.py
test_dutchbay_model.py,Raw/Code/EPCModel/test_dutchbay_model.py,Raw,Code,Python,DutchBay_Wind_150MW,DB-CODE-0033,PY,py,23672,sha256:0a1fd5e39843f724cd6bb21a4b40f92c54e0c660411eea9c6ebf108ffeaba4b7,code;python;dutchbay,2025-12-07T02:46:13.410750+00:00,active,v01,uploaded:/mnt/data/test_dutchbay_model.py
cashflow_v14 (3).py,Raw/Code/EPCModel/cashflow_v14 (3).py,Raw,Code,Python,DutchBay_Wind_150MW,DB-CODE-0053,PY,py,50151,sha256:b785df54ea1c7efc165592e3ff403baa4c35c35da5012f8c3dc303c7f7cef43f,code;python;dutchbay,2025-12-07T02:46:13.410750+00:00,active,v01,uploaded:/mnt/data/cashflow_v14 (3).py
cashflow_v14.py,Raw/Code/EPCModel/cashflow_v14.py,Raw,Code,Python,DutchBay_Wind_150MW,DB-CODE-0057,PY,py,49449,sha256:ffc3c1ae2f890db6db8b64e0660b426b96ad251980a3d96a8bf6aa7b697a7c99,code;python;dutchbay,2025-12-07T02:46:13.410750+00:00,active,v01,uploaded:/mnt/data/cashflow_v14.py
cashflow_v14_refactored.py,Raw/Code/EPCModel/cashflow_v14_refactored.py,Raw,Code,Python,DutchBay_Wind_150MW,DB-CODE-0061,PY,py,45529,sha256:95d4d1585e9c49abee721829bf65a3477182ed5d5e4660de103a841e63ac0650,code;python;dutchbay,2025-12-07T02:46:13.410750+00:00,active,v01,uploaded:/mnt/data/cashflow_v14_refactored.py
cashflow_v14 (1).py,Raw/Code/EPCModel/cashflow_v14 (1).py,Raw,Code,Python,DutchBay_Wind_150MW,DB-CODE-0063,PY,py,41791,sha256:9468233fda89e137a757e6ffe11e7dfdcf6a1f8abfe5f8227dc57f70c2e8b4f0,code;python;dutchbay,2025-12-07T02:46:13.410750+00:00,active,v01,uploaded:/mnt/data/cashflow_v14 (1).py
cashflow_v14_refactored (1).py,Raw/Code/EPCModel/cashflow_v14_refactored (1).py,Raw,Code,Python,DutchBay_Wind_150MW,DB-CODE-0065,PY,py,55846,sha256:23b0e3870714e0f65b1187b94482e2a8e6573985120a0a736ec2b7a1fc8d95b9,code;python;dutchbay,2025-12-07T02:46:13.410750+00:00,active,v01,uploaded:/mnt/data/cashflow_v14_refactored (1).py
cashflow_v14 (2).py,Raw/Code/EPCModel/cashflow_v14 (2).py,Raw,Code,Python,DutchBay_Wind_150MW,DB-CODE-0067,PY,py,49316,sha256:1d9ad134278823f5cc7dc32f0c69507a8a594ba137d00432c584e4c64c660b5d,code;python;dutchbay,2025-12-07T02:46:13.410750+00:00,active,v01,uploaded:/mnt/data/cashflow_v14 (2).py
DutchBay_EPC_20251206_1625.txt,Raw/Code/Notes/DutchBay_EPC_20251206_1625.txt,Raw,Code,Notes,DutchBay_Wind_150MW,DB-CODE-0001,TXT,txt,2576056,sha256:c5d6c3e7ff10e4a085957cdc97577ea3ba370abdc8efffa7333e64b639b277d4,code;notes;dutchbay,2025-12-07T02:46:13.410750+00:00,active,v01,uploaded:/mnt/data/DutchBay_EPC_20251206_1625.txt
Enhanced CLI with Docstrings & Hooking.md,Raw/Code/Notes/Enhanced CLI with Docstrings & Hooking.md,Raw,Code,Notes,DutchBay_Wind_150MW,DB-CODE-0031,MD,md,17274,sha256:1c796cf5aa24858b6fbe1e6fb8899bd33b81e3212120abde0adf36111c1a0d34,code;notes;dutchbay,2025-12-07T02:46:13.410750+00:00,active,v01,uploaded:/mnt/data/Enhanced CLI with Docstrings & Hooking.md
97425dc7 copy.txt,Raw/Code/Notes/97425dc7 copy.txt,Raw,Code,Notes,DutchBay_Wind_150MW,DB-CODE-0041,TXT,txt,123684,sha256:021f77a122fb5e9987af8a55807feb9f43f5bf60d359f2af12627d5c3d686194,code;notes;dutchbay,2025-12-07T02:46:13.410750+00:00,active,v01,uploaded:/mnt/data/97425dc7 copy.txt
