file_name,lake_path,zone,category,subcategory,project,manifest_id,file_format,extension,size_bytes,checksum,tags,created_at,status,version,source_reference
DataLake_Manifest_All.json,DataLake_Manifest_All.json,,,,,,JSON,json,29988,,,,,,
DutchBay_DataLake_Catalog_20251207_0210.csv,Curated/Catalogs/DutchBay_DataLake_Catalog_20251207_0210.csv,,,,,,CSV,csv,1,,,,,,
Wind_Ingest_MiniCatalog_20251207.xlsx,Raw/Wind_Ingest_MiniCatalog_20251207.xlsx,Raw,Misc,Uncategorized,DutchBay_Wind_150MW,DB-MISC-0013,XLSX,xlsx,19742,sha256:9bb1d7abf4d7c6bb00f203042fd3f114bb2f3321e34a7ff919964101aaa0bdee,misc;uncategorized;dutchbay,2025-12-07T02:46:13.410750+00:00,active,v01,uploaded:/mnt/data/Wind_Ingest_MiniCatalog_20251207.xlsx
Wind_Ingest_MiniCatalog_20251207.csv,Raw/Wind_Ingest_MiniCatalog_20251207.csv,Raw,Misc,Uncategorized,DutchBay_Wind_150MW,DB-MISC-0019,CSV,csv,60006,sha256:b3852a353d6356a8964420469682c81c60a01618a9a9532580bf6a562698c74d,misc;uncategorized;dutchbay,2025-12-07T02:46:13.410750+00:00,active,v01,uploaded:/mnt/data/Wind_Ingest_MiniCatalog_20251207.csv
chunk 1-8 investment report dutchbay,Raw/chunk 1-8 investment report dutchbay,Raw,Misc,Uncategorized,DutchBay_Wind_150MW,DB-MISC-0051,,,126628,sha256:31fd13ce216692ba9b30d8301821c55221baf15cc31bb4a580b9789c4279ef07,misc;uncategorized;dutchbay,2025-12-07T02:46:13.410750+00:00,active,v01,uploaded:/mnt/data/chunk 1-8 investment report dutchbay
Largest wind files - separate zip.zip,Raw/Archives/Largest wind files - separate zip.zip,Raw,Archives,ZipBundle,DutchBay_Wind_150MW,DB-ARCH-0017,ZIP,zip,99163167,sha256:76bc3bfc332b8aa3e2902290ee7b5d8bc99b54f69986eb2d02ba98ba133f74c5,archives;zipbundle;dutchbay,2025-12-07T02:46:13.410750+00:00,active,v01,uploaded:/mnt/data/Largest wind files - separate zip.zip
wind farms.zip,Raw/Archives/wind farms.zip,Raw,Archives,ZipBundle,DutchBay_Wind_150MW,DB-ARCH-0021,ZIP,zip,10992751,sha256:3e2494e6e8ed83237b0a2835b113d0489def8fca409e588169fff5703b20b7d3,archives;zipbundle;dutchbay,2025-12-07T02:46:13.410750+00:00,active,v01,uploaded:/mnt/data/wind farms.zip
Archive.zip,Raw/Archives/Archive.zip,Raw,Archives,ZipBundle,DutchBay_Wind_150MW,DB-ARCH-0023,ZIP,zip,2409512,sha256:5fda47b9690df01f006475f9beba7a11db6c579fc51290a193d70ffcb6bb2659,archives;zipbundle;dutchbay,2025-12-07T02:46:13.410750+00:00,active,v01,uploaded:/mnt/data/Archive.zip
dutchbay_unified_project_epc_schema_ready_versioned_smoke.zip,Raw/Archives/dutchbay_unified_project_epc_schema_ready_versioned_smoke.zip,Raw,Archives,ZipBundle,DutchBay_Wind_150MW,DB-ARCH-0025,ZIP,zip,154531,sha256:ce7015112774643b69e6ff8471b41027d628bb81975eaa549db6287053b28730,archives;zipbundle;dutchbay,2025-12-07T02:46:13.410750+00:00,active,v01,uploaded:/mnt/data/dutchbay_unified_project_epc_schema_ready_versioned_smoke.zip
large files from wind - to be zipped separarely.zip,Raw/Archives/large files from wind - to be zipped separarely.zip,Raw,Archives,ZipBundle,DutchBay_Wind_150MW,DB-ARCH-0027,ZIP,zip,26063998,sha256:ec57a5314e836af73c357bf15e99141fed9da540c99ab8962a2f2dc863886ee9,archives;zipbundle;dutchbay,2025-12-07T02:46:13.410750+00:00,active,v01,uploaded:/mnt/data/large files from wind - to be zipped separarely.zip
dutchbay_cashflow_v14_mypyfix.zip,Raw/Archives/dutchbay_cashflow_v14_mypyfix.zip,Raw,Archives,ZipBundle,DutchBay_Wind_150MW,DB-ARCH-0055,ZIP,zip,10835,sha256:ddafa9b5655be781c5b13c84fef0020b4a45bc2817adbf151d98ebd0a3d0a000,archives;zipbundle;dutchbay,2025-12-07T02:46:13.410750+00:00,active,v01,uploaded:/mnt/data/dutchbay_cashflow_v14_mypyfix.zip
DutchBay_RiskHaircut_Patch_20251204.zip,Raw/Archives/DutchBay_RiskHaircut_Patch_20251204.zip,Raw,Archives,ZipBundle,DutchBay_Wind_150MW,DB-ARCH-0059,ZIP,zip,2608,sha256:b8ea8e3dca1e4cbf5ae5a0b08581602c4f7a523bbe4f593b763948e781a4b5fc,archives;zipbundle;dutchbay,2025-12-07T02:46:13.410750+00:00,active,v01,uploaded:/mnt/data/DutchBay_RiskHaircut_Patch_20251204.zip
LKA_power-density_150m.tif,Raw/Archives/Largest wind files - separate zip/Largest wind files - separate zip/LKA_power-density_150m.tif,,,,,,TIF,tif,20651298,,,,,,
LKA_capacity-factor_IEC3.tif,Raw/Archives/Largest wind files - separate zip/Largest wind files - separate zip/LKA_capacity-factor_IEC3.tif,,,,,,TIF,tif,20957226,,,,,,
Wind Resources.pdf,Raw/Archives/Largest wind files - separate zip/Largest wind files - separate zip/Wind Resources.pdf,,,,,,PDF,pdf,21668507,,,,,,
LKA_combined-Weibull-A_150m.tif,Raw/Archives/Largest wind files - separate zip/Largest wind files - separate zip/LKA_combined-Weibull-A_150m.tif,,,,,,TIF,tif,19823666,,,,,,
LKA_wind-speed_150m.tif,Raw/Archives/Largest wind files - separate zip/Largest wind files - separate zip/LKA_wind-speed_150m.tif,,,,,,TIF,tif,20078511,,,,,,
._LKA_power-density_150m.tif,Raw/Archives/Largest wind files - separate zip/__MACOSX/Largest wind files - separate zip/._LKA_power-density_150m.tif,,,,,,TIF,tif,556,,,,,,
._LKA_capacity-factor_IEC3.tif,Raw/Archives/Largest wind files - separate zip/__MACOSX/Largest wind files - separate zip/._LKA_capacity-factor_IEC3.tif,,,,,,TIF,tif,558,,,,,,
._Wind Resources.pdf,Raw/Archives/Largest wind files - separate zip/__MACOSX/Largest wind files - separate zip/._Wind Resources.pdf,,,,,,PDF,pdf,494,,,,,,
._LKA_combined-Weibull-A_150m.tif,Raw/Archives/Largest wind files - separate zip/__MACOSX/Largest wind files - separate zip/._LKA_combined-Weibull-A_150m.tif,,,,,,TIF,tif,561,,,,,,
._LKA_wind-speed_150m.tif,Raw/Archives/Largest wind files - separate zip/__MACOSX/Largest wind files - separate zip/._LKA_wind-speed_150m.tif,,,,,,TIF,tif,553,,,,,,
LuNeng - Developers - Wind energy market players - Online access - The Wind Power.mhtml,Raw/Archives/wind farms/wind farms/LuNeng - Developers - Wind energy market players - Online access - The Wind Power.mhtml,,,,,,MHTML,mhtml,298679,,,,,,
Mortenson - Developers - Wind energy market players - Online access - The Wind Power.mhtml,Raw/Archives/wind farms/wind farms/Mortenson - Developers - Wind energy market players - Online access - The Wind Power.mhtml,,,,,,MHTML,mhtml,379050,,,,,,
ABO-Wind - Developers - Wind energy market players - Online access - The Wind Power.mhtml,Raw/Archives/wind farms/wind farms/ABO-Wind - Developers - Wind energy market players - Online access - The Wind Power.mhtml,,,,,,MHTML,mhtml,450590,,,,,,
EDF renewables - Developers - Wind energy market players - Online access - The Wind Power.mhtml,Raw/Archives/wind farms/wind farms/EDF renewables - Developers - Wind energy market players - Online access - The Wind Power.mhtml,,,,,,MHTML,mhtml,495856,,,,,,
Envision EN-182_8.0 - Manufacturers and turbines - Online access - The Wind Power.mhtml,Raw/Archives/wind farms/wind farms/Envision EN-182_8.0 - Manufacturers and turbines - Online access - The Wind Power.mhtml,,,,,,MHTML,mhtml,287127,,,,,,
Wuling Power Corporation - Main list - Wind energy market players - Online access - The Wind Power.mhtml,Raw/Archives/wind farms/wind farms/Wuling Power Corporation - Main list - Wind energy market players - Online access - The Wind Power.mhtml,,,,,,MHTML,mhtml,283594,,,,,,
handler_discovery.json,Raw/Archives/wind farms/wind farms/handler_discovery.json,,,,,,JSON,json,1368,,,,,,
Shandong Swiss Electric - Manufacturers and turbines - Online access - The Wind Power.mhtml,Raw/Archives/wind farms/wind farms/Shandong Swiss Electric - Manufacturers and turbines - Online access - The Wind Power.mhtml,,,,,,MHTML,mhtml,395084,,,,,,
e.n.o. energy - Manufacturers and turbines - Online access - The Wind Power.mhtml,Raw/Archives/wind farms/wind farms/e.n.o. energy - Manufacturers and turbines - Online access - The Wind Power.mhtml,,,,,,MHTML,mhtml,355259,,,,,,
Huaneng Group - Developers - Wind energy market players - Online access - The Wind Power.mhtml,Raw/Archives/wind farms/wind farms/Huaneng Group - Developers - Wind energy market players - Online access - The Wind Power.mhtml,,,,,,MHTML,mhtml,307548,,,,,,
≡ƒÄë PERFECT! Pipeline Running Successfully with Corr.md,Raw/Archives/wind farms/wind farms/≡ƒÄë PERFECT! Pipeline Running Successfully with Corr.md,,,,,,MD,md,1915,,,,,,
Developers - Players - Online store and quote request - The Wind Power.mhtml,Raw/Archives/wind farms/wind farms/Developers - Players - Online store and quote request - The Wind Power.mhtml,,,,,,MHTML,mhtml,379828,,,,,,
.DS_Store,Raw/Archives/wind farms/wind farms/.DS_Store,,,,,,,,6148,,,,,,
Norvento - Manufacturers and turbines - Online access - The Wind Power.mhtml,Raw/Archives/wind farms/wind farms/Norvento - Manufacturers and turbines - Online access - The Wind Power.mhtml,,,,,,MHTML,mhtml,324826,,,,,,
check_sensitivity.md,Raw/Archives/wind farms/wind farms/check_sensitivity.md,,,,,,MD,md,45440,,,,,,
Windey - Manufacturers and turbines - Online access - The Wind Power.mhtml,Raw/Archives/wind farms/wind farms/Windey - Manufacturers and turbines - Online access - The Wind Power.mhtml,,,,,,MHTML,mhtml,481293,,,,,,
518dfd5f8c36dc6209c99374287d4387.nc,Raw/Archives/wind farms/wind farms/518dfd5f8c36dc6209c99374287d4387.nc,,,,,,NC,nc,485035,,,,,,
Alabat (Philippines) - Wind farms - Online access - The Wind Power.mhtml,Raw/Archives/wind farms/wind farms/Alabat (Philippines) - Wind farms - Online access - The Wind Power.mhtml,,,,,,MHTML,mhtml,286819,,,,,,
China Datang Corporation renewable Power Co - Developers - Wind energy market players - Online access - The Wind Power.mhtml,Raw/Archives/wind farms/wind farms/China Datang Corporation renewable Power Co - Developers - Wind energy market players - Online access - The Wind Power.mhtml,,,,,,MHTML,mhtml,337404,,,,,,
BOREAS - Developers - Wind energy market players - Online access - The Wind Power.mhtml,Raw/Archives/wind farms/wind farms/BOREAS - Developers - Wind energy market players - Online access - The Wind Power.mhtml,,,,,,MHTML,mhtml,441128,,,,,,
Enel GreenPower - Developers - Wind energy market players - Online access - The Wind Power.mhtml,Raw/Archives/wind farms/wind farms/Enel GreenPower - Developers - Wind energy market players - Online access - The Wind Power.mhtml,,,,,,MHTML,mhtml,467608,,,,,,
Help - Premium Access - Online access - The Wind Power - Wind energy Market Intelligence.mhtml,Raw/Archives/wind farms/wind farms/Help - Premium Access - Online access - The Wind Power - Wind energy Market Intelligence.mhtml,,,,,,MHTML,mhtml,278956,,,,,,
Neom - Owners - Wind energy market players - Online access - The Wind Power.mhtml,Raw/Archives/wind farms/wind farms/Neom - Owners - Wind energy market players - Online access - The Wind Power.mhtml,,,,,,MHTML,mhtml,284533,,,,,,
China Creative Wind Energy - Manufacturers and turbines - Online access - The Wind Power.mhtml,Raw/Archives/wind farms/wind farms/China Creative Wind Energy - Manufacturers and turbines - Online access - The Wind Power.mhtml,,,,,,MHTML,mhtml,348181,,,,,,
CSIC HZ Windpower - Manufacturers and turbines - Online access - The Wind Power.mhtml,Raw/Archives/wind farms/wind farms/CSIC HZ Windpower - Manufacturers and turbines - Online access - The Wind Power.mhtml,,,,,,MHTML,mhtml,350539,,,,,,
WEG - Manufacturers and turbines - Online access - The Wind Power.mhtml,Raw/Archives/wind farms/wind farms/WEG - Manufacturers and turbines - Online access - The Wind Power.mhtml,,,,,,MHTML,mhtml,331509,,,,,,
Acciona Energia - Developers - Wind energy market players - Online access - The Wind Power.mhtml,Raw/Archives/wind farms/wind farms/Acciona Energia - Developers - Wind energy market players - Online access - The Wind Power.mhtml,,,,,,MHTML,mhtml,526270,,,,,,
Continuum Wind Energy - Developers - Wind energy market players - Online access - The Wind Power.mhtml,Raw/Archives/wind farms/wind farms/Continuum Wind Energy - Developers - Wind energy market players - Online access - The Wind Power.mhtml,,,,,,MHTML,mhtml,298230,,,,,,
WPD - Developers - Wind energy market players - Online access - The Wind Power.mhtml,Raw/Archives/wind farms/wind farms/WPD - Developers - Wind energy market players - Online access - The Wind Power.mhtml,,,,,,MHTML,mhtml,608168,,,,,,
Developers - Wind energy market players - Online access - The Wind Power.mhtml,Raw/Archives/wind farms/wind farms/Developers - Wind energy market players - Online access - The Wind Power.mhtml,,,,,,MHTML,mhtml,954024,,,,,,
WPO - Developers - Wind energy market players - Online access - The Wind Power.mhtml,Raw/Archives/wind farms/wind farms/WPO - Developers - Wind energy market players - Online access - The Wind Power.mhtml,,,,,,MHTML,mhtml,408571,,,,,,
Manufacturers - Manufacturers and turbines - Online store and quote request - The Wind Power.mhtml,Raw/Archives/wind farms/wind farms/Manufacturers - Manufacturers and turbines - Online store and quote request - The Wind Power.mhtml,,,,,,MHTML,mhtml,378522,,,,,,
LongYuan - Developers - Wind energy market players - Online access - The Wind Power.mhtml,Raw/Archives/wind farms/wind farms/LongYuan - Developers - Wind energy market players - Online access - The Wind Power.mhtml,,,,,,MHTML,mhtml,371151,,,,,,
W2E - Manufacturers and turbines - Online access - The Wind Power.mhtml,Raw/Archives/wind farms/wind farms/W2E - Manufacturers and turbines - Online access - The Wind Power.mhtml,,,,,,MHTML,mhtml,385978,,,,,,
ACWA Power - Owners - Wind energy market players - Online access - The Wind Power.mhtml,Raw/Archives/wind farms/wind farms/ACWA Power - Owners - Wind energy market players - Online access - The Wind Power.mhtml,,,,,,MHTML,mhtml,290101,,,,,,
Power curves - Manufacturers and turbines - Online store and quote request - The Wind Power.mhtml,Raw/Archives/wind farms/wind farms/Power curves - Manufacturers and turbines - Online store and quote request - The Wind Power.mhtml,,,,,,MHTML,mhtml,664143,,,,,,
Siemens-Gamesa - Manufacturers and turbines - Online access - The Wind Power.mhtml,Raw/Archives/wind farms/wind farms/Siemens-Gamesa - Manufacturers and turbines - Online access - The Wind Power.mhtml,,,,,,MHTML,mhtml,403945,,,,,,
Envision EN-171_6.5 - Manufacturers and turbines - Online access - The Wind Power.mhtml,Raw/Archives/wind farms/wind farms/Envision EN-171_6.5 - Manufacturers and turbines - Online access - The Wind Power.mhtml,,,,,,MHTML,mhtml,288102,,,,,,
sam-cashflow-sample-merchant-plant-2022-11-21.xlsx,Raw/Archives/wind farms/wind farms/sam-cashflow-sample-merchant-plant-2022-11-21.xlsx,,,,,,XLSX,xlsx,265605,,,,,,
Sample_World_Windfarms.xls,Raw/Archives/wind farms/wind farms/Sample_World_Windfarms.xls,,,,,,XLS,xls,138240,,,,,,
Wind turbines - Manufacturers and turbines - Online store and quote request - The Wind Power.mhtml,Raw/Archives/wind farms/wind farms/Wind turbines - Manufacturers and turbines - Online store and quote request - The Wind Power.mhtml,,,,,,MHTML,mhtml,467973,,,,,,
LCOE Calculator - System Advisor Model - SAM.mhtml,Raw/Archives/wind farms/wind farms/LCOE Calculator - System Advisor Model - SAM.mhtml,,,,,,MHTML,mhtml,784143,,,,,,
World - Wind farms - Online store and quote request - The Wind Power.mhtml,Raw/Archives/wind farms/wind farms/World - Wind farms - Online store and quote request - The Wind Power.mhtml,,,,,,MHTML,mhtml,644060,,,,,,
Invenergy - Developers - Wind energy market players - Online access - The Wind Power.mhtml,Raw/Archives/wind farms/wind farms/Invenergy - Developers - Wind energy market players - Online access - The Wind Power.mhtml,,,,,,MHTML,mhtml,387928,,,,,,
EDP Renovaveis - Developers - Wind energy market players - Online access - The Wind Power.mhtml,Raw/Archives/wind farms/wind farms/EDP Renovaveis - Developers - Wind energy market players - Online access - The Wind Power.mhtml,,,,,,MHTML,mhtml,424897,,,,,,
Sample_Manufacturers.xls,Raw/Archives/wind farms/wind farms/Sample_Manufacturers.xls,,,,,,XLS,xls,110592,,,,,,
Tanay (Philippines) - Wind farms - Online access - The Wind Power.mhtml,Raw/Archives/wind farms/wind farms/Tanay (Philippines) - Wind farms - Online access - The Wind Power.mhtml,,,,,,MHTML,mhtml,288800,,,,,,
CSSC┬áHaizhuang - Manufacturers and turbines - Online access - The Wind Power.mhtml,Raw/Archives/wind farms/wind farms/CSSC┬áHaizhuang - Manufacturers and turbines - Online access - The Wind Power.mhtml,,,,,,MHTML,mhtml,388933,,,,,,
Iberdrola Renewables - Developers - Wind energy market players - Online access - The Wind Power.mhtml,Raw/Archives/wind farms/wind farms/Iberdrola Renewables - Developers - Wind energy market players - Online access - The Wind Power.mhtml,,,,,,MHTML,mhtml,415318,,,,,,
Envision - The Wind Power.pdf,Raw/Archives/wind farms/wind farms/Envision - The Wind Power.pdf,,,,,,PDF,pdf,35170,,,,,,
1751344341Statistical_Digest_2024.pdf,Raw/Archives/wind farms/wind farms/1751344341Statistical_Digest_2024.pdf,,,,,,PDF,pdf,675770,,,,,,
LKA.geojson,Raw/Archives/wind farms/wind farms/LKA.geojson,,,,,,GEOJSON,geojson,205193,,,,,,
Dongfang Electric Corporation - Manufacturers and turbines - Online access - The Wind Power.mhtml,Raw/Archives/wind farms/wind farms/Dongfang Electric Corporation - Manufacturers and turbines - Online access - The Wind Power.mhtml,,,,,,MHTML,mhtml,379761,,,,,,
RES - Developers - Wind energy market players - Online access - The Wind Power.mhtml,Raw/Archives/wind farms/wind farms/RES - Developers - Wind energy market players - Online access - The Wind Power.mhtml,,,,,,MHTML,mhtml,487288,,,,,,
China Three Gorges Corporation - Developers - Wind energy market players - Online access - The Wind Power.mhtml,Raw/Archives/wind farms/wind farms/China Three Gorges Corporation - Developers - Wind energy market players - Online access - The Wind Power.mhtml,,,,,,MHTML,mhtml,317271,,,,,,
GE Energy - Manufacturers and turbines - Online access - The Wind Power.mhtml,Raw/Archives/wind farms/wind farms/GE Energy - Manufacturers and turbines - Online access - The Wind Power.mhtml,,,,,,MHTML,mhtml,467852,,,,,,
Sample_Developers (1).xls,Raw/Archives/wind farms/wind farms/Sample_Developers (1).xls,,,,,,XLS,xls,112640,,,,,,
Players - Players - Online store and quote request - The Wind Power.mhtml,Raw/Archives/wind farms/wind farms/Players - Players - Online store and quote request - The Wind Power.mhtml,,,,,,MHTML,mhtml,388366,,,,,,
Sample_Developers.xls,Raw/Archives/wind farms/wind farms/Sample_Developers.xls,,,,,,XLS,xls,112640,,,,,,
NextEra Energy Resources - Developers - Wind energy market players - Online access - The Wind Power.mhtml,Raw/Archives/wind farms/wind farms/NextEra Energy Resources - Developers - Wind energy market players - Online access - The Wind Power.mhtml,,,,,,MHTML,mhtml,427233,,,,,,
Electria Wind - Manufacturers and turbines - Online access - The Wind Power.mhtml,Raw/Archives/wind farms/wind farms/Electria Wind - Manufacturers and turbines - Online access - The Wind Power.mhtml,,,,,,MHTML,mhtml,328430,,,,,,
Nordex - Manufacturers and turbines - Online access - The Wind Power.mhtml,Raw/Archives/wind farms/wind farms/Nordex - Manufacturers and turbines - Online access - The Wind Power.mhtml,,,,,,MHTML,mhtml,411690,,,,,,
Nukus (Uzbekistan) - Wind farms - Online access - The Wind Power.mhtml,Raw/Archives/wind farms/wind farms/Nukus (Uzbekistan) - Wind farms - Online access - The Wind Power.mhtml,,,,,,MHTML,mhtml,285357,,,,,,
Sample_Power_curves.xls,Raw/Archives/wind farms/wind farms/Sample_Power_curves.xls,,,,,,XLS,xls,187904,,,,,,
Goldwind - Manufacturers and turbines - Online access - The Wind Power.mhtml,Raw/Archives/wind farms/wind farms/Goldwind - Manufacturers and turbines - Online access - The Wind Power.mhtml,,,,,,MHTML,mhtml,424442,,,,,,
Owners - Players - Online store and quote request - The Wind Power.mhtml,Raw/Archives/wind farms/wind farms/Owners - Players - Online store and quote request - The Wind Power.mhtml,,,,,,MHTML,mhtml,371774,,,,,,
Guangdong Mingyang - Manufacturers and turbines - Online access - The Wind Power.mhtml,Raw/Archives/wind farms/wind farms/Guangdong Mingyang - Manufacturers and turbines - Online access - The Wind Power.mhtml,,,,,,MHTML,mhtml,432446,,,,,,
PNE - Developers - Wind energy market players - Online access - The Wind Power.mhtml,Raw/Archives/wind farms/wind farms/PNE - Developers - Wind energy market players - Online access - The Wind Power.mhtml,,,,,,MHTML,mhtml,401915,,,,,,
Energiequelle - Developers - Wind energy market players - Online access - The Wind Power.mhtml,Raw/Archives/wind farms/wind farms/Energiequelle - Developers - Wind energy market players - Online access - The Wind Power.mhtml,,,,,,MHTML,mhtml,413517,,,,,,
sam-cashflow-sample-commercial-2022-11-21.xlsx,Raw/Archives/wind farms/wind farms/sam-cashflow-sample-commercial-2022-11-21.xlsx,,,,,,XLSX,xlsx,252836,,,,,,
._LuNeng - Developers - Wind energy market players - Online access - The Wind Power.mhtml,Raw/Archives/wind farms/__MACOSX/wind farms/._LuNeng - Developers - Wind energy market players - Online access - The Wind Power.mhtml,,,,,,MHTML,mhtml,318,,,,,,
._Mortenson - Developers - Wind energy market players - Online access - The Wind Power.mhtml,Raw/Archives/wind farms/__MACOSX/wind farms/._Mortenson - Developers - Wind energy market players - Online access - The Wind Power.mhtml,,,,,,MHTML,mhtml,318,,,,,,
._ABO-Wind - Developers - Wind energy market players - Online access - The Wind Power.mhtml,Raw/Archives/wind farms/__MACOSX/wind farms/._ABO-Wind - Developers - Wind energy market players - Online access - The Wind Power.mhtml,,,,,,MHTML,mhtml,318,,,,,,
._EDF renewables - Developers - Wind energy market players - Online access - The Wind Power.mhtml,Raw/Archives/wind farms/__MACOSX/wind farms/._EDF renewables - Developers - Wind energy market players - Online access - The Wind Power.mhtml,,,,,,MHTML,mhtml,318,,,,,,
._Envision EN-182_8.0 - Manufacturers and turbines - Online access - The Wind Power.mhtml,Raw/Archives/wind farms/__MACOSX/wind farms/._Envision EN-182_8.0 - Manufacturers and turbines - Online access - The Wind Power.mhtml,,,,,,MHTML,mhtml,318,,,,,,
._Wuling Power Corporation - Main list - Wind energy market players - Online access - The Wind Power.mhtml,Raw/Archives/wind farms/__MACOSX/wind farms/._Wuling Power Corporation - Main list - Wind energy market players - Online access - The Wind Power.mhtml,,,,,,MHTML,mhtml,318,,,,,,
._handler_discovery.json,Raw/Archives/wind farms/__MACOSX/wind farms/._handler_discovery.json,,,,,,JSON,json,319,,,,,,
._Shandong Swiss Electric - Manufacturers and turbines - Online access - The Wind Power.mhtml,Raw/Archives/wind farms/__MACOSX/wind farms/._Shandong Swiss Electric - Manufacturers and turbines - Online access - The Wind Power.mhtml,,,,,,MHTML,mhtml,318,,,,,,
._e.n.o. energy - Manufacturers and turbines - Online access - The Wind Power.mhtml,Raw/Archives/wind farms/__MACOSX/wind farms/._e.n.o. energy - Manufacturers and turbines - Online access - The Wind Power.mhtml,,,,,,MHTML,mhtml,318,,,,,,
._Huaneng Group - Developers - Wind energy market players - Online access - The Wind Power.mhtml,Raw/Archives/wind farms/__MACOSX/wind farms/._Huaneng Group - Developers - Wind energy market players - Online access - The Wind Power.mhtml,,,,,,MHTML,mhtml,318,,,,,,
._≡ƒÄë PERFECT! Pipeline Running Successfully with Corr.md,Raw/Archives/wind farms/__MACOSX/wind farms/._≡ƒÄë PERFECT! Pipeline Running Successfully with Corr.md,,,,,,MD,md,475,,,,,,
._Developers - Players - Online store and quote request - The Wind Power.mhtml,Raw/Archives/wind farms/__MACOSX/wind farms/._Developers - Players - Online store and quote request - The Wind Power.mhtml,,,,,,MHTML,mhtml,318,,,,,,
._.DS_Store,Raw/Archives/wind farms/__MACOSX/wind farms/._.DS_Store,,,,,,DS_STORE,DS_Store,120,,,,,,
._Norvento - Manufacturers and turbines - Online access - The Wind Power.mhtml,Raw/Archives/wind farms/__MACOSX/wind farms/._Norvento - Manufacturers and turbines - Online access - The Wind Power.mhtml,,,,,,MHTML,mhtml,318,,,,,,
._check_sensitivity.md,Raw/Archives/wind farms/__MACOSX/wind farms/._check_sensitivity.md,,,,,,MD,md,220,,,,,,
._Windey - Manufacturers and turbines - Online access - The Wind Power.mhtml,Raw/Archives/wind farms/__MACOSX/wind farms/._Windey - Manufacturers and turbines - Online access - The Wind Power.mhtml,,,,,,MHTML,mhtml,318,,,,,,
._518dfd5f8c36dc6209c99374287d4387.nc,Raw/Archives/wind farms/__MACOSX/wind farms/._518dfd5f8c36dc6209c99374287d4387.nc,,,,,,NC,nc,595,,,,,,
._Alabat (Philippines) - Wind farms - Online access - The Wind Power.mhtml,Raw/Archives/wind farms/__MACOSX/wind farms/._Alabat (Philippines) - Wind farms - Online access - The Wind Power.mhtml,,,,,,MHTML,mhtml,318,,,,,,
._China Datang Corporation renewable Power Co - Developers - Wind energy market players - Online access - The Wind Power.mhtml,Raw/Archives/wind farms/__MACOSX/wind farms/._China Datang Corporation renewable Power Co - Developers - Wind energy market players - Online access - The Wind Power.mhtml,,,,,,MHTML,mhtml,318,,,,,,
._BOREAS - Developers - Wind energy market players - Online access - The Wind Power.mhtml,Raw/Archives/wind farms/__MACOSX/wind farms/._BOREAS - Developers - Wind energy market players - Online access - The Wind Power.mhtml,,,,,,MHTML,mhtml,318,,,,,,
._Enel GreenPower - Developers - Wind energy market players - Online access - The Wind Power.mhtml,Raw/Archives/wind farms/__MACOSX/wind farms/._Enel GreenPower - Developers - Wind energy market players - Online access - The Wind Power.mhtml,,,,,,MHTML,mhtml,318,,,,,,
._Help - Premium Access - Online access - The Wind Power - Wind energy Market Intelligence.mhtml,Raw/Archives/wind farms/__MACOSX/wind farms/._Help - Premium Access - Online access - The Wind Power - Wind energy Market Intelligence.mhtml,,,,,,MHTML,mhtml,318,,,,,,
._Neom - Owners - Wind energy market players - Online access - The Wind Power.mhtml,Raw/Archives/wind farms/__MACOSX/wind farms/._Neom - Owners - Wind energy market players - Online access - The Wind Power.mhtml,,,,,,MHTML,mhtml,318,,,,,,
._China Creative Wind Energy - Manufacturers and turbines - Online access - The Wind Power.mhtml,Raw/Archives/wind farms/__MACOSX/wind farms/._China Creative Wind Energy - Manufacturers and turbines - Online access - The Wind Power.mhtml,,,,,,MHTML,mhtml,318,,,,,,
._CSIC HZ Windpower - Manufacturers and turbines - Online access - The Wind Power.mhtml,Raw/Archives/wind farms/__MACOSX/wind farms/._CSIC HZ Windpower - Manufacturers and turbines - Online access - The Wind Power.mhtml,,,,,,MHTML,mhtml,318,,,,,,
._WEG - Manufacturers and turbines - Online access - The Wind Power.mhtml,Raw/Archives/wind farms/__MACOSX/wind farms/._WEG - Manufacturers and turbines - Online access - The Wind Power.mhtml,,,,,,MHTML,mhtml,318,,,,,,
._Acciona Energia - Developers - Wind energy market players - Online access - The Wind Power.mhtml,Raw/Archives/wind farms/__MACOSX/wind farms/._Acciona Energia - Developers - Wind energy market players - Online access - The Wind Power.mhtml,,,,,,MHTML,mhtml,318,,,,,,
._Continuum Wind Energy - Developers - Wind energy market players - Online access - The Wind Power.mhtml,Raw/Archives/wind farms/__MACOSX/wind farms/._Continuum Wind Energy - Developers - Wind energy market players - Online access - The Wind Power.mhtml,,,,,,MHTML,mhtml,318,,,,,,
._WPD - Developers - Wind energy market players - Online access - The Wind Power.mhtml,Raw/Archives/wind farms/__MACOSX/wind farms/._WPD - Developers - Wind energy market players - Online access - The Wind Power.mhtml,,,,,,MHTML,mhtml,318,,,,,,
._Developers - Wind energy market players - Online access - The Wind Power.mhtml,Raw/Archives/wind farms/__MACOSX/wind farms/._Developers - Wind energy market players - Online access - The Wind Power.mhtml,,,,,,MHTML,mhtml,318,,,,,,
._WPO - Developers - Wind energy market players - Online access - The Wind Power.mhtml,Raw/Archives/wind farms/__MACOSX/wind farms/._WPO - Developers - Wind energy market players - Online access - The Wind Power.mhtml,,,,,,MHTML,mhtml,318,,,,,,
._Manufacturers - Manufacturers and turbines - Online store and quote request - The Wind Power.mhtml,Raw/Archives/wind farms/__MACOSX/wind farms/._Manufacturers - Manufacturers and turbines - Online store and quote request - The Wind Power.mhtml,,,,,,MHTML,mhtml,318,,,,,,
._LongYuan - Developers - Wind energy market players - Online access - The Wind Power.mhtml,Raw/Archives/wind farms/__MACOSX/wind farms/._LongYuan - Developers - Wind energy market players - Online access - The Wind Power.mhtml,,,,,,MHTML,mhtml,318,,,,,,
._W2E - Manufacturers and turbines - Online access - The Wind Power.mhtml,Raw/Archives/wind farms/__MACOSX/wind farms/._W2E - Manufacturers and turbines - Online access - The Wind Power.mhtml,,,,,,MHTML,mhtml,318,,,,,,
._ACWA Power - Owners - Wind energy market players - Online access - The Wind Power.mhtml,Raw/Archives/wind farms/__MACOSX/wind farms/._ACWA Power - Owners - Wind energy market players - Online access - The Wind Power.mhtml,,,,,,MHTML,mhtml,318,,,,,,
._Power curves - Manufacturers and turbines - Online store and quote request - The Wind Power.mhtml,Raw/Archives/wind farms/__MACOSX/wind farms/._Power curves - Manufacturers and turbines - Online store and quote request - The Wind Power.mhtml,,,,,,MHTML,mhtml,318,,,,,,
._Siemens-Gamesa - Manufacturers and turbines - Online access - The Wind Power.mhtml,Raw/Archives/wind farms/__MACOSX/wind farms/._Siemens-Gamesa - Manufacturers and turbines - Online access - The Wind Power.mhtml,,,,,,MHTML,mhtml,318,,,,,,
._Envision EN-171_6.5 - Manufacturers and turbines - Online access - The Wind Power.mhtml,Raw/Archives/wind farms/__MACOSX/wind farms/._Envision EN-171_6.5 - Manufacturers and turbines - Online access - The Wind Power.mhtml,,,,,,MHTML,mhtml,318,,,,,,
._sam-cashflow-sample-merchant-plant-2022-11-21.xlsx,Raw/Archives/wind farms/__MACOSX/wind farms/._sam-cashflow-sample-merchant-plant-2022-11-21.xlsx,,,,,,XLSX,xlsx,589,,,,,,
._Sample_World_Windfarms.xls,Raw/Archives/wind farms/__MACOSX/wind farms/._Sample_World_Windfarms.xls,,,,,,XLS,xls,586,,,,,,
._Wind turbines - Manufacturers and turbines - Online store and quote request - The Wind Power.mhtml,Raw/Archives/wind farms/__MACOSX/wind farms/._Wind turbines - Manufacturers and turbines - Online store and quote request - The Wind Power.mhtml,,,,,,MHTML,mhtml,318,,,,,,
._LCOE Calculator - System Advisor Model - SAM.mhtml,Raw/Archives/wind farms/__MACOSX/wind farms/._LCOE Calculator - System Advisor Model - SAM.mhtml,,,,,,MHTML,mhtml,318,,,,,,
._World - Wind farms - Online store and quote request - The Wind Power.mhtml,Raw/Archives/wind farms/__MACOSX/wind farms/._World - Wind farms - Online store and quote request - The Wind Power.mhtml,,,,,,MHTML,mhtml,318,,,,,,
._Invenergy - Developers - Wind energy market players - Online access - The Wind Power.mhtml,Raw/Archives/wind farms/__MACOSX/wind farms/._Invenergy - Developers - Wind energy market players - Online access - The Wind Power.mhtml,,,,,,MHTML,mhtml,318,,,,,,
._EDP Renovaveis - Developers - Wind energy market players - Online access - The Wind Power.mhtml,Raw/Archives/wind farms/__MACOSX/wind farms/._EDP Renovaveis - Developers - Wind energy market players - Online access - The Wind Power.mhtml,,,,,,MHTML,mhtml,318,,,,,,
._Sample_Manufacturers.xls,Raw/Archives/wind farms/__MACOSX/wind farms/._Sample_Manufacturers.xls,,,,,,XLS,xls,592,,,,,,
._Tanay (Philippines) - Wind farms - Online access - The Wind Power.mhtml,Raw/Archives/wind farms/__MACOSX/wind farms/._Tanay (Philippines) - Wind farms - Online access - The Wind Power.mhtml,,,,,,MHTML,mhtml,318,,,,,,
._CSSC┬áHaizhuang - Manufacturers and turbines - Online access - The Wind Power.mhtml,Raw/Archives/wind farms/__MACOSX/wind farms/._CSSC┬áHaizhuang - Manufacturers and turbines - Online access - The Wind Power.mhtml,,,,,,MHTML,mhtml,318,,,,,,
._Iberdrola Renewables - Developers - Wind energy market players - Online access - The Wind Power.mhtml,Raw/Archives/wind farms/__MACOSX/wind farms/._Iberdrola Renewables - Developers - Wind energy market players - Online access - The Wind Power.mhtml,,,,,,MHTML,mhtml,318,,,,,,
._Envision - The Wind Power.pdf,Raw/Archives/wind farms/__MACOSX/wind farms/._Envision - The Wind Power.pdf,,,,,,PDF,pdf,516,,,,,,
._1751344341Statistical_Digest_2024.pdf,Raw/Archives/wind farms/__MACOSX/wind farms/._1751344341Statistical_Digest_2024.pdf,,,,,,PDF,pdf,523,,,,,,
._LKA.geojson,Raw/Archives/wind farms/__MACOSX/wind farms/._LKA.geojson,,,,,,GEOJSON,geojson,478,,,,,,
._Dongfang Electric Corporation - Manufacturers and turbines - Online access - The Wind Power.mhtml,Raw/Archives/wind farms/__MACOSX/wind farms/._Dongfang Electric Corporation - Manufacturers and turbines - Online access - The Wind Power.mhtml,,,,,,MHTML,mhtml,318,,,,,,
._RES - Developers - Wind energy market players - Online access - The Wind Power.mhtml,Raw/Archives/wind farms/__MACOSX/wind farms/._RES - Developers - Wind energy market players - Online access - The Wind Power.mhtml,,,,,,MHTML,mhtml,318,,,,,,
._China Three Gorges Corporation - Developers - Wind energy market players - Online access - The Wind Power.mhtml,Raw/Archives/wind farms/__MACOSX/wind farms/._China Three Gorges Corporation - Developers - Wind energy market players - Online access - The Wind Power.mhtml,,,,,,MHTML,mhtml,318,,,,,,
._GE Energy - Manufacturers and turbines - Online access - The Wind Power.mhtml,Raw/Archives/wind farms/__MACOSX/wind farms/._GE Energy - Manufacturers and turbines - Online access - The Wind Power.mhtml,,,,,,MHTML,mhtml,318,,,,,,
._Sample_Developers (1).xls,Raw/Archives/wind farms/__MACOSX/wind farms/._Sample_Developers (1).xls,,,,,,XLS,xls,574,,,,,,
._Players - Players - Online store and quote request - The Wind Power.mhtml,Raw/Archives/wind farms/__MACOSX/wind farms/._Players - Players - Online store and quote request - The Wind Power.mhtml,,,,,,MHTML,mhtml,318,,,,,,
._Sample_Developers.xls,Raw/Archives/wind farms/__MACOSX/wind farms/._Sample_Developers.xls,,,,,,XLS,xls,574,,,,,,
._NextEra Energy Resources - Developers - Wind energy market players - Online access - The Wind Power.mhtml,Raw/Archives/wind farms/__MACOSX/wind farms/._NextEra Energy Resources - Developers - Wind energy market players - Online access - The Wind Power.mhtml,,,,,,MHTML,mhtml,318,,,,,,
._Electria Wind - Manufacturers and turbines - Online access - The Wind Power.mhtml,Raw/Archives/wind farms/__MACOSX/wind farms/._Electria Wind - Manufacturers and turbines - Online access - The Wind Power.mhtml,,,,,,MHTML,mhtml,318,,,,,,
._Nordex - Manufacturers and turbines - Online access - The Wind Power.mhtml,Raw/Archives/wind farms/__MACOSX/wind farms/._Nordex - Manufacturers and turbines - Online access - The Wind Power.mhtml,,,,,,MHTML,mhtml,318,,,,,,
._Nukus (Uzbekistan) - Wind farms - Online access - The Wind Power.mhtml,Raw/Archives/wind farms/__MACOSX/wind farms/._Nukus (Uzbekistan) - Wind farms - Online access - The Wind Power.mhtml,,,,,,MHTML,mhtml,318,,,,,,
._Sample_Power_curves.xls,Raw/Archives/wind farms/__MACOSX/wind farms/._Sample_Power_curves.xls,,,,,,XLS,xls,591,,,,,,
._Goldwind - Manufacturers and turbines - Online access - The Wind Power.mhtml,Raw/Archives/wind farms/__MACOSX/wind farms/._Goldwind - Manufacturers and turbines - Online access - The Wind Power.mhtml,,,,,,MHTML,mhtml,318,,,,,,
._Owners - Players - Online store and quote request - The Wind Power.mhtml,Raw/Archives/wind farms/__MACOSX/wind farms/._Owners - Players - Online store and quote request - The Wind Power.mhtml,,,,,,MHTML,mhtml,318,,,,,,
._Guangdong Mingyang - Manufacturers and turbines - Online access - The Wind Power.mhtml,Raw/Archives/wind farms/__MACOSX/wind farms/._Guangdong Mingyang - Manufacturers and turbines - Online access - The Wind Power.mhtml,,,,,,MHTML,mhtml,318,,,,,,
._PNE - Developers - Wind energy market players - Online access - The Wind Power.mhtml,Raw/Archives/wind farms/__MACOSX/wind farms/._PNE - Developers - Wind energy market players - Online access - The Wind Power.mhtml,,,,,,MHTML,mhtml,318,,,,,,
._Energiequelle - Developers - Wind energy market players - Online access - The Wind Power.mhtml,Raw/Archives/wind farms/__MACOSX/wind farms/._Energiequelle - Developers - Wind energy market players - Online access - The Wind Power.mhtml,,,,,,MHTML,mhtml,318,,,,,,
._sam-cashflow-sample-commercial-2022-11-21.xlsx,Raw/Archives/wind farms/__MACOSX/wind farms/._sam-cashflow-sample-commercial-2022-11-21.xlsx,,,,,,XLSX,xlsx,585,,,,,,
_fix_run.log,Raw/Archives/Archive/_fix_run.log,,,,,,LOG,log,59340,,,,,,
AAA - instructions for make clean zip.md,Raw/Archives/Archive/AAA - instructions for make clean zip.md,,,,,,MD,md,302,,,,,,
audit_report.json,Raw/Archives/Archive/audit_report.json,,,,,,JSON,json,2440,,,,,,
CHANGELOG.md,Raw/Archives/Archive/CHANGELOG.md,,,,,,MD,md,5110,,,,,,
CHEATSHEET.md,Raw/Archives/Archive/CHEATSHEET.md,,,,,,MD,md,6872,,,,,,
check_venv.sh,Raw/Archives/Archive/check_venv.sh,,,,,,SH,sh,6211,,,,,,
constants.py,Raw/Archives/Archive/constants.py,,,,,,PY,py,1942,,,,,,
coverage.xml,Raw/Archives/Archive/coverage.xml,,,,,,XML,xml,156962,,,,,,
dutchbay_bootstrap_rules.py,Raw/Archives/Archive/dutchbay_bootstrap_rules.py,,,,,,PY,py,4446,,,,,,
dutchbay_bootstrap.py,Raw/Archives/Archive/dutchbay_bootstrap.py,,,,,,PY,py,16053,,,,,,
DutchBay_EPC_Model.sublime-project,Raw/Archives/Archive/DutchBay_EPC_Model.sublime-project,,,,,,SUBLIME-PROJECT,sublime-project,879,,,,,,
go_with_the_flow_rules_v3_0_clean.csv,Raw/Archives/Archive/go_with_the_flow_rules_v3_0_clean.csv,,,,,,CSV,csv,18799,,,,,,
install_dev_tools.sh,Raw/Archives/Archive/install_dev_tools.sh,,,,,,SH,sh,955,,,,,,
Makefile,Raw/Archives/Archive/Makefile,,,,,,,,986,,,,,,
mypy.ini,Raw/Archives/Archive/mypy.ini,,,,,,INI,ini,1236,,,,,,
out.json,Raw/Archives/Archive/out.json,,,,,,JSON,json,88135,,,,,,
phase2b_output.log,Raw/Archives/Archive/phase2b_output.log,,,,,,LOG,log,0,,,,,,
pyproject.toml,Raw/Archives/Archive/pyproject.toml,,,,,,TOML,toml,972,,,,,,
pytest.ini,Raw/Archives/Archive/pytest.ini,,,,,,INI,ini,2904,,,,,,
Python (venv311).sublime-build,Raw/Archives/Archive/Python (venv311).sublime-build,,,,,,SUBLIME-BUILD,sublime-build,247,,,,,,
README.md,Raw/Archives/Archive/README.md,,,,,,MD,md,8979,,,,,,
release_manifest.json,Raw/Archives/Archive/release_manifest.json,,,,,,JSON,json,487,,,,,,
RELEASING.md,Raw/Archives/Archive/RELEASING.md,,,,,,MD,md,1112,,,,,,
requirements_dev.txt,Raw/Archives/Archive/requirements_dev.txt,,,,,,TXT,txt,1359,,,,,,
requirements.txt,Raw/Archives/Archive/requirements.txt,,,,,,TXT,txt,3659,,,,,,
ruff.toml,Raw/Archives/Archive/ruff.toml,,,,,,TOML,toml,570,,,,,,
run_all_py_checks.sh,Raw/Archives/Archive/run_all_py_checks.sh,,,,,,SH,sh,1690,,,,,,
run_full_pipeline_v14.py,Raw/Archives/Archive/run_full_pipeline_v14.py,,,,,,PY,py,16602,,,,,,
run_scenario_analytics_v14.log,Raw/Archives/Archive/run_scenario_analytics_v14.log,,,,,,LOG,log,508901,,,,,,
run_scenario_analytics_v14.py,Raw/Archives/Archive/run_scenario_analytics_v14.py,,,,,,PY,py,5446,,,,,,
schema.md,Raw/Archives/Archive/schema.md,,,,,,MD,md,640,,,,,,
SECURITY.md,Raw/Archives/Archive/SECURITY.md,,,,,,MD,md,422,,,,,,
setup_venv.sh,Raw/Archives/Archive/setup_venv.sh,,,,,,SH,sh,6036,,,,,,
tag_model_release.sh,Raw/Archives/Archive/tag_model_release.sh,,,,,,SH,sh,1584,,,,,,
tox.ini,Raw/Archives/Archive/tox.ini,,,,,,INI,ini,3341,,,,,,
VERSION,Raw/Archives/Archive/VERSION,,,,,,,,6,,,,,,
stub-report.pdf,Raw/Archives/Archive/_out_reporting_cli/stub-report.pdf,,,,,,PDF,pdf,52,,,,,,
stub-report2.pdf,Raw/Archives/Archive/_out_reporting_cli/stub-report2.pdf,,,,,,PDF,pdf,52,,,,,,
._AAA - instructions for make clean zip.md,Raw/Archives/Archive/__MACOSX/._AAA - instructions for make clean zip.md,,,,,,MD,md,276,,,,,,
._CHANGELOG.md,Raw/Archives/Archive/__MACOSX/._CHANGELOG.md,,,,,,MD,md,220,,,,,,
._check_venv.sh,Raw/Archives/Archive/__MACOSX/._check_venv.sh,,,,,,SH,sh,220,,,,,,
._constants.py,Raw/Archives/Archive/__MACOSX/._constants.py,,,,,,PY,py,220,,,,,,
._dutchbay_bootstrap_rules.py,Raw/Archives/Archive/__MACOSX/._dutchbay_bootstrap_rules.py,,,,,,PY,py,220,,,,,,
._dutchbay_bootstrap.py,Raw/Archives/Archive/__MACOSX/._dutchbay_bootstrap.py,,,,,,PY,py,2253,,,,,,
._go_with_the_flow_rules_v3_0_clean.csv,Raw/Archives/Archive/__MACOSX/._go_with_the_flow_rules_v3_0_clean.csv,,,,,,CSV,csv,934,,,,,,
._install_dev_tools.sh,Raw/Archives/Archive/__MACOSX/._install_dev_tools.sh,,,,,,SH,sh,220,,,,,,
._mypy.ini,Raw/Archives/Archive/__MACOSX/._mypy.ini,,,,,,INI,ini,220,,,,,,
._pyproject.toml,Raw/Archives/Archive/__MACOSX/._pyproject.toml,,,,,,TOML,toml,220,,,,,,
._pytest.ini,Raw/Archives/Archive/__MACOSX/._pytest.ini,,,,,,INI,ini,220,,,,,,
._README.md,Raw/Archives/Archive/__MACOSX/._README.md,,,,,,MD,md,220,,,,,,
._ruff.toml,Raw/Archives/Archive/__MACOSX/._ruff.toml,,,,,,TOML,toml,465,,,,,,
._run_all_py_checks.sh,Raw/Archives/Archive/__MACOSX/._run_all_py_checks.sh,,,,,,SH,sh,220,,,,,,
._run_full_pipeline_v14.py,Raw/Archives/Archive/__MACOSX/._run_full_pipeline_v14.py,,,,,,PY,py,220,,,,,,
._run_scenario_analytics_v14.py,Raw/Archives/Archive/__MACOSX/._run_scenario_analytics_v14.py,,,,,,PY,py,220,,,,,,
._schema.md,Raw/Archives/Archive/__MACOSX/._schema.md,,,,,,MD,md,220,,,,,,
._setup_venv.sh,Raw/Archives/Archive/__MACOSX/._setup_venv.sh,,,,,,SH,sh,276,,,,,,
._tag_model_release.sh,Raw/Archives/Archive/__MACOSX/._tag_model_release.sh,,,,,,SH,sh,220,,,,,,
._tox.ini,Raw/Archives/Archive/__MACOSX/._tox.ini,,,,,,INI,ini,2202,,,,,,
._stub-report2.pdf,Raw/Archives/Archive/__MACOSX/_out_reporting_cli/._stub-report2.pdf,,,,,,PDF,pdf,233,,,,,,
._schema_guard.py,Raw/Archives/Archive/__MACOSX/analytics/._schema_guard.py,,,,,,PY,py,220,,,,,,
._sensitivity_v14.py,Raw/Archives/Archive/__MACOSX/analytics/._sensitivity_v14.py,,,,,,PY,py,744,,,,,,
._.DS_Store,Raw/Archives/Archive/__MACOSX/analytics/._.DS_Store,,,,,,DS_STORE,DS_Store,120,,,,,,
._contracts_v14.py,Raw/Archives/Archive/__MACOSX/analytics/._contracts_v14.py,,,,,,PY,py,220,,,,,,
._config_schema.py,Raw/Archives/Archive/__MACOSX/analytics/._config_schema.py,,,,,,PY,py,220,,,,,,
._export_helpers.py,Raw/Archives/Archive/__MACOSX/analytics/._export_helpers.py,,,,,,PY,py,220,,,,,,
._kpi_normalizer.py,Raw/Archives/Archive/__MACOSX/analytics/._kpi_normalizer.py,,,,,,PY,py,220,,,,,,
._README.md,Raw/Archives/Archive/__MACOSX/analytics/._README.md,,,,,,MD,md,220,,,,,,
._scenario_manager.py,Raw/Archives/Archive/__MACOSX/analytics/._scenario_manager.py,,,,,,PY,py,220,,,,,,
._scenario_analytics.py,Raw/Archives/Archive/__MACOSX/analytics/._scenario_analytics.py,,,,,,PY,py,220,,,,,,
._evaluate_scenario.py,Raw/Archives/Archive/__MACOSX/analytics/._evaluate_scenario.py,,,,,,PY,py,220,,,,,,
._scenario_loader.py,Raw/Archives/Archive/__MACOSX/analytics/._scenario_loader.py,,,,,,PY,py,220,,,,,,
._parameter_solvers.py,Raw/Archives/Archive/__MACOSX/analytics/._parameter_solvers.py,,,,,,PY,py,220,,,,,,
._executive_workbook.py,Raw/Archives/Archive/__MACOSX/analytics/._executive_workbook.py,,,,,,PY,py,220,,,,,,
._metrics.py,Raw/Archives/Archive/__MACOSX/analytics/core/._metrics.py,,,,,,PY,py,276,,,,,,
._.DS_Store,Raw/Archives/Archive/__MACOSX/analytics/core/._.DS_Store,,,,,,DS_STORE,DS_Store,120,,,,,,
._epc_helper.py,Raw/Archives/Archive/__MACOSX/analytics/core/._epc_helper.py,,,,,,PY,py,220,,,,,,
._.DS_Store,Raw/Archives/Archive/__MACOSX/analytics/fx/._.DS_Store,,,,,,DS_STORE,DS_Store,120,,,,,,
._processor.py,Raw/Archives/Archive/__MACOSX/analytics/fx/._processor.py,,,,,,PY,py,220,,,,,,
._returns.py,Raw/Archives/Archive/__MACOSX/analytics/fx/._returns.py,,,,,,PY,py,220,,,,,,
._fx_contracts.py,Raw/Archives/Archive/__MACOSX/analytics/fx/._fx_contracts.py,,,,,,PY,py,220,,,,,,
._README.md,Raw/Archives/Archive/__MACOSX/analytics/fx/._README.md,,,,,,MD,md,220,,,,,,
._risk.py,Raw/Archives/Archive/__MACOSX/analytics/fx/._risk.py,,,,,,PY,py,220,,,,,,
._correlation.py,Raw/Archives/Archive/__MACOSX/analytics/fx/._correlation.py,,,,,,PY,py,220,,,,,,
._fx_loader.py,Raw/Archives/Archive/__MACOSX/analytics/fx/._fx_loader.py,,,,,,PY,py,220,,,,,,
._.DS_Store,Raw/Archives/Archive/__MACOSX/analytics/sensitivity/._.DS_Store,,,,,,DS_STORE,DS_Store,120,,,,,,
._.DS_Store,Raw/Archives/Archive/__MACOSX/analytics/dashboard/._.DS_Store,,,,,,DS_STORE,DS_Store,120,,,,,,
._.DS_Store,Raw/Archives/Archive/__MACOSX/ci/._.DS_Store,,,,,,DS_STORE,DS_Store,120,,,,,,
._.DS_Store,Raw/Archives/Archive/__MACOSX/config/._.DS_Store,,,,,,DS_STORE,DS_Store,120,,,,,,
._keystroke on mac os x to reveal hidden files.mhtml,Raw/Archives/Archive/__MACOSX/docs/._keystroke on mac os x to reveal hidden files.mhtml,,,,,,MHTML,mhtml,318,,,,,,
._.DS_Store,Raw/Archives/Archive/__MACOSX/docs/._.DS_Store,,,,,,DS_STORE,DS_Store,120,,,,,,
._schema.md,Raw/Archives/Archive/__MACOSX/docs/._schema.md,,,,,,MD,md,220,,,,,,
._ANALYTICS_PRODUCTION_READY.md,Raw/Archives/Archive/__MACOSX/docs/._ANALYTICS_PRODUCTION_READY.md,,,,,,MD,md,220,,,,,,
._Cashflow_v14.py refactoring notes.md,Raw/Archives/Archive/__MACOSX/docs/._Cashflow_v14.py refactoring notes.md,,,,,,MD,md,220,,,,,,
._ANALYTICS_SETUP_COMPLETE.md,Raw/Archives/Archive/__MACOSX/docs/._ANALYTICS_SETUP_COMPLETE.md,,,,,,MD,md,220,,,,,,
._9c3cb031.md,Raw/Archives/Archive/__MACOSX/docs/._9c3cb031.md,,,,,,MD,md,220,,,,,,
._thread migration readiness.md,Raw/Archives/Archive/__MACOSX/docs/._thread migration readiness.md,,,,,,MD,md,220,,,,,,
._.DS_Store,Raw/Archives/Archive/__MACOSX/exports/._.DS_Store,,,,,,DS_STORE,DS_Store,120,,,,,,
._wacc_v14.py,Raw/Archives/Archive/__MACOSX/finance/._wacc_v14.py,,,,,,PY,py,220,,,,,,
._scenario_config.py,Raw/Archives/Archive/__MACOSX/finance/._scenario_config.py,,,,,,PY,py,220,,,,,,
._equity_v14.py,Raw/Archives/Archive/__MACOSX/finance/._equity_v14.py,,,,,,PY,py,220,,,,,,
._.DS_Store,Raw/Archives/Archive/__MACOSX/finance/._.DS_Store,,,,,,DS_STORE,DS_Store,120,,,,,,
._cashflow_v14.py,Raw/Archives/Archive/__MACOSX/finance/._cashflow_v14.py,,,,,,PY,py,220,,,,,,
._debt_v14.py,Raw/Archives/Archive/__MACOSX/finance/._debt_v14.py,,,,,,PY,py,220,,,,,,
.___init__.py,Raw/Archives/Archive/__MACOSX/finance/.___init__.py,,,,,,PY,py,220,,,,,,
._epc_helper_v14.py,Raw/Archives/Archive/__MACOSX/finance/._epc_helper_v14.py,,,,,,PY,py,220,,,,,,
._irr_config.py,Raw/Archives/Archive/__MACOSX/finance/._irr_config.py,,,,,,PY,py,220,,,,,,
._utils.py,Raw/Archives/Archive/__MACOSX/finance/._utils.py,,,,,,PY,py,220,,,,,,
._tax_v14.py,Raw/Archives/Archive/__MACOSX/finance/._tax_v14.py,,,,,,PY,py,220,,,,,,
._irr.py,Raw/Archives/Archive/__MACOSX/finance/._irr.py,,,,,,PY,py,220,,,,,,
._scenario_matrix.yaml,Raw/Archives/Archive/__MACOSX/inputs/._scenario_matrix.yaml,,,,,,YAML,yaml,220,,,,,,
._.DS_Store,Raw/Archives/Archive/__MACOSX/outputs/._.DS_Store,,,,,,DS_STORE,DS_Store,120,,,,,,
._coverage_ratios_summary.csv,Raw/Archives/Archive/__MACOSX/outputs/._coverage_ratios_summary.csv,,,,,,CSV,csv,233,,,,,,
._sensitivity_report.md,Raw/Archives/Archive/__MACOSX/outputs/._sensitivity_report.md,,,,,,MD,md,220,,,,,,
._investment_committee_summary_20251114.md,Raw/Archives/Archive/__MACOSX/outputs/._investment_committee_summary_20251114.md,,,,,,MD,md,220,,,,,,
._executive_summary.md,Raw/Archives/Archive/__MACOSX/outputs/._executive_summary.md,,,,,,MD,md,220,,,,,,
._P0-1C_Investment_Committee_Summary.md,Raw/Archives/Archive/__MACOSX/outputs/._P0-1C_Investment_Committee_Summary.md,,,,,,MD,md,220,,,,,,
._dfi_lender_pack.md,Raw/Archives/Archive/__MACOSX/outputs/._dfi_lender_pack.md,,,,,,MD,md,220,,,,,,
._ci_results.json,Raw/Archives/Archive/__MACOSX/outputs/._ci_results.json,,,,,,JSON,json,163,,,,,,
._covenant_compliance_certificate_20251114.md,Raw/Archives/Archive/__MACOSX/outputs/._covenant_compliance_certificate_20251114.md,,,,,,MD,md,220,,,,,,
._covenant_compliance_certificate_template.md,Raw/Archives/Archive/__MACOSX/outputs/._covenant_compliance_certificate_template.md,,,,,,MD,md,220,,,,,,
._phase2_matrix_20251130_004521.csv,Raw/Archives/Archive/__MACOSX/outputs/._phase2_matrix_20251130_004521.csv,,,,,,CSV,csv,333,,,,,,
._.DS_Store,Raw/Archives/Archive/__MACOSX/outputs/2025-12-06/._.DS_Store,,,,,,DS_STORE,DS_Store,120,,,,,,
._.DS_Store,Raw/Archives/Archive/__MACOSX/outputs/2025-11-29/._.DS_Store,,,,,,DS_STORE,DS_Store,120,,,,,,
._.DS_Store,Raw/Archives/Archive/__MACOSX/outputs/2025-12-05/._.DS_Store,,,,,,DS_STORE,DS_Store,120,,,,,,
._.DS_Store,Raw/Archives/Archive/__MACOSX/outputs/2025-12-02/._.DS_Store,,,,,,DS_STORE,DS_Store,120,,,,,,
._.DS_Store,Raw/Archives/Archive/__MACOSX/outputs/2025-12-03/._.DS_Store,,,,,,DS_STORE,DS_Store,120,,,,,,
._.DS_Store,Raw/Archives/Archive/__MACOSX/outputs/2025-12-04/._.DS_Store,,,,,,DS_STORE,DS_Store,120,,,,,,
._run_full_pipeline_v14.log,Raw/Archives/Archive/__MACOSX/outputs/2025-12-04/05-04-42/._run_full_pipeline_v14.log,,,,,,LOG,log,176,,,,,,
._example_b.yaml,Raw/Archives/Archive/__MACOSX/scenarios/._example_b.yaml,,,,,,YAML,yaml,220,,,,,,
._sensitivity_parameters_examples.yaml,Raw/Archives/Archive/__MACOSX/scenarios/._sensitivity_parameters_examples.yaml,,,,,,YAML,yaml,220,,,,,,
._.DS_Store,Raw/Archives/Archive/__MACOSX/scenarios/._.DS_Store,,,,,,DS_STORE,DS_Store,120,,,,,,
._example_b.json,Raw/Archives/Archive/__MACOSX/scenarios/._example_b.json,,,,,,JSON,json,220,,,,,,
._edge_extreme_stress.yaml,Raw/Archives/Archive/__MACOSX/scenarios/._edge_extreme_stress.yaml,,,,,,YAML,yaml,220,,,,,,
._example_a_old.yaml,Raw/Archives/Archive/__MACOSX/scenarios/._example_a_old.yaml,,,,,,YAML,yaml,220,,,,,,
._bad_missing_tax.yaml,Raw/Archives/Archive/__MACOSX/scenarios/._bad_missing_tax.yaml,,,,,,YAML,yaml,220,,,,,,
._dutchbay_lendercase_2025Q4.yaml,Raw/Archives/Archive/__MACOSX/scenarios/._dutchbay_lendercase_2025Q4.yaml,,,,,,YAML,yaml,220,,,,,,
._good_unit_test.yaml,Raw/Archives/Archive/__MACOSX/scenarios/._good_unit_test.yaml,,,,,,YAML,yaml,220,,,,,,
._dutchbay_master_config_v14.yaml,Raw/Archives/Archive/__MACOSX/scenarios/._dutchbay_master_config_v14.yaml,,,,,,YAML,yaml,220,,,,,,
._contracts_edgecase_base_v14.yaml,Raw/Archives/Archive/__MACOSX/scenarios/._contracts_edgecase_base_v14.yaml,,,,,,YAML,yaml,220,,,,,,
._dutchbay_lendercase_2025Q4.yaml.bak,Raw/Archives/Archive/__MACOSX/scenarios/._dutchbay_lendercase_2025Q4.yaml.bak,,,,,,BAK,bak,220,,,,,,
._example_a.yaml,Raw/Archives/Archive/__MACOSX/scenarios/._example_a.yaml,,,,,,YAML,yaml,220,,,,,,
._zz_bad.yaml,Raw/Archives/Archive/__MACOSX/scenarios/_scrtch/._zz_bad.yaml,,,,,,YAML,yaml,220,,,,,,
._research,Raw/Archives/Archive/__MACOSX/scripts/._research,,,,,,,,220,,,,,,
._.DS_Store,Raw/Archives/Archive/__MACOSX/scripts/._.DS_Store,,,,,,DS_STORE,DS_Store,120,,,,,,
._dutchbay_thread_migration_package.txt,Raw/Archives/Archive/__MACOSX/scripts/._dutchbay_thread_migration_package.txt,,,,,,TXT,txt,220,,,,,,
._go_with_the_flow_ci.py,Raw/Archives/Archive/__MACOSX/scripts/._go_with_the_flow_ci.py,,,,,,PY,py,220,,,,,,
._venv_up.sh,Raw/Archives/Archive/__MACOSX/scripts/._venv_up.sh,,,,,,SH,sh,220,,,,,,
._make_clean_zip.py,Raw/Archives/Archive/__MACOSX/scripts/._make_clean_zip.py,,,,,,PY,py,220,,,,,,
._generate_reports.py,Raw/Archives/Archive/__MACOSX/scripts/reporting/._generate_reports.py,,,,,,PY,py,220,,,,,,
._analyze_directory.py,Raw/Archives/Archive/__MACOSX/scripts/analysis/._analyze_directory.py,,,,,,PY,py,220,,,,,,
._gen_scenario_yaml.py,Raw/Archives/Archive/__MACOSX/scripts/analysis/._gen_scenario_yaml.py,,,,,,PY,py,220,,,,,,
._wacc_engine_yaml.py,Raw/Archives/Archive/__MACOSX/scripts/analysis/._wacc_engine_yaml.py,,,,,,PY,py,220,,,,,,
._model_guard.py,Raw/Archives/Archive/__MACOSX/scripts/ci/._model_guard.py,,,,,,PY,py,220,,,,,,
._ci_structure_check.py,Raw/Archives/Archive/__MACOSX/scripts/ci/._ci_structure_check.py,,,,,,PY,py,220,,,,,,
._dev_quickcheck.sh,Raw/Archives/Archive/__MACOSX/scripts/ci/._dev_quickcheck.sh,,,,,,SH,sh,220,,,,,,
._check_all_py_files.py,Raw/Archives/Archive/__MACOSX/scripts/ci/._check_all_py_files.py,,,,,,PY,py,220,,,,,,
._validate.py,Raw/Archives/Archive/__MACOSX/scripts/ci/._validate.py,,,,,,PY,py,220,,,,,,
._check_staged_py_files.py,Raw/Archives/Archive/__MACOSX/scripts/ci/._check_staged_py_files.py,,,,,,PY,py,220,,,,,,
._ci_phase_c_full.sh,Raw/Archives/Archive/__MACOSX/scripts/ci/._ci_phase_c_full.sh,,,,,,SH,sh,220,,,,,,
._parameter_validation.py,Raw/Archives/Archive/__MACOSX/scripts/ci/._parameter_validation.py,,,,,,PY,py,220,,,,,,
._check_legacy_imports.py,Raw/Archives/Archive/__MACOSX/scripts/ci/._check_legacy_imports.py,,,,,,PY,py,220,,,,,,
._ci_quick.sh,Raw/Archives/Archive/__MACOSX/scripts/ci/._ci_quick.sh,,,,,,SH,sh,220,,,,,,
._check_outputs.sh,Raw/Archives/Archive/__MACOSX/scripts/ci/._check_outputs.sh,,,,,,SH,sh,220,,,,,,
._test_fx_dual_regime_standalone_fixed.py,Raw/Archives/Archive/__MACOSX/scripts/tests/._test_fx_dual_regime_standalone_fixed.py,,,,,,PY,py,220,,,,,,
._test_fx_complete_data.py,Raw/Archives/Archive/__MACOSX/scripts/tests/._test_fx_complete_data.py,,,,,,PY,py,220,,,,,,
._test_returns_module.py,Raw/Archives/Archive/__MACOSX/scripts/tests/._test_returns_module.py,,,,,,PY,py,220,,,,,,
._test_llcr_plcr_real_debt.py,Raw/Archives/Archive/__MACOSX/scripts/tests/._test_llcr_plcr_real_debt.py,,,,,,PY,py,220,,,,,,
._test_irr_quick.py,Raw/Archives/Archive/__MACOSX/scripts/tests/._test_irr_quick.py,,,,,,PY,py,220,,,,,,
._test_markdown_report.py,Raw/Archives/Archive/__MACOSX/scripts/tests/._test_markdown_report.py,,,,,,PY,py,220,,,,,,
._setup_github_auth_https.sh,Raw/Archives/Archive/__MACOSX/scripts/github/._setup_github_auth_https.sh,,,,,,SH,sh,220,,,,,,
._create_v14_analytics_issues.sh,Raw/Archives/Archive/__MACOSX/scripts/github/._create_v14_analytics_issues.sh,,,,,,SH,sh,263,,,,,,
._gh_tools.py,Raw/Archives/Archive/__MACOSX/scripts/github/._gh_tools.py,,,,,,PY,py,276,,,,,,
._auto_close_issues.py,Raw/Archives/Archive/__MACOSX/scripts/github/._auto_close_issues.py,,,,,,PY,py,220,,,,,,
._.DS_Store,Raw/Archives/Archive/__MACOSX/scripts/build/._.DS_Store,,,,,,DS_STORE,DS_Store,120,,,,,,
._roll_zip_and_bootstrap.sh,Raw/Archives/Archive/__MACOSX/scripts/build/._roll_zip_and_bootstrap.sh,,,,,,SH,sh,220,,,,,,
._build_zip_from_manifest.py,Raw/Archives/Archive/__MACOSX/scripts/build/._build_zip_from_manifest.py,,,,,,PY,py,220,,,,,,
._make_upload_zip.sh,Raw/Archives/Archive/__MACOSX/scripts/build/._make_upload_zip.sh,,,,,,SH,sh,220,,,,,,
._generate_manifest.py,Raw/Archives/Archive/__MACOSX/scripts/build/._generate_manifest.py,,,,,,PY,py,220,,,,,,
._make_essential_zip.py,Raw/Archives/Archive/__MACOSX/scripts/build/._make_essential_zip.py,,,,,,PY,py,220,,,,,,
._run_import_surface_sweep.sh,Raw/Archives/Archive/__MACOSX/scripts/test_runners/._run_import_surface_sweep.sh,,,,,,SH,sh,220,,,,,,
._run_heavy_modules_suite.sh,Raw/Archives/Archive/__MACOSX/scripts/test_runners/._run_heavy_modules_suite.sh,,,,,,SH,sh,220,,,,,,
._run_all_suites.sh,Raw/Archives/Archive/__MACOSX/scripts/test_runners/._run_all_suites.sh,,,,,,SH,sh,220,,,,,,
._regression_smoke.sh,Raw/Archives/Archive/__MACOSX/scripts/test_runners/._regression_smoke.sh,,,,,,SH,sh,220,,,,,,
._run_next_modules_suite.sh,Raw/Archives/Archive/__MACOSX/scripts/test_runners/._run_next_modules_suite.sh,,,,,,SH,sh,220,,,,,,
._run_next_tests.sh,Raw/Archives/Archive/__MACOSX/scripts/test_runners/._run_next_tests.sh,,,,,,SH,sh,220,,,,,,
._run_cli_scenarios_fast.sh,Raw/Archives/Archive/__MACOSX/scripts/test_runners/._run_cli_scenarios_fast.sh,,,,,,SH,sh,220,,,,,,
._run_heavy_with_shims.sh,Raw/Archives/Archive/__MACOSX/scripts/test_runners/._run_heavy_with_shims.sh,,,,,,SH,sh,220,,,,,,
._run_reporting_hardened.sh,Raw/Archives/Archive/__MACOSX/scripts/test_runners/._run_reporting_hardened.sh,,,,,,SH,sh,220,,,,,,
._run_api_cov_smoke.sh,Raw/Archives/Archive/__MACOSX/scripts/test_runners/._run_api_cov_smoke.sh,,,,,,SH,sh,220,,,,,,
._run_reporting_cli_smoke.sh,Raw/Archives/Archive/__MACOSX/scripts/test_runners/._run_reporting_cli_smoke.sh,,,,,,SH,sh,220,,,,,,
._run_core_hardened.sh,Raw/Archives/Archive/__MACOSX/scripts/test_runners/._run_core_hardened.sh,,,,,,SH,sh,220,,,,,,
._test_scenario_analytics_smoke.py,Raw/Archives/Archive/__MACOSX/tests/._test_scenario_analytics_smoke.py,,,,,,PY,py,220,,,,,,
._test_metrics_integration.py,Raw/Archives/Archive/__MACOSX/tests/._test_metrics_integration.py,,,,,,PY,py,220,,,,,,
._test_fx_config_strictness.py,Raw/Archives/Archive/__MACOSX/tests/._test_fx_config_strictness.py,,,,,,PY,py,220,,,,,,
._test_export_smoke.py,Raw/Archives/Archive/__MACOSX/tests/._test_export_smoke.py,,,,,,PY,py,220,,,,,,
._.DS_Store,Raw/Archives/Archive/__MACOSX/tests/lint/._.DS_Store,,,,,,DS_STORE,DS_Store,120,,,,,,
._.DS_Store,Raw/Archives/Archive/__MACOSX/tests/contracts/._.DS_Store,,,,,,DS_STORE,DS_Store,120,,,,,,
._.DS_Store,Raw/Archives/Archive/__MACOSX/tests/analytics_layer/._.DS_Store,,,,,,DS_STORE,DS_Store,120,,,,,,
._test_sensitivity_v14.py,Raw/Archives/Archive/__MACOSX/tests/analytics_layer/._test_sensitivity_v14.py,,,,,,PY,py,220,,,,,,
._test_sensitivity_v14_all.py,Raw/Archives/Archive/__MACOSX/tests/analytics_layer/._test_sensitivity_v14_all.py,,,,,,PY,py,220,,,,,,
._test_scenario_analytics_unit_scenario_name_refactored.py,Raw/Archives/Archive/__MACOSX/tests/api/._test_scenario_analytics_unit_scenario_name_refactored.py,,,,,,PY,py,2109,,,,,,
._test_irr_is_singleton_refactored.py,Raw/Archives/Archive/__MACOSX/tests/api/._test_irr_is_singleton_refactored.py,,,,,,PY,py,2195,,,,,,
._.DS_Store,Raw/Archives/Archive/__MACOSX/tests/api/._.DS_Store,,,,,,DS_STORE,DS_Store,120,,,,,,
._test_scenario_analytics_unit_scenario_name.py,Raw/Archives/Archive/__MACOSX/tests/api/._test_scenario_analytics_unit_scenario_name.py,,,,,,PY,py,220,,,,,,
._test_scenario_manager_smoke.py,Raw/Archives/Archive/__MACOSX/tests/api/._test_scenario_manager_smoke.py,,,,,,PY,py,220,,,,,,
._test_debt_v14_construction.py,Raw/Archives/Archive/__MACOSX/tests/api/._test_debt_v14_construction.py,,,,,,PY,py,263,,,,,,
._test_covenants_lendercase_2025Q4.py,Raw/Archives/Archive/__MACOSX/tests/api/._test_covenants_lendercase_2025Q4.py,,,,,,PY,py,220,,,,,,
._test_irr_module.py,Raw/Archives/Archive/__MACOSX/tests/api/._test_irr_module.py,,,,,,PY,py,220,,,,,,
._test_covenants_v14.py,Raw/Archives/Archive/__MACOSX/tests/api/._test_covenants_v14.py,,,,,,PY,py,220,,,,,,
._test_scenario_analytics_schema_guard_integration.py,Raw/Archives/Archive/__MACOSX/tests/api/._test_scenario_analytics_schema_guard_integration.py,,,,,,PY,py,263,,,,,,
._test_config_schema_guard.py,Raw/Archives/Archive/__MACOSX/tests/api/._test_config_schema_guard.py,,,,,,PY,py,220,,,,,,
._test_export_helpers_v14.py,Raw/Archives/Archive/__MACOSX/tests/api/._test_export_helpers_v14.py,,,,,,PY,py,220,,,,,,
._.DS_Store,Raw/Archives/Archive/__MACOSX/tests/finance/._.DS_Store,,,,,,DS_STORE,DS_Store,120,,,,,,
summary.json,Raw/Archives/Archive/_regression/summary.json,,,,,,JSON,json,512,,,,,,
report.txt,Raw/Archives/Archive/_regression/report.txt,,,,,,TXT,txt,1251,,,,,,
schema_guard.py,Raw/Archives/Archive/analytics/schema_guard.py,,,,,,PY,py,6640,,,,,,
sensitivity_tail_risk.py,Raw/Archives/Archive/analytics/sensitivity_tail_risk.py,,,,,,PY,py,1619,,,,,,
sensitivity_v14.py,Raw/Archives/Archive/analytics/sensitivity_v14.py,,,,,,PY,py,39220,,,,,,
sensitivity_visualization.py,Raw/Archives/Archive/analytics/sensitivity_visualization.py,,,,,,PY,py,2978,,,,,,
.DS_Store,Raw/Archives/Archive/analytics/.DS_Store,,,,,,,,8196,,,,,,
contracts_v14.py,Raw/Archives/Archive/analytics/contracts_v14.py,,,,,,PY,py,34128,,,,,,
config_schema.py,Raw/Archives/Archive/analytics/config_schema.py,,,,,,PY,py,3738,,,,,,
monte_carlo_v14.py,Raw/Archives/Archive/analytics/monte_carlo_v14.py,,,,,,PY,py,25465,,,,,,
sensitivity_export.py,Raw/Archives/Archive/analytics/sensitivity_export.py,,,,,,PY,py,6599,,,,,,
sensitivity_pareto.py,Raw/Archives/Archive/analytics/sensitivity_pareto.py,,,,,,PY,py,2575,,,,,,
export_helpers.py,Raw/Archives/Archive/analytics/export_helpers.py,,,,,,PY,py,26170,,,,,,
__init__.py,Raw/Archives/Archive/analytics/__init__.py,,,,,,PY,py,1993,,,,,,
kpi_normalizer.py,Raw/Archives/Archive/analytics/kpi_normalizer.py,,,,,,PY,py,4737,,,,,,
README.md,Raw/Archives/Archive/analytics/README.md,,,,,,MD,md,5999,,,,,,
scenario_manager.py,Raw/Archives/Archive/analytics/scenario_manager.py,,,,,,PY,py,4747,,,,,,
scenario_analytics.py,Raw/Archives/Archive/analytics/scenario_analytics.py,,,,,,PY,py,20615,,,,,,
evaluate_scenario.py,Raw/Archives/Archive/analytics/evaluate_scenario.py,,,,,,PY,py,6356,,,,,,
scenario_loader.py,Raw/Archives/Archive/analytics/scenario_loader.py,,,,,,PY,py,6050,,,,,,
parameter_solvers.py,Raw/Archives/Archive/analytics/parameter_solvers.py,,,,,,PY,py,6810,,,,,,
sensitivity_heatmap.py,Raw/Archives/Archive/analytics/sensitivity_heatmap.py,,,,,,PY,py,2478,,,,,,
executive_workbook.py,Raw/Archives/Archive/analytics/executive_workbook.py,,,,,,PY,py,2764,,,,,,
metrics.py,Raw/Archives/Archive/analytics/core/metrics.py,,,,,,PY,py,21877,,,,,,
.DS_Store,Raw/Archives/Archive/analytics/core/.DS_Store,,,,,,,,6148,,,,,,
__init__.py,Raw/Archives/Archive/analytics/core/__init__.py,,,,,,PY,py,117,,,,,,
epc_helper.py,Raw/Archives/Archive/analytics/core/epc_helper.py,,,,,,PY,py,155,,,,,,
epc_helper.cpython-311.pyc,Raw/Archives/Archive/analytics/core/__pycache__/epc_helper.cpython-311.pyc,,,,,,PYC,pyc,361,,,,,,
metrics.cpython-311.pyc,Raw/Archives/Archive/analytics/core/__pycache__/metrics.cpython-311.pyc,,,,,,PYC,pyc,17086,,,,,,
__init__.cpython-311.pyc,Raw/Archives/Archive/analytics/core/__pycache__/__init__.cpython-311.pyc,,,,,,PYC,pyc,303,,,,,,
.DS_Store,Raw/Archives/Archive/analytics/fx/.DS_Store,,,,,,,,6148,,,,,,
__init__.py,Raw/Archives/Archive/analytics/fx/__init__.py,,,,,,PY,py,1397,,,,,,
processor.py,Raw/Archives/Archive/analytics/fx/processor.py,,,,,,PY,py,14151,,,,,,
returns.py,Raw/Archives/Archive/analytics/fx/returns.py,,,,,,PY,py,13473,,,,,,
fx_contracts.py,Raw/Archives/Archive/analytics/fx/fx_contracts.py,,,,,,PY,py,2631,,,,,,
README.md,Raw/Archives/Archive/analytics/fx/README.md,,,,,,MD,md,1513,,,,,,
risk.py,Raw/Archives/Archive/analytics/fx/risk.py,,,,,,PY,py,9693,,,,,,
correlation.py,Raw/Archives/Archive/analytics/fx/correlation.py,,,,,,PY,py,14409,,,,,,
fx_loader.py,Raw/Archives/Archive/analytics/fx/fx_loader.py,,,,,,PY,py,2662,,,,,,
dashboard_demo.py,Raw/Archives/Archive/analytics/sensitivity/dashboard_demo.py,,,,,,PY,py,670,,,,,,
sensitivity_usage_readme.md,Raw/Archives/Archive/analytics/sensitivity/sensitivity_usage_readme.md,,,,,,MD,md,3941,,,,,,
.DS_Store,Raw/Archives/Archive/analytics/sensitivity/.DS_Store,,,,,,,,6148,,,,,,
tools.py,Raw/Archives/Archive/analytics/sensitivity/tools.py,,,,,,PY,py,2251,,,,,,
batch.py,Raw/Archives/Archive/analytics/sensitivity/batch.py,,,,,,PY,py,1582,,,,,,
stochastic.py,Raw/Archives/Archive/analytics/sensitivity/stochastic.py,,,,,,PY,py,3715,,,,,,
__init__.py,Raw/Archives/Archive/analytics/sensitivity/__init__.py,,,,,,PY,py,1558,,,,,,
docstrings.py,Raw/Archives/Archive/analytics/sensitivity/docstrings.py,,,,,,PY,py,1248,,,,,,
report.py,Raw/Archives/Archive/analytics/sensitivity/report.py,,,,,,PY,py,1266,,,,,,
validation.py,Raw/Archives/Archive/analytics/sensitivity/validation.py,,,,,,PY,py,2008,,,,,,
__init__.cpython-311.pyc,Raw/Archives/Archive/analytics/sensitivity/__pycache__/__init__.cpython-311.pyc,,,,,,PYC,pyc,1049,,,,,,
monte_carlo_v14.cpython-311.pyc,Raw/Archives/Archive/analytics/__pycache__/monte_carlo_v14.cpython-311.pyc,,,,,,PYC,pyc,28287,,,,,,
kpi_normalizer.cpython-311.pyc,Raw/Archives/Archive/analytics/__pycache__/kpi_normalizer.cpython-311.pyc,,,,,,PYC,pyc,5562,,,,,,
export_helpers.cpython-311.pyc,Raw/Archives/Archive/analytics/__pycache__/export_helpers.cpython-311.pyc,,,,,,PYC,pyc,34731,,,,,,
evaluate_scenario.cpython-311.pyc,Raw/Archives/Archive/analytics/__pycache__/evaluate_scenario.cpython-311.pyc,,,,,,PYC,pyc,6095,,,,,,
executive_workbook.cpython-311.pyc,Raw/Archives/Archive/analytics/__pycache__/executive_workbook.cpython-311.pyc,,,,,,PYC,pyc,3609,,,,,,
parameter_solvers.cpython-311.pyc,Raw/Archives/Archive/analytics/__pycache__/parameter_solvers.cpython-311.pyc,,,,,,PYC,pyc,7659,,,,,,
scenario_loader.cpython-311.pyc,Raw/Archives/Archive/analytics/__pycache__/scenario_loader.cpython-311.pyc,,,,,,PYC,pyc,7155,,,,,,
sensitivity_v14.cpython-311.pyc,Raw/Archives/Archive/analytics/__pycache__/sensitivity_v14.cpython-311.pyc,,,,,,PYC,pyc,36951,,,,,,
contracts_v14.cpython-311.pyc,Raw/Archives/Archive/analytics/__pycache__/contracts_v14.cpython-311.pyc,,,,,,PYC,pyc,40500,,,,,,
scenario_analytics.cpython-311.pyc,Raw/Archives/Archive/analytics/__pycache__/scenario_analytics.cpython-311.pyc,,,,,,PYC,pyc,24532,,,,,,
schema_guard.cpython-311.pyc,Raw/Archives/Archive/analytics/__pycache__/schema_guard.cpython-311.pyc,,,,,,PYC,pyc,8738,,,,,,
config_schema.cpython-311.pyc,Raw/Archives/Archive/analytics/__pycache__/config_schema.cpython-311.pyc,,,,,,PYC,pyc,5270,,,,,,
scenario_manager.cpython-311.pyc,Raw/Archives/Archive/analytics/__pycache__/scenario_manager.cpython-311.pyc,,,,,,PYC,pyc,5512,,,,,,
__init__.cpython-311.pyc,Raw/Archives/Archive/analytics/__pycache__/__init__.cpython-311.pyc,,,,,,PYC,pyc,1807,,,,,,
__init__.py,Raw/Archives/Archive/analytics/pysam_sandbox/__init__.py,,,,,,PY,py,3101,,,,,,
pysam_runner.py,Raw/Archives/Archive/analytics/pysam_sandbox/pysam_runner.py,,,,,,PY,py,4731,,,,,,
README.md,Raw/Archives/Archive/analytics/pysam_sandbox/README.md,,,,,,MD,md,4168,,,,,,
__init__.cpython-311.pyc,Raw/Archives/Archive/analytics/pysam_sandbox/__pycache__/__init__.cpython-311.pyc,,,,,,PYC,pyc,3917,,,,,,
.DS_Store,Raw/Archives/Archive/analytics/dashboard/.DS_Store,,,,,,,,6148,,,,,,
streamlit_app.py,Raw/Archives/Archive/analytics/dashboard/streamlit_app.py,,,,,,PY,py,1722,,,,,,
sensitivity_api.py,Raw/Archives/Archive/api/sensitivity_api.py,,,,,,PY,py,2356,,,,,,
.DS_Store,Raw/Archives/Archive/ci/.DS_Store,,,,,,,,6148,,,,,,
run_full_pipeline_v14.yaml,Raw/Archives/Archive/conf/run_full_pipeline_v14.yaml,,,,,,YAML,yaml,511,,,,,,
scenario_analytics_v14.yaml,Raw/Archives/Archive/conf/scenario_analytics_v14.yaml,,,,,,YAML,yaml,639,,,,,,
run_scenario_analytics_v14.yaml,Raw/Archives/Archive/conf/run_scenario_analytics_v14.yaml,,,,,,YAML,yaml,1018,,,,,,
monte_carlo_defaults.yaml,Raw/Archives/Archive/config/monte_carlo_defaults.yaml,,,,,,YAML,yaml,3361,,,,,,
.DS_Store,Raw/Archives/Archive/config/.DS_Store,,,,,,,,6148,,,,,,
__init__.py,Raw/Archives/Archive/config/__init__.py,,,,,,PY,py,0,,,,,,
sensitivity_defaults.yaml,Raw/Archives/Archive/config/sensitivity_defaults.yaml,,,,,,YAML,yaml,5841,,,,,,
THREAD_MIGRATION_PACKAGE.md,Raw/Archives/Archive/docs/THREAD_MIGRATION_PACKAGE.md,,,,,,MD,md,15800,,,,,,
keystroke on mac os x to reveal hidden files.mhtml,Raw/Archives/Archive/docs/keystroke on mac os x to reveal hidden files.mhtml,,,,,,MHTML,mhtml,1019379,,,,,,
.DS_Store,Raw/Archives/Archive/docs/.DS_Store,,,,,,,,6148,,,,,,
executive_workbook_readme.md,Raw/Archives/Archive/docs/executive_workbook_readme.md,,,,,,MD,md,5549,,,,,,
CODEFREEZE.md,Raw/Archives/Archive/docs/CODEFREEZE.md,,,,,,MD,md,558,,,,,,
sensitivity_data_contracts.md,Raw/Archives/Archive/docs/sensitivity_data_contracts.md,,,,,,MD,md,6451,,,,,,
schema.md,Raw/Archives/Archive/docs/schema.md,,,,,,MD,md,2694,,,,,,
architecture_v14.md,Raw/Archives/Archive/docs/architecture_v14.md,,,,,,MD,md,6971,,,,,,
# ≡ƒÄë Handoff Document: DutchBay EPC Model - Phase C,Raw/Archives/Archive/docs/# ≡ƒÄë Handoff Document: DutchBay EPC Model - Phase C,,,,,,,,12410,,,,,,
equity_v14.py Code Review.md,Raw/Archives/Archive/docs/equity_v14.py Code Review.md,,,,,,MD,md,6090,,,,,,
ANALYTICS_PRODUCTION_READY.md,Raw/Archives/Archive/docs/ANALYTICS_PRODUCTION_READY.md,,,,,,MD,md,6973,,,,,,
Dev_workflow_v14.md,Raw/Archives/Archive/docs/Dev_workflow_v14.md,,,,,,MD,md,8310,,,,,,
Cashflow_v14.py refactoring notes.md,Raw/Archives/Archive/docs/Cashflow_v14.py refactoring notes.md,,,,,,MD,md,30434,,,,,,
ANALYTICS_SETUP_COMPLETE.md,Raw/Archives/Archive/docs/ANALYTICS_SETUP_COMPLETE.md,,,,,,MD,md,12065,,,,,,
debt_v14.py ΓÇö Comprehensive Code Review.md,Raw/Archives/Archive/docs/debt_v14.py ΓÇö Comprehensive Code Review.md,,,,,,MD,md,30873,,,,,,
9c3cb031.md,Raw/Archives/Archive/docs/9c3cb031.md,,,,,,MD,md,9207,,,,,,
cashflow_v14_refactor_baseline.md,Raw/Archives/Archive/docs/cashflow_v14_refactor_baseline.md,,,,,,MD,md,9415,,,,,,
thread migration readiness.md,Raw/Archives/Archive/docs/thread migration readiness.md,,,,,,MD,md,26642,,,,,,
PRE-FLIGHT CHECKLIST.md,Raw/Archives/Archive/docs/PRE-FLIGHT CHECKLIST.md,,,,,,MD,md,11309,,,,,,
v14_analytics_test.xlsx,Raw/Archives/Archive/exports/v14_analytics_test.xlsx,,,,,,XLSX,xlsx,36074,,,,,,
.DS_Store,Raw/Archives/Archive/exports/.DS_Store,,,,,,,,6148,,,,,,
Executive_dutchbay_lendercase_2025Q4.xlsx,Raw/Archives/Archive/exports/Executive_dutchbay_lendercase_2025Q4.xlsx,,,,,,XLSX,xlsx,10972,,,,,,
scenario_summary.csv,Raw/Archives/Archive/exports/scenario_summary.csv,,,,,,CSV,csv,818,,,,,,
custom.xlsx,Raw/Archives/Archive/exports/custom.xlsx,,,,,,XLSX,xlsx,25257,,,,,,
release_v25.xlsx,Raw/Archives/Archive/exports/release_v25.xlsx,,,,,,XLSX,xlsx,28389,,,,,,
.gitkeep,Raw/Archives/Archive/exports/.gitkeep,,,,,,,,65,,,,,,
scenario_timeseries.csv,Raw/Archives/Archive/exports/scenario_timeseries.csv,,,,,,CSV,csv,8567,,,,,,
v14_analytics.xlsx,Raw/Archives/Archive/exports/v14_analytics.xlsx,,,,,,XLSX,xlsx,25256,,,,,,
batch_out.xlsx,Raw/Archives/Archive/exports/batch_out.xlsx,,,,,,XLSX,xlsx,29696,,,,,,
npv_comparison.png,Raw/Archives/Archive/exports/charts/npv_comparison.png,,,,,,PNG,png,87371,,,,,,
dscr_comparison.png,Raw/Archives/Archive/exports/charts/dscr_comparison.png,,,,,,PNG,png,206927,,,,,,
debt_waterfall.png,Raw/Archives/Archive/exports/charts/debt_waterfall.png,,,,,,PNG,png,218511,,,,,,
project_irr_hist.png,Raw/Archives/Archive/exports/Executive_dutchbay_lendercase_2025Q4_charts/project_irr_hist.png,,,,,,PNG,png,12108,,,,,,
dscr_series.png,Raw/Archives/Archive/exports/Executive_dutchbay_lendercase_2025Q4_charts/dscr_series.png,,,,,,PNG,png,21312,,,,,,
project_irr_hist.png,Raw/Archives/Archive/exports/v14_analytics_charts/project_irr_hist.png,,,,,,PNG,png,24136,,,,,,
dscr_series.png,Raw/Archives/Archive/exports/v14_analytics_charts/dscr_series.png,,,,,,PNG,png,45028,,,,,,
wacc_v14.py,Raw/Archives/Archive/finance/wacc_v14.py,,,,,,PY,py,19971,,,,,,
scenario_config.py,Raw/Archives/Archive/finance/scenario_config.py,,,,,,PY,py,3011,,,,,,
equity_v14.py,Raw/Archives/Archive/finance/equity_v14.py,,,,,,PY,py,12683,,,,,,
.DS_Store,Raw/Archives/Archive/finance/.DS_Store,,,,,,,,6148,,,,,,
cashflow_v14.py,Raw/Archives/Archive/finance/cashflow_v14.py,,,,,,PY,py,51305,,,,,,
debt_v14.py,Raw/Archives/Archive/finance/debt_v14.py,,,,,,PY,py,16596,,,,,,
__init__.py,Raw/Archives/Archive/finance/__init__.py,,,,,,PY,py,4007,,,,,,
epc_helper_v14.py,Raw/Archives/Archive/finance/epc_helper_v14.py,,,,,,PY,py,15378,,,,,,
irr_config.py,Raw/Archives/Archive/finance/irr_config.py,,,,,,PY,py,4641,,,,,,
utils.py,Raw/Archives/Archive/finance/utils.py,,,,,,PY,py,1000,,,,,,
tax_v14.py,Raw/Archives/Archive/finance/tax_v14.py,,,,,,PY,py,3430,,,,,,
irr.py,Raw/Archives/Archive/finance/irr.py,,,,,,PY,py,12255,,,,,,
cashflow_v14.py.bak,Raw/Archives/Archive/finance/cashflow_v14.py.bak,,,,,,BAK,bak,53059,,,,,,
irr.cpython-311.pyc,Raw/Archives/Archive/finance/__pycache__/irr.cpython-311.pyc,,,,,,PYC,pyc,13712,,,,,,
equity_v14.cpython-311.pyc,Raw/Archives/Archive/finance/__pycache__/equity_v14.cpython-311.pyc,,,,,,PYC,pyc,13606,,,,,,
debt_v14.cpython-311.pyc,Raw/Archives/Archive/finance/__pycache__/debt_v14.cpython-311.pyc,,,,,,PYC,pyc,23828,,,,,,
tax_v14.cpython-311.pyc,Raw/Archives/Archive/finance/__pycache__/tax_v14.cpython-311.pyc,,,,,,PYC,pyc,4451,,,,,,
utils.cpython-311.pyc,Raw/Archives/Archive/finance/__pycache__/utils.cpython-311.pyc,,,,,,PYC,pyc,1805,,,,,,
epc_helper_v14.cpython-311.pyc,Raw/Archives/Archive/finance/__pycache__/epc_helper_v14.cpython-311.pyc,,,,,,PYC,pyc,13112,,,,,,
cashflow_v14.cpython-311.pyc,Raw/Archives/Archive/finance/__pycache__/cashflow_v14.cpython-311.pyc,,,,,,PYC,pyc,45901,,,,,,
wacc_v14.cpython-311.pyc,Raw/Archives/Archive/finance/__pycache__/wacc_v14.cpython-311.pyc,,,,,,PYC,pyc,19347,,,,,,
__init__.cpython-311.pyc,Raw/Archives/Archive/finance/__pycache__/__init__.cpython-311.pyc,,,,,,PYC,pyc,3378,,,,,,
.DS_Store,Raw/Archives/Archive/inputs/.DS_Store,,,,,,,,6148,,,,,,
demo_override.yaml,Raw/Archives/Archive/inputs/demo_override.yaml,,,,,,YAML,yaml,25,,,,,,
demo_override_low.yaml,Raw/Archives/Archive/inputs/demo_override_low.yaml,,,,,,YAML,yaml,25,,,,,,
scenario_matrix.yaml,Raw/Archives/Archive/inputs/scenario_matrix.yaml,,,,,,YAML,yaml,94,,,,,,
_bad.yaml,Raw/Archives/Archive/inputs/overrides/_bad.yaml,,,,,,YAML,yaml,25,,,,,,
demo_override.yaml,Raw/Archives/Archive/inputs/overrides/demo_override.yaml,,,,,,YAML,yaml,25,,,,,,
demo_override_low.yaml,Raw/Archives/Archive/inputs/overrides/demo_override_low.yaml,,,,,,YAML,yaml,25,,,,,,
debt_smoke.yaml,Raw/Archives/Archive/inputs/overrides/debt_smoke.yaml,,,,,,YAML,yaml,350,,,,,,
fx_data_recent_Period2_2018_2019.yaml,Raw/Archives/Archive/inputs/fxdata/fx_data_recent_Period2_2018_2019.yaml,,,,,,YAML,yaml,4029,,,,,,
fx_data_historical_Decade5_2015_2025.yaml,Raw/Archives/Archive/inputs/fxdata/fx_data_historical_Decade5_2015_2025.yaml,,,,,,YAML,yaml,19921,,,,,,
fx_data_recent_Period1_2016_2017.yaml,Raw/Archives/Archive/inputs/fxdata/fx_data_recent_Period1_2016_2017.yaml,,,,,,YAML,yaml,4005,,,,,,
fx_data_historical_Decade4_2005_2014.yaml,Raw/Archives/Archive/inputs/fxdata/fx_data_historical_Decade4_2005_2014.yaml,,,,,,YAML,yaml,8168,,,,,,
fx_data_recent_Period4_2022_2023.yaml,Raw/Archives/Archive/inputs/fxdata/fx_data_recent_Period4_2022_2023.yaml,,,,,,YAML,yaml,4009,,,,,,
fx_data_recent_Period3_2020_2021.yaml,Raw/Archives/Archive/inputs/fxdata/fx_data_recent_Period3_2020_2021.yaml,,,,,,YAML,yaml,3981,,,,,,
fx_data_recent_Period5_2024_2025.yaml,Raw/Archives/Archive/inputs/fxdata/fx_data_recent_Period5_2024_2025.yaml,,,,,,YAML,yaml,3863,,,,,,
verification_clean.json,Raw/Archives/Archive/outputs/verification_clean.json,,,,,,JSON,json,88645,,,,,,
sensitivity_analysis.csv,Raw/Archives/Archive/outputs/sensitivity_analysis.csv,,,,,,CSV,csv,261,,,,,,
pipeline_result.json,Raw/Archives/Archive/outputs/pipeline_result.json,,,,,,JSON,json,92513,,,,,,
covenant_breach_probabilities.csv,Raw/Archives/Archive/outputs/covenant_breach_probabilities.csv,,,,,,CSV,csv,85,,,,,,
.DS_Store,Raw/Archives/Archive/outputs/.DS_Store,,,,,,,,8196,,,,,,
coverage_ratios_summary.csv,Raw/Archives/Archive/outputs/coverage_ratios_summary.csv,,,,,,CSV,csv,857,,,,,,
cleanup_phase1_audit_20251130_003249.txt,Raw/Archives/Archive/outputs/cleanup_phase1_audit_20251130_003249.txt,,,,,,TXT,txt,1081,,,,,,
sensitivity_report.md,Raw/Archives/Archive/outputs/sensitivity_report.md,,,,,,MD,md,1090,,,,,,
phase2_matrix_20251130_005252.csv,Raw/Archives/Archive/outputs/phase2_matrix_20251130_005252.csv,,,,,,CSV,csv,13530,,,,,,
investment_committee_summary_20251114.md,Raw/Archives/Archive/outputs/investment_committee_summary_20251114.md,,,,,,MD,md,3035,,,,,,
debt_diagnostic.json,Raw/Archives/Archive/outputs/debt_diagnostic.json,,,,,,JSON,json,739,,,,,,
executive_summary.md,Raw/Archives/Archive/outputs/executive_summary.md,,,,,,MD,md,2794,,,,,,
P0-1C_Investment_Committee_Summary.md,Raw/Archives/Archive/outputs/P0-1C_Investment_Committee_Summary.md,,,,,,MD,md,3111,,,,,,
dfi_lender_pack.md,Raw/Archives/Archive/outputs/dfi_lender_pack.md,,,,,,MD,md,3004,,,,,,
verification_fixed.json,Raw/Archives/Archive/outputs/verification_fixed.json,,,,,,JSON,json,92513,,,,,,
scenario_full_model_variables_updated_results.csv,Raw/Archives/Archive/outputs/scenario_full_model_variables_updated_results.csv,,,,,,CSV,csv,122,,,,,,
verification.json,Raw/Archives/Archive/outputs/verification.json,,,,,,JSON,json,89427,,,,,,
risk_summary.csv,Raw/Archives/Archive/outputs/risk_summary.csv,,,,,,CSV,csv,267,,,,,,
ci_results.json,Raw/Archives/Archive/outputs/ci_results.json,,,,,,JSON,json,1754,,,,,,
covenant_compliance_certificate_20251114.md,Raw/Archives/Archive/outputs/covenant_compliance_certificate_20251114.md,,,,,,MD,md,2522,,,,,,
covenant_compliance_certificate_template.md,Raw/Archives/Archive/outputs/covenant_compliance_certificate_template.md,,,,,,MD,md,2543,,,,,,
tornado_chart_equity_irr.png,Raw/Archives/Archive/outputs/tornado_chart_equity_irr.png,,,,,,PNG,png,498002,,,,,,
run.json,Raw/Archives/Archive/outputs/run.json,,,,,,JSON,json,490,,,,,,
phase2_matrix_20251130_004521.csv,Raw/Archives/Archive/outputs/phase2_matrix_20251130_004521.csv,,,,,,CSV,csv,13530,,,,,,
.DS_Store,Raw/Archives/Archive/outputs/2025-12-06/.DS_Store,,,,,,,,8196,,,,,,
run_full_pipeline_v14.log,Raw/Archives/Archive/outputs/2025-12-06/10-33-05/run_full_pipeline_v14.log,,,,,,LOG,log,782,,,,,,
config.yaml,Raw/Archives/Archive/outputs/2025-12-06/10-33-05/.hydra/config.yaml,,,,,,YAML,yaml,99,,,,,,
hydra.yaml,Raw/Archives/Archive/outputs/2025-12-06/10-33-05/.hydra/hydra.yaml,,,,,,YAML,yaml,3485,,,,,,
overrides.yaml,Raw/Archives/Archive/outputs/2025-12-06/10-33-05/.hydra/overrides.yaml,,,,,,YAML,yaml,51,,,,,,
run_full_pipeline_v14.log,Raw/Archives/Archive/outputs/2025-12-06/13-56-58/run_full_pipeline_v14.log,,,,,,LOG,log,782,,,,,,
config.yaml,Raw/Archives/Archive/outputs/2025-12-06/13-56-58/.hydra/config.yaml,,,,,,YAML,yaml,99,,,,,,
hydra.yaml,Raw/Archives/Archive/outputs/2025-12-06/13-56-58/.hydra/hydra.yaml,,,,,,YAML,yaml,3485,,,,,,
overrides.yaml,Raw/Archives/Archive/outputs/2025-12-06/13-56-58/.hydra/overrides.yaml,,,,,,YAML,yaml,51,,,,,,
run_full_pipeline_v14.log,Raw/Archives/Archive/outputs/2025-12-06/10-30-09/run_full_pipeline_v14.log,,,,,,LOG,log,782,,,,,,
config.yaml,Raw/Archives/Archive/outputs/2025-12-06/10-30-09/.hydra/config.yaml,,,,,,YAML,yaml,99,,,,,,
hydra.yaml,Raw/Archives/Archive/outputs/2025-12-06/10-30-09/.hydra/hydra.yaml,,,,,,YAML,yaml,3485,,,,,,
overrides.yaml,Raw/Archives/Archive/outputs/2025-12-06/10-30-09/.hydra/overrides.yaml,,,,,,YAML,yaml,51,,,,,,
run_full_pipeline_v14.log,Raw/Archives/Archive/outputs/2025-12-06/10-44-16/run_full_pipeline_v14.log,,,,,,LOG,log,782,,,,,,
config.yaml,Raw/Archives/Archive/outputs/2025-12-06/10-44-16/.hydra/config.yaml,,,,,,YAML,yaml,99,,,,,,
hydra.yaml,Raw/Archives/Archive/outputs/2025-12-06/10-44-16/.hydra/hydra.yaml,,,,,,YAML,yaml,3485,,,,,,
overrides.yaml,Raw/Archives/Archive/outputs/2025-12-06/10-44-16/.hydra/overrides.yaml,,,,,,YAML,yaml,51,,,,,,
run_full_pipeline_v14.log,Raw/Archives/Archive/outputs/2025-12-06/07-36-35/run_full_pipeline_v14.log,,,,,,LOG,log,845,,,,,,
config.yaml,Raw/Archives/Archive/outputs/2025-12-06/07-36-35/.hydra/config.yaml,,,,,,YAML,yaml,162,,,,,,
hydra.yaml,Raw/Archives/Archive/outputs/2025-12-06/07-36-35/.hydra/hydra.yaml,,,,,,YAML,yaml,3611,,,,,,
overrides.yaml,Raw/Archives/Archive/outputs/2025-12-06/07-36-35/.hydra/overrides.yaml,,,,,,YAML,yaml,114,,,,,,
run_full_pipeline_v14.log,Raw/Archives/Archive/outputs/2025-12-06/10-39-09/run_full_pipeline_v14.log,,,,,,LOG,log,782,,,,,,
config.yaml,Raw/Archives/Archive/outputs/2025-12-06/10-39-09/.hydra/config.yaml,,,,,,YAML,yaml,99,,,,,,
hydra.yaml,Raw/Archives/Archive/outputs/2025-12-06/10-39-09/.hydra/hydra.yaml,,,,,,YAML,yaml,3485,,,,,,
overrides.yaml,Raw/Archives/Archive/outputs/2025-12-06/10-39-09/.hydra/overrides.yaml,,,,,,YAML,yaml,51,,,,,,
run_full_pipeline_v14.log,Raw/Archives/Archive/outputs/2025-12-06/10-43-46/run_full_pipeline_v14.log,,,,,,LOG,log,782,,,,,,
config.yaml,Raw/Archives/Archive/outputs/2025-12-06/10-43-46/.hydra/config.yaml,,,,,,YAML,yaml,99,,,,,,
hydra.yaml,Raw/Archives/Archive/outputs/2025-12-06/10-43-46/.hydra/hydra.yaml,,,,,,YAML,yaml,3485,,,,,,
overrides.yaml,Raw/Archives/Archive/outputs/2025-12-06/10-43-46/.hydra/overrides.yaml,,,,,,YAML,yaml,51,,,,,,
run_full_pipeline_v14.log,Raw/Archives/Archive/outputs/2025-12-06/07-37-35/run_full_pipeline_v14.log,,,,,,LOG,log,0,,,,,,
config.yaml,Raw/Archives/Archive/outputs/2025-12-06/07-37-35/.hydra/config.yaml,,,,,,YAML,yaml,60,,,,,,
hydra.yaml,Raw/Archives/Archive/outputs/2025-12-06/07-37-35/.hydra/hydra.yaml,,,,,,YAML,yaml,3387,,,,,,
overrides.yaml,Raw/Archives/Archive/outputs/2025-12-06/07-37-35/.hydra/overrides.yaml,,,,,,YAML,yaml,3,,,,,,
run_full_pipeline_v14.log,Raw/Archives/Archive/outputs/2025-12-06/19-23-27/run_full_pipeline_v14.log,,,,,,LOG,log,845,,,,,,
config.yaml,Raw/Archives/Archive/outputs/2025-12-06/19-23-27/.hydra/config.yaml,,,,,,YAML,yaml,162,,,,,,
hydra.yaml,Raw/Archives/Archive/outputs/2025-12-06/19-23-27/.hydra/hydra.yaml,,,,,,YAML,yaml,3611,,,,,,
overrides.yaml,Raw/Archives/Archive/outputs/2025-12-06/19-23-27/.hydra/overrides.yaml,,,,,,YAML,yaml,114,,,,,,
.DS_Store,Raw/Archives/Archive/outputs/2025-11-29/.DS_Store,,,,,,,,6148,,,,,,
run_scenario_analytics_v14.log,Raw/Archives/Archive/outputs/2025-11-29/22-06-01/run_scenario_analytics_v14.log,,,,,,LOG,log,6761,,,,,,
config.yaml,Raw/Archives/Archive/outputs/2025-11-29/22-06-01/.hydra/config.yaml,,,,,,YAML,yaml,178,,,,,,
hydra.yaml,Raw/Archives/Archive/outputs/2025-11-29/22-06-01/.hydra/hydra.yaml,,,,,,YAML,yaml,3575,,,,,,
overrides.yaml,Raw/Archives/Archive/outputs/2025-11-29/22-06-01/.hydra/overrides.yaml,,,,,,YAML,yaml,90,,,,,,
run_scenario_analytics_v14.log,Raw/Archives/Archive/outputs/2025-11-29/22-34-26/run_scenario_analytics_v14.log,,,,,,LOG,log,6372,,,,,,
config.yaml,Raw/Archives/Archive/outputs/2025-11-29/22-34-26/.hydra/config.yaml,,,,,,YAML,yaml,184,,,,,,
hydra.yaml,Raw/Archives/Archive/outputs/2025-11-29/22-34-26/.hydra/hydra.yaml,,,,,,YAML,yaml,3587,,,,,,
overrides.yaml,Raw/Archives/Archive/outputs/2025-11-29/22-34-26/.hydra/overrides.yaml,,,,,,YAML,yaml,96,,,,,,
stdin.log,Raw/Archives/Archive/outputs/2025-11-29/21-15-11/stdin.log,,,,,,LOG,log,0,,,,,,
config.yaml,Raw/Archives/Archive/outputs/2025-11-29/21-15-11/.hydra/config.yaml,,,,,,YAML,yaml,3,,,,,,
hydra.yaml,Raw/Archives/Archive/outputs/2025-11-29/21-15-11/.hydra/hydra.yaml,,,,,,YAML,yaml,3234,,,,,,
overrides.yaml,Raw/Archives/Archive/outputs/2025-11-29/21-15-11/.hydra/overrides.yaml,,,,,,YAML,yaml,3,,,,,,
run_full_pipeline_v14.log,Raw/Archives/Archive/outputs/2025-11-29/21-40-45/run_full_pipeline_v14.log,,,,,,LOG,log,855,,,,,,
config.yaml,Raw/Archives/Archive/outputs/2025-11-29/21-40-45/.hydra/config.yaml,,,,,,YAML,yaml,82,,,,,,
hydra.yaml,Raw/Archives/Archive/outputs/2025-11-29/21-40-45/.hydra/hydra.yaml,,,,,,YAML,yaml,3451,,,,,,
overrides.yaml,Raw/Archives/Archive/outputs/2025-11-29/21-40-45/.hydra/overrides.yaml,,,,,,YAML,yaml,34,,,,,,
run_full_pipeline_v14.log,Raw/Archives/Archive/outputs/2025-11-29/21-32-01/run_full_pipeline_v14.log,,,,,,LOG,log,855,,,,,,
config.yaml,Raw/Archives/Archive/outputs/2025-11-29/21-32-01/.hydra/config.yaml,,,,,,YAML,yaml,82,,,,,,
hydra.yaml,Raw/Archives/Archive/outputs/2025-11-29/21-32-01/.hydra/hydra.yaml,,,,,,YAML,yaml,3451,,,,,,
overrides.yaml,Raw/Archives/Archive/outputs/2025-11-29/21-32-01/.hydra/overrides.yaml,,,,,,YAML,yaml,34,,,,,,
run_scenario_analytics_v14.log,Raw/Archives/Archive/outputs/2025-11-29/22-26-14/run_scenario_analytics_v14.log,,,,,,LOG,log,6372,,,,,,
config.yaml,Raw/Archives/Archive/outputs/2025-11-29/22-26-14/.hydra/config.yaml,,,,,,YAML,yaml,184,,,,,,
hydra.yaml,Raw/Archives/Archive/outputs/2025-11-29/22-26-14/.hydra/hydra.yaml,,,,,,YAML,yaml,3587,,,,,,
overrides.yaml,Raw/Archives/Archive/outputs/2025-11-29/22-26-14/.hydra/overrides.yaml,,,,,,YAML,yaml,96,,,,,,
.DS_Store,Raw/Archives/Archive/outputs/2025-12-05/.DS_Store,,,,,,,,8196,,,,,,
run_full_pipeline_v14.log,Raw/Archives/Archive/outputs/2025-12-05/07-42-25/run_full_pipeline_v14.log,,,,,,LOG,log,0,,,,,,
config.yaml,Raw/Archives/Archive/outputs/2025-12-05/07-42-25/.hydra/config.yaml,,,,,,YAML,yaml,3866,,,,,,
hydra.yaml,Raw/Archives/Archive/outputs/2025-12-05/07-42-25/.hydra/hydra.yaml,,,,,,YAML,yaml,3397,,,,,,
overrides.yaml,Raw/Archives/Archive/outputs/2025-12-05/07-42-25/.hydra/overrides.yaml,,,,,,YAML,yaml,3,,,,,,
run_full_pipeline_v14.log,Raw/Archives/Archive/outputs/2025-12-05/22-47-06/run_full_pipeline_v14.log,,,,,,LOG,log,210,,,,,,
config.yaml,Raw/Archives/Archive/outputs/2025-12-05/22-47-06/.hydra/config.yaml,,,,,,YAML,yaml,99,,,,,,
hydra.yaml,Raw/Archives/Archive/outputs/2025-12-05/22-47-06/.hydra/hydra.yaml,,,,,,YAML,yaml,3485,,,,,,
overrides.yaml,Raw/Archives/Archive/outputs/2025-12-05/22-47-06/.hydra/overrides.yaml,,,,,,YAML,yaml,51,,,,,,
run_full_pipeline_v14.log,Raw/Archives/Archive/outputs/2025-12-05/07-38-31/run_full_pipeline_v14.log,,,,,,LOG,log,845,,,,,,
config.yaml,Raw/Archives/Archive/outputs/2025-12-05/07-38-31/.hydra/config.yaml,,,,,,YAML,yaml,162,,,,,,
hydra.yaml,Raw/Archives/Archive/outputs/2025-12-05/07-38-31/.hydra/hydra.yaml,,,,,,YAML,yaml,3611,,,,,,
overrides.yaml,Raw/Archives/Archive/outputs/2025-12-05/07-38-31/.hydra/overrides.yaml,,,,,,YAML,yaml,114,,,,,,
run_full_pipeline_v14.log,Raw/Archives/Archive/outputs/2025-12-05/22-55-21/run_full_pipeline_v14.log,,,,,,LOG,log,210,,,,,,
config.yaml,Raw/Archives/Archive/outputs/2025-12-05/22-55-21/.hydra/config.yaml,,,,,,YAML,yaml,99,,,,,,
hydra.yaml,Raw/Archives/Archive/outputs/2025-12-05/22-55-21/.hydra/hydra.yaml,,,,,,YAML,yaml,3485,,,,,,
overrides.yaml,Raw/Archives/Archive/outputs/2025-12-05/22-55-21/.hydra/overrides.yaml,,,,,,YAML,yaml,51,,,,,,
run_full_pipeline_v14.log,Raw/Archives/Archive/outputs/2025-12-05/07-50-33/run_full_pipeline_v14.log,,,,,,LOG,log,782,,,,,,
config.yaml,Raw/Archives/Archive/outputs/2025-12-05/07-50-33/.hydra/config.yaml,,,,,,YAML,yaml,112,,,,,,
hydra.yaml,Raw/Archives/Archive/outputs/2025-12-05/07-50-33/.hydra/hydra.yaml,,,,,,YAML,yaml,3613,,,,,,
overrides.yaml,Raw/Archives/Archive/outputs/2025-12-05/07-50-33/.hydra/overrides.yaml,,,,,,YAML,yaml,113,,,,,,
run_full_pipeline_v14.log,Raw/Archives/Archive/outputs/2025-12-05/22-59-09/run_full_pipeline_v14.log,,,,,,LOG,log,782,,,,,,
config.yaml,Raw/Archives/Archive/outputs/2025-12-05/22-59-09/.hydra/config.yaml,,,,,,YAML,yaml,99,,,,,,
hydra.yaml,Raw/Archives/Archive/outputs/2025-12-05/22-59-09/.hydra/hydra.yaml,,,,,,YAML,yaml,3485,,,,,,
overrides.yaml,Raw/Archives/Archive/outputs/2025-12-05/22-59-09/.hydra/overrides.yaml,,,,,,YAML,yaml,51,,,,,,
run_full_pipeline_v14.log,Raw/Archives/Archive/outputs/2025-12-05/23-01-44/run_full_pipeline_v14.log,,,,,,LOG,log,782,,,,,,
config.yaml,Raw/Archives/Archive/outputs/2025-12-05/23-01-44/.hydra/config.yaml,,,,,,YAML,yaml,137,,,,,,
hydra.yaml,Raw/Archives/Archive/outputs/2025-12-05/23-01-44/.hydra/hydra.yaml,,,,,,YAML,yaml,3561,,,,,,
overrides.yaml,Raw/Archives/Archive/outputs/2025-12-05/23-01-44/.hydra/overrides.yaml,,,,,,YAML,yaml,88,,,,,,
run_full_pipeline_v14.log,Raw/Archives/Archive/outputs/2025-12-05/23-00-52/run_full_pipeline_v14.log,,,,,,LOG,log,782,,,,,,
config.yaml,Raw/Archives/Archive/outputs/2025-12-05/23-00-52/.hydra/config.yaml,,,,,,YAML,yaml,99,,,,,,
hydra.yaml,Raw/Archives/Archive/outputs/2025-12-05/23-00-52/.hydra/hydra.yaml,,,,,,YAML,yaml,3485,,,,,,
overrides.yaml,Raw/Archives/Archive/outputs/2025-12-05/23-00-52/.hydra/overrides.yaml,,,,,,YAML,yaml,51,,,,,,
run_full_pipeline_v14.log,Raw/Archives/Archive/outputs/2025-12-05/23-24-08/run_full_pipeline_v14.log,,,,,,LOG,log,980,,,,,,
config.yaml,Raw/Archives/Archive/outputs/2025-12-05/23-24-08/.hydra/config.yaml,,,,,,YAML,yaml,99,,,,,,
hydra.yaml,Raw/Archives/Archive/outputs/2025-12-05/23-24-08/.hydra/hydra.yaml,,,,,,YAML,yaml,3485,,,,,,
overrides.yaml,Raw/Archives/Archive/outputs/2025-12-05/23-24-08/.hydra/overrides.yaml,,,,,,YAML,yaml,51,,,,,,
run_full_pipeline_v14.log,Raw/Archives/Archive/outputs/2025-12-05/22-20-47/run_full_pipeline_v14.log,,,,,,LOG,log,685,,,,,,
config.yaml,Raw/Archives/Archive/outputs/2025-12-05/22-20-47/.hydra/config.yaml,,,,,,YAML,yaml,98,,,,,,
hydra.yaml,Raw/Archives/Archive/outputs/2025-12-05/22-20-47/.hydra/hydra.yaml,,,,,,YAML,yaml,3531,,,,,,
overrides.yaml,Raw/Archives/Archive/outputs/2025-12-05/22-20-47/.hydra/overrides.yaml,,,,,,YAML,yaml,73,,,,,,
run_full_pipeline_v14.log,Raw/Archives/Archive/outputs/2025-12-05/08-46-41/run_full_pipeline_v14.log,,,,,,LOG,log,782,,,,,,
config.yaml,Raw/Archives/Archive/outputs/2025-12-05/08-46-41/.hydra/config.yaml,,,,,,YAML,yaml,112,,,,,,
hydra.yaml,Raw/Archives/Archive/outputs/2025-12-05/08-46-41/.hydra/hydra.yaml,,,,,,YAML,yaml,3613,,,,,,
overrides.yaml,Raw/Archives/Archive/outputs/2025-12-05/08-46-41/.hydra/overrides.yaml,,,,,,YAML,yaml,113,,,,,,
run_full_pipeline_v14.log,Raw/Archives/Archive/outputs/2025-12-05/06-41-25/run_full_pipeline_v14.log,,,,,,LOG,log,845,,,,,,
config.yaml,Raw/Archives/Archive/outputs/2025-12-05/06-41-25/.hydra/config.yaml,,,,,,YAML,yaml,162,,,,,,
hydra.yaml,Raw/Archives/Archive/outputs/2025-12-05/06-41-25/.hydra/hydra.yaml,,,,,,YAML,yaml,3611,,,,,,
overrides.yaml,Raw/Archives/Archive/outputs/2025-12-05/06-41-25/.hydra/overrides.yaml,,,,,,YAML,yaml,114,,,,,,
run_full_pipeline_v14.log,Raw/Archives/Archive/outputs/2025-12-05/22-49-03/run_full_pipeline_v14.log,,,,,,LOG,log,210,,,,,,
config.yaml,Raw/Archives/Archive/outputs/2025-12-05/22-49-03/.hydra/config.yaml,,,,,,YAML,yaml,99,,,,,,
hydra.yaml,Raw/Archives/Archive/outputs/2025-12-05/22-49-03/.hydra/hydra.yaml,,,,,,YAML,yaml,3485,,,,,,
overrides.yaml,Raw/Archives/Archive/outputs/2025-12-05/22-49-03/.hydra/overrides.yaml,,,,,,YAML,yaml,51,,,,,,
.DS_Store,Raw/Archives/Archive/outputs/2025-12-02/.DS_Store,,,,,,,,8196,,,,,,
run_full_pipeline_v14.log,Raw/Archives/Archive/outputs/2025-12-02/17-00-53/run_full_pipeline_v14.log,,,,,,LOG,log,836,,,,,,
config.yaml,Raw/Archives/Archive/outputs/2025-12-02/17-00-53/.hydra/config.yaml,,,,,,YAML,yaml,162,,,,,,
hydra.yaml,Raw/Archives/Archive/outputs/2025-12-02/17-00-53/.hydra/hydra.yaml,,,,,,YAML,yaml,3611,,,,,,
overrides.yaml,Raw/Archives/Archive/outputs/2025-12-02/17-00-53/.hydra/overrides.yaml,,,,,,YAML,yaml,114,,,,,,
run_full_pipeline_v14.log,Raw/Archives/Archive/outputs/2025-12-02/20-10-17/run_full_pipeline_v14.log,,,,,,LOG,log,924,,,,,,
config.yaml,Raw/Archives/Archive/outputs/2025-12-02/20-10-17/.hydra/config.yaml,,,,,,YAML,yaml,82,,,,,,
hydra.yaml,Raw/Archives/Archive/outputs/2025-12-02/20-10-17/.hydra/hydra.yaml,,,,,,YAML,yaml,3451,,,,,,
overrides.yaml,Raw/Archives/Archive/outputs/2025-12-02/20-10-17/.hydra/overrides.yaml,,,,,,YAML,yaml,34,,,,,,
run_full_pipeline_v14.log,Raw/Archives/Archive/outputs/2025-12-02/20-08-40/run_full_pipeline_v14.log,,,,,,LOG,log,1022,,,,,,
config.yaml,Raw/Archives/Archive/outputs/2025-12-02/20-08-40/.hydra/config.yaml,,,,,,YAML,yaml,162,,,,,,
hydra.yaml,Raw/Archives/Archive/outputs/2025-12-02/20-08-40/.hydra/hydra.yaml,,,,,,YAML,yaml,3611,,,,,,
overrides.yaml,Raw/Archives/Archive/outputs/2025-12-02/20-08-40/.hydra/overrides.yaml,,,,,,YAML,yaml,114,,,,,,
run_full_pipeline_v14.log,Raw/Archives/Archive/outputs/2025-12-02/20-00-51/run_full_pipeline_v14.log,,,,,,LOG,log,1022,,,,,,
config.yaml,Raw/Archives/Archive/outputs/2025-12-02/20-00-51/.hydra/config.yaml,,,,,,YAML,yaml,162,,,,,,
hydra.yaml,Raw/Archives/Archive/outputs/2025-12-02/20-00-51/.hydra/hydra.yaml,,,,,,YAML,yaml,3611,,,,,,
overrides.yaml,Raw/Archives/Archive/outputs/2025-12-02/20-00-51/.hydra/overrides.yaml,,,,,,YAML,yaml,114,,,,,,
run_full_pipeline_v14.log,Raw/Archives/Archive/outputs/2025-12-02/20-55-34/run_full_pipeline_v14.log,,,,,,LOG,log,1022,,,,,,
config.yaml,Raw/Archives/Archive/outputs/2025-12-02/20-55-34/.hydra/config.yaml,,,,,,YAML,yaml,162,,,,,,
hydra.yaml,Raw/Archives/Archive/outputs/2025-12-02/20-55-34/.hydra/hydra.yaml,,,,,,YAML,yaml,3611,,,,,,
overrides.yaml,Raw/Archives/Archive/outputs/2025-12-02/20-55-34/.hydra/overrides.yaml,,,,,,YAML,yaml,114,,,,,,
run_full_pipeline_v14.log,Raw/Archives/Archive/outputs/2025-12-02/20-55-56/run_full_pipeline_v14.log,,,,,,LOG,log,1022,,,,,,
config.yaml,Raw/Archives/Archive/outputs/2025-12-02/20-55-56/.hydra/config.yaml,,,,,,YAML,yaml,162,,,,,,
hydra.yaml,Raw/Archives/Archive/outputs/2025-12-02/20-55-56/.hydra/hydra.yaml,,,,,,YAML,yaml,3611,,,,,,
overrides.yaml,Raw/Archives/Archive/outputs/2025-12-02/20-55-56/.hydra/overrides.yaml,,,,,,YAML,yaml,114,,,,,,
run_full_pipeline_v14.log,Raw/Archives/Archive/outputs/2025-12-02/21-14-28/run_full_pipeline_v14.log,,,,,,LOG,log,1022,,,,,,
config.yaml,Raw/Archives/Archive/outputs/2025-12-02/21-14-28/.hydra/config.yaml,,,,,,YAML,yaml,162,,,,,,
hydra.yaml,Raw/Archives/Archive/outputs/2025-12-02/21-14-28/.hydra/hydra.yaml,,,,,,YAML,yaml,3611,,,,,,
overrides.yaml,Raw/Archives/Archive/outputs/2025-12-02/21-14-28/.hydra/overrides.yaml,,,,,,YAML,yaml,114,,,,,,
run_full_pipeline_v14.log,Raw/Archives/Archive/outputs/2025-12-02/16-26-21/run_full_pipeline_v14.log,,,,,,LOG,log,0,,,,,,
config.yaml,Raw/Archives/Archive/outputs/2025-12-02/16-26-21/.hydra/config.yaml,,,,,,YAML,yaml,60,,,,,,
hydra.yaml,Raw/Archives/Archive/outputs/2025-12-02/16-26-21/.hydra/hydra.yaml,,,,,,YAML,yaml,3387,,,,,,
overrides.yaml,Raw/Archives/Archive/outputs/2025-12-02/16-26-21/.hydra/overrides.yaml,,,,,,YAML,yaml,3,,,,,,
run_full_pipeline_v14.log,Raw/Archives/Archive/outputs/2025-12-02/20-53-47/run_full_pipeline_v14.log,,,,,,LOG,log,1022,,,,,,
config.yaml,Raw/Archives/Archive/outputs/2025-12-02/20-53-47/.hydra/config.yaml,,,,,,YAML,yaml,162,,,,,,
hydra.yaml,Raw/Archives/Archive/outputs/2025-12-02/20-53-47/.hydra/hydra.yaml,,,,,,YAML,yaml,3611,,,,,,
overrides.yaml,Raw/Archives/Archive/outputs/2025-12-02/20-53-47/.hydra/overrides.yaml,,,,,,YAML,yaml,114,,,,,,
run_full_pipeline_v14.log,Raw/Archives/Archive/outputs/2025-12-02/19-47-57/run_full_pipeline_v14.log,,,,,,LOG,log,1022,,,,,,
config.yaml,Raw/Archives/Archive/outputs/2025-12-02/19-47-57/.hydra/config.yaml,,,,,,YAML,yaml,162,,,,,,
hydra.yaml,Raw/Archives/Archive/outputs/2025-12-02/19-47-57/.hydra/hydra.yaml,,,,,,YAML,yaml,3611,,,,,,
overrides.yaml,Raw/Archives/Archive/outputs/2025-12-02/19-47-57/.hydra/overrides.yaml,,,,,,YAML,yaml,114,,,,,,
run_full_pipeline_v14.log,Raw/Archives/Archive/outputs/2025-12-02/20-00-15/run_full_pipeline_v14.log,,,,,,LOG,log,1022,,,,,,
config.yaml,Raw/Archives/Archive/outputs/2025-12-02/20-00-15/.hydra/config.yaml,,,,,,YAML,yaml,162,,,,,,
hydra.yaml,Raw/Archives/Archive/outputs/2025-12-02/20-00-15/.hydra/hydra.yaml,,,,,,YAML,yaml,3611,,,,,,
overrides.yaml,Raw/Archives/Archive/outputs/2025-12-02/20-00-15/.hydra/overrides.yaml,,,,,,YAML,yaml,114,,,,,,
run_full_pipeline_v14.log,Raw/Archives/Archive/outputs/2025-12-02/16-26-41/run_full_pipeline_v14.log,,,,,,LOG,log,855,,,,,,
config.yaml,Raw/Archives/Archive/outputs/2025-12-02/16-26-41/.hydra/config.yaml,,,,,,YAML,yaml,82,,,,,,
hydra.yaml,Raw/Archives/Archive/outputs/2025-12-02/16-26-41/.hydra/hydra.yaml,,,,,,YAML,yaml,3451,,,,,,
overrides.yaml,Raw/Archives/Archive/outputs/2025-12-02/16-26-41/.hydra/overrides.yaml,,,,,,YAML,yaml,34,,,,,,
run_full_pipeline_v14.log,Raw/Archives/Archive/outputs/2025-12-02/20-15-07/run_full_pipeline_v14.log,,,,,,LOG,log,959,,,,,,
config.yaml,Raw/Archives/Archive/outputs/2025-12-02/20-15-07/.hydra/config.yaml,,,,,,YAML,yaml,99,,,,,,
hydra.yaml,Raw/Archives/Archive/outputs/2025-12-02/20-15-07/.hydra/hydra.yaml,,,,,,YAML,yaml,3485,,,,,,
overrides.yaml,Raw/Archives/Archive/outputs/2025-12-02/20-15-07/.hydra/overrides.yaml,,,,,,YAML,yaml,51,,,,,,
.DS_Store,Raw/Archives/Archive/outputs/2025-12-03/.DS_Store,,,,,,,,8196,,,,,,
run_full_pipeline_v14.log,Raw/Archives/Archive/outputs/2025-12-03/17-27-21/run_full_pipeline_v14.log,,,,,,LOG,log,690,,,,,,
config.yaml,Raw/Archives/Archive/outputs/2025-12-03/17-27-21/.hydra/config.yaml,,,,,,YAML,yaml,162,,,,,,
hydra.yaml,Raw/Archives/Archive/outputs/2025-12-03/17-27-21/.hydra/hydra.yaml,,,,,,YAML,yaml,3611,,,,,,
overrides.yaml,Raw/Archives/Archive/outputs/2025-12-03/17-27-21/.hydra/overrides.yaml,,,,,,YAML,yaml,114,,,,,,
run_full_pipeline_v14.log,Raw/Archives/Archive/outputs/2025-12-03/03-37-41/run_full_pipeline_v14.log,,,,,,LOG,log,1126,,,,,,
config.yaml,Raw/Archives/Archive/outputs/2025-12-03/03-37-41/.hydra/config.yaml,,,,,,YAML,yaml,162,,,,,,
hydra.yaml,Raw/Archives/Archive/outputs/2025-12-03/03-37-41/.hydra/hydra.yaml,,,,,,YAML,yaml,3611,,,,,,
overrides.yaml,Raw/Archives/Archive/outputs/2025-12-03/03-37-41/.hydra/overrides.yaml,,,,,,YAML,yaml,114,,,,,,
run_full_pipeline_v14.log,Raw/Archives/Archive/outputs/2025-12-03/04-42-25/run_full_pipeline_v14.log,,,,,,LOG,log,941,,,,,,
config.yaml,Raw/Archives/Archive/outputs/2025-12-03/04-42-25/.hydra/config.yaml,,,,,,YAML,yaml,162,,,,,,
hydra.yaml,Raw/Archives/Archive/outputs/2025-12-03/04-42-25/.hydra/hydra.yaml,,,,,,YAML,yaml,3611,,,,,,
overrides.yaml,Raw/Archives/Archive/outputs/2025-12-03/04-42-25/.hydra/overrides.yaml,,,,,,YAML,yaml,114,,,,,,
run_full_pipeline_v14.log,Raw/Archives/Archive/outputs/2025-12-03/04-33-15/run_full_pipeline_v14.log,,,,,,LOG,log,941,,,,,,
config.yaml,Raw/Archives/Archive/outputs/2025-12-03/04-33-15/.hydra/config.yaml,,,,,,YAML,yaml,162,,,,,,
hydra.yaml,Raw/Archives/Archive/outputs/2025-12-03/04-33-15/.hydra/hydra.yaml,,,,,,YAML,yaml,3611,,,,,,
overrides.yaml,Raw/Archives/Archive/outputs/2025-12-03/04-33-15/.hydra/overrides.yaml,,,,,,YAML,yaml,114,,,,,,
run_full_pipeline_v14.log,Raw/Archives/Archive/outputs/2025-12-03/21-38-15/run_full_pipeline_v14.log,,,,,,LOG,log,690,,,,,,
config.yaml,Raw/Archives/Archive/outputs/2025-12-03/21-38-15/.hydra/config.yaml,,,,,,YAML,yaml,162,,,,,,
hydra.yaml,Raw/Archives/Archive/outputs/2025-12-03/21-38-15/.hydra/hydra.yaml,,,,,,YAML,yaml,3611,,,,,,
overrides.yaml,Raw/Archives/Archive/outputs/2025-12-03/21-38-15/.hydra/overrides.yaml,,,,,,YAML,yaml,114,,,,,,
run_full_pipeline_v14.log,Raw/Archives/Archive/outputs/2025-12-03/04-00-40/run_full_pipeline_v14.log,,,,,,LOG,log,941,,,,,,
config.yaml,Raw/Archives/Archive/outputs/2025-12-03/04-00-40/.hydra/config.yaml,,,,,,YAML,yaml,162,,,,,,
hydra.yaml,Raw/Archives/Archive/outputs/2025-12-03/04-00-40/.hydra/hydra.yaml,,,,,,YAML,yaml,3611,,,,,,
overrides.yaml,Raw/Archives/Archive/outputs/2025-12-03/04-00-40/.hydra/overrides.yaml,,,,,,YAML,yaml,114,,,,,,
run_full_pipeline_v14.log,Raw/Archives/Archive/outputs/2025-12-03/03-37-44/run_full_pipeline_v14.log,,,,,,LOG,log,1126,,,,,,
config.yaml,Raw/Archives/Archive/outputs/2025-12-03/03-37-44/.hydra/config.yaml,,,,,,YAML,yaml,99,,,,,,
hydra.yaml,Raw/Archives/Archive/outputs/2025-12-03/03-37-44/.hydra/hydra.yaml,,,,,,YAML,yaml,3485,,,,,,
overrides.yaml,Raw/Archives/Archive/outputs/2025-12-03/03-37-44/.hydra/overrides.yaml,,,,,,YAML,yaml,51,,,,,,
run_full_pipeline_v14.log,Raw/Archives/Archive/outputs/2025-12-03/16-07-46/run_full_pipeline_v14.log,,,,,,LOG,log,690,,,,,,
config.yaml,Raw/Archives/Archive/outputs/2025-12-03/16-07-46/.hydra/config.yaml,,,,,,YAML,yaml,162,,,,,,
hydra.yaml,Raw/Archives/Archive/outputs/2025-12-03/16-07-46/.hydra/hydra.yaml,,,,,,YAML,yaml,3611,,,,,,
overrides.yaml,Raw/Archives/Archive/outputs/2025-12-03/16-07-46/.hydra/overrides.yaml,,,,,,YAML,yaml,114,,,,,,
run_full_pipeline_v14.log,Raw/Archives/Archive/outputs/2025-12-03/04-27-29/run_full_pipeline_v14.log,,,,,,LOG,log,941,,,,,,
config.yaml,Raw/Archives/Archive/outputs/2025-12-03/04-27-29/.hydra/config.yaml,,,,,,YAML,yaml,162,,,,,,
hydra.yaml,Raw/Archives/Archive/outputs/2025-12-03/04-27-29/.hydra/hydra.yaml,,,,,,YAML,yaml,3611,,,,,,
overrides.yaml,Raw/Archives/Archive/outputs/2025-12-03/04-27-29/.hydra/overrides.yaml,,,,,,YAML,yaml,114,,,,,,
run_full_pipeline_v14.log,Raw/Archives/Archive/outputs/2025-12-03/14-43-46/run_full_pipeline_v14.log,,,,,,LOG,log,690,,,,,,
config.yaml,Raw/Archives/Archive/outputs/2025-12-03/14-43-46/.hydra/config.yaml,,,,,,YAML,yaml,162,,,,,,
hydra.yaml,Raw/Archives/Archive/outputs/2025-12-03/14-43-46/.hydra/hydra.yaml,,,,,,YAML,yaml,3611,,,,,,
overrides.yaml,Raw/Archives/Archive/outputs/2025-12-03/14-43-46/.hydra/overrides.yaml,,,,,,YAML,yaml,114,,,,,,
.DS_Store,Raw/Archives/Archive/outputs/2025-12-04/.DS_Store,,,,,,,,14340,,,,,,
run_full_pipeline_v14.log,Raw/Archives/Archive/outputs/2025-12-04/14-48-27/run_full_pipeline_v14.log,,,,,,LOG,log,1071,,,,,,
config.yaml,Raw/Archives/Archive/outputs/2025-12-04/14-48-27/.hydra/config.yaml,,,,,,YAML,yaml,162,,,,,,
hydra.yaml,Raw/Archives/Archive/outputs/2025-12-04/14-48-27/.hydra/hydra.yaml,,,,,,YAML,yaml,3611,,,,,,
overrides.yaml,Raw/Archives/Archive/outputs/2025-12-04/14-48-27/.hydra/overrides.yaml,,,,,,YAML,yaml,114,,,,,,
run_full_pipeline_v14.log,Raw/Archives/Archive/outputs/2025-12-04/07-29-06/run_full_pipeline_v14.log,,,,,,LOG,log,926,,,,,,
config.yaml,Raw/Archives/Archive/outputs/2025-12-04/07-29-06/.hydra/config.yaml,,,,,,YAML,yaml,162,,,,,,
hydra.yaml,Raw/Archives/Archive/outputs/2025-12-04/07-29-06/.hydra/hydra.yaml,,,,,,YAML,yaml,3611,,,,,,
overrides.yaml,Raw/Archives/Archive/outputs/2025-12-04/07-29-06/.hydra/overrides.yaml,,,,,,YAML,yaml,114,,,,,,
run_full_pipeline_v14.log,Raw/Archives/Archive/outputs/2025-12-04/23-22-15/run_full_pipeline_v14.log,,,,,,LOG,log,647,,,,,,
config.yaml,Raw/Archives/Archive/outputs/2025-12-04/23-22-15/.hydra/config.yaml,,,,,,YAML,yaml,99,,,,,,
hydra.yaml,Raw/Archives/Archive/outputs/2025-12-04/23-22-15/.hydra/hydra.yaml,,,,,,YAML,yaml,3485,,,,,,
overrides.yaml,Raw/Archives/Archive/outputs/2025-12-04/23-22-15/.hydra/overrides.yaml,,,,,,YAML,yaml,51,,,,,,
run_full_pipeline_v14.log,Raw/Archives/Archive/outputs/2025-12-04/06-07-53/run_full_pipeline_v14.log,,,,,,LOG,log,690,,,,,,
config.yaml,Raw/Archives/Archive/outputs/2025-12-04/06-07-53/.hydra/config.yaml,,,,,,YAML,yaml,162,,,,,,
hydra.yaml,Raw/Archives/Archive/outputs/2025-12-04/06-07-53/.hydra/hydra.yaml,,,,,,YAML,yaml,3611,,,,,,
overrides.yaml,Raw/Archives/Archive/outputs/2025-12-04/06-07-53/.hydra/overrides.yaml,,,,,,YAML,yaml,114,,,,,,
run_full_pipeline_v14.log,Raw/Archives/Archive/outputs/2025-12-04/17-01-54/run_full_pipeline_v14.log,,,,,,LOG,log,823,,,,,,
config.yaml,Raw/Archives/Archive/outputs/2025-12-04/17-01-54/.hydra/config.yaml,,,,,,YAML,yaml,162,,,,,,
hydra.yaml,Raw/Archives/Archive/outputs/2025-12-04/17-01-54/.hydra/hydra.yaml,,,,,,YAML,yaml,3611,,,,,,
overrides.yaml,Raw/Archives/Archive/outputs/2025-12-04/17-01-54/.hydra/overrides.yaml,,,,,,YAML,yaml,114,,,,,,
run_full_pipeline_v14.log,Raw/Archives/Archive/outputs/2025-12-04/06-28-31/run_full_pipeline_v14.log,,,,,,LOG,log,690,,,,,,
config.yaml,Raw/Archives/Archive/outputs/2025-12-04/06-28-31/.hydra/config.yaml,,,,,,YAML,yaml,162,,,,,,
hydra.yaml,Raw/Archives/Archive/outputs/2025-12-04/06-28-31/.hydra/hydra.yaml,,,,,,YAML,yaml,3611,,,,,,
overrides.yaml,Raw/Archives/Archive/outputs/2025-12-04/06-28-31/.hydra/overrides.yaml,,,,,,YAML,yaml,114,,,,,,
run_full_pipeline_v14.log,Raw/Archives/Archive/outputs/2025-12-04/05-52-09/run_full_pipeline_v14.log,,,,,,LOG,log,690,,,,,,
config.yaml,Raw/Archives/Archive/outputs/2025-12-04/05-52-09/.hydra/config.yaml,,,,,,YAML,yaml,162,,,,,,
hydra.yaml,Raw/Archives/Archive/outputs/2025-12-04/05-52-09/.hydra/hydra.yaml,,,,,,YAML,yaml,3611,,,,,,
overrides.yaml,Raw/Archives/Archive/outputs/2025-12-04/05-52-09/.hydra/overrides.yaml,,,,,,YAML,yaml,114,,,,,,
run_full_pipeline_v14.log,Raw/Archives/Archive/outputs/2025-12-04/22-06-40/run_full_pipeline_v14.log,,,,,,LOG,log,0,,,,,,
config.yaml,Raw/Archives/Archive/outputs/2025-12-04/22-06-40/.hydra/config.yaml,,,,,,YAML,yaml,3866,,,,,,
hydra.yaml,Raw/Archives/Archive/outputs/2025-12-04/22-06-40/.hydra/hydra.yaml,,,,,,YAML,yaml,3397,,,,,,
overrides.yaml,Raw/Archives/Archive/outputs/2025-12-04/22-06-40/.hydra/overrides.yaml,,,,,,YAML,yaml,3,,,,,,
run_full_pipeline_v14.log,Raw/Archives/Archive/outputs/2025-12-04/05-49-23/run_full_pipeline_v14.log,,,,,,LOG,log,690,,,,,,
config.yaml,Raw/Archives/Archive/outputs/2025-12-04/05-49-23/.hydra/config.yaml,,,,,,YAML,yaml,162,,,,,,
hydra.yaml,Raw/Archives/Archive/outputs/2025-12-04/05-49-23/.hydra/hydra.yaml,,,,,,YAML,yaml,3611,,,,,,
overrides.yaml,Raw/Archives/Archive/outputs/2025-12-04/05-49-23/.hydra/overrides.yaml,,,,,,YAML,yaml,114,,,,,,
run_full_pipeline_v14.log,Raw/Archives/Archive/outputs/2025-12-04/05-04-42/run_full_pipeline_v14.log,,,,,,LOG,log,690,,,,,,
config.yaml,Raw/Archives/Archive/outputs/2025-12-04/05-04-42/.hydra/config.yaml,,,,,,YAML,yaml,162,,,,,,
hydra.yaml,Raw/Archives/Archive/outputs/2025-12-04/05-04-42/.hydra/hydra.yaml,,,,,,YAML,yaml,3611,,,,,,
overrides.yaml,Raw/Archives/Archive/outputs/2025-12-04/05-04-42/.hydra/overrides.yaml,,,,,,YAML,yaml,114,,,,,,
run_full_pipeline_v14.log,Raw/Archives/Archive/outputs/2025-12-04/11-19-19/run_full_pipeline_v14.log,,,,,,LOG,log,926,,,,,,
config.yaml,Raw/Archives/Archive/outputs/2025-12-04/11-19-19/.hydra/config.yaml,,,,,,YAML,yaml,162,,,,,,
hydra.yaml,Raw/Archives/Archive/outputs/2025-12-04/11-19-19/.hydra/hydra.yaml,,,,,,YAML,yaml,3611,,,,,,
overrides.yaml,Raw/Archives/Archive/outputs/2025-12-04/11-19-19/.hydra/overrides.yaml,,,,,,YAML,yaml,114,,,,,,
run_full_pipeline_v14.log,Raw/Archives/Archive/outputs/2025-12-04/06-57-51/run_full_pipeline_v14.log,,,,,,LOG,log,690,,,,,,
config.yaml,Raw/Archives/Archive/outputs/2025-12-04/06-57-51/.hydra/config.yaml,,,,,,YAML,yaml,162,,,,,,
hydra.yaml,Raw/Archives/Archive/outputs/2025-12-04/06-57-51/.hydra/hydra.yaml,,,,,,YAML,yaml,3611,,,,,,
overrides.yaml,Raw/Archives/Archive/outputs/2025-12-04/06-57-51/.hydra/overrides.yaml,,,,,,YAML,yaml,114,,,,,,
run_full_pipeline_v14.log,Raw/Archives/Archive/outputs/2025-12-04/05-58-57/run_full_pipeline_v14.log,,,,,,LOG,log,690,,,,,,
config.yaml,Raw/Archives/Archive/outputs/2025-12-04/05-58-57/.hydra/config.yaml,,,,,,YAML,yaml,162,,,,,,
hydra.yaml,Raw/Archives/Archive/outputs/2025-12-04/05-58-57/.hydra/hydra.yaml,,,,,,YAML,yaml,3611,,,,,,
overrides.yaml,Raw/Archives/Archive/outputs/2025-12-04/05-58-57/.hydra/overrides.yaml,,,,,,YAML,yaml,114,,,,,,
run_full_pipeline_v14.log,Raw/Archives/Archive/outputs/2025-12-04/05-44-53/run_full_pipeline_v14.log,,,,,,LOG,log,690,,,,,,
config.yaml,Raw/Archives/Archive/outputs/2025-12-04/05-44-53/.hydra/config.yaml,,,,,,YAML,yaml,162,,,,,,
hydra.yaml,Raw/Archives/Archive/outputs/2025-12-04/05-44-53/.hydra/hydra.yaml,,,,,,YAML,yaml,3611,,,,,,
overrides.yaml,Raw/Archives/Archive/outputs/2025-12-04/05-44-53/.hydra/overrides.yaml,,,,,,YAML,yaml,114,,,,,,
run_full_pipeline_v14.log,Raw/Archives/Archive/outputs/2025-12-04/19-32-59/run_full_pipeline_v14.log,,,,,,LOG,log,629,,,,,,
config.yaml,Raw/Archives/Archive/outputs/2025-12-04/19-32-59/.hydra/config.yaml,,,,,,YAML,yaml,82,,,,,,
hydra.yaml,Raw/Archives/Archive/outputs/2025-12-04/19-32-59/.hydra/hydra.yaml,,,,,,YAML,yaml,3451,,,,,,
overrides.yaml,Raw/Archives/Archive/outputs/2025-12-04/19-32-59/.hydra/overrides.yaml,,,,,,YAML,yaml,34,,,,,,
run_full_pipeline_v14.log,Raw/Archives/Archive/outputs/2025-12-04/06-45-14/run_full_pipeline_v14.log,,,,,,LOG,log,690,,,,,,
config.yaml,Raw/Archives/Archive/outputs/2025-12-04/06-45-14/.hydra/config.yaml,,,,,,YAML,yaml,162,,,,,,
hydra.yaml,Raw/Archives/Archive/outputs/2025-12-04/06-45-14/.hydra/hydra.yaml,,,,,,YAML,yaml,3611,,,,,,
overrides.yaml,Raw/Archives/Archive/outputs/2025-12-04/06-45-14/.hydra/overrides.yaml,,,,,,YAML,yaml,114,,,,,,
run_full_pipeline_v14.log,Raw/Archives/Archive/outputs/2025-12-04/10-15-21/run_full_pipeline_v14.log,,,,,,LOG,log,926,,,,,,
config.yaml,Raw/Archives/Archive/outputs/2025-12-04/10-15-21/.hydra/config.yaml,,,,,,YAML,yaml,162,,,,,,
hydra.yaml,Raw/Archives/Archive/outputs/2025-12-04/10-15-21/.hydra/hydra.yaml,,,,,,YAML,yaml,3611,,,,,,
overrides.yaml,Raw/Archives/Archive/outputs/2025-12-04/10-15-21/.hydra/overrides.yaml,,,,,,YAML,yaml,114,,,,,,
run_full_pipeline_v14.log,Raw/Archives/Archive/outputs/2025-12-04/07-47-11/run_full_pipeline_v14.log,,,,,,LOG,log,926,,,,,,
config.yaml,Raw/Archives/Archive/outputs/2025-12-04/07-47-11/.hydra/config.yaml,,,,,,YAML,yaml,162,,,,,,
hydra.yaml,Raw/Archives/Archive/outputs/2025-12-04/07-47-11/.hydra/hydra.yaml,,,,,,YAML,yaml,3611,,,,,,
overrides.yaml,Raw/Archives/Archive/outputs/2025-12-04/07-47-11/.hydra/overrides.yaml,,,,,,YAML,yaml,114,,,,,,
run_full_pipeline_v14.log,Raw/Archives/Archive/outputs/2025-12-04/18-23-26/run_full_pipeline_v14.log,,,,,,LOG,log,743,,,,,,
config.yaml,Raw/Archives/Archive/outputs/2025-12-04/18-23-26/.hydra/config.yaml,,,,,,YAML,yaml,82,,,,,,
hydra.yaml,Raw/Archives/Archive/outputs/2025-12-04/18-23-26/.hydra/hydra.yaml,,,,,,YAML,yaml,3451,,,,,,
overrides.yaml,Raw/Archives/Archive/outputs/2025-12-04/18-23-26/.hydra/overrides.yaml,,,,,,YAML,yaml,34,,,,,,
run_full_pipeline_v14.log,Raw/Archives/Archive/outputs/2025-12-04/07-43-43/run_full_pipeline_v14.log,,,,,,LOG,log,926,,,,,,
config.yaml,Raw/Archives/Archive/outputs/2025-12-04/07-43-43/.hydra/config.yaml,,,,,,YAML,yaml,162,,,,,,
hydra.yaml,Raw/Archives/Archive/outputs/2025-12-04/07-43-43/.hydra/hydra.yaml,,,,,,YAML,yaml,3611,,,,,,
overrides.yaml,Raw/Archives/Archive/outputs/2025-12-04/07-43-43/.hydra/overrides.yaml,,,,,,YAML,yaml,114,,,,,,
run_full_pipeline_v14.log,Raw/Archives/Archive/outputs/2025-12-04/21-11-54/run_full_pipeline_v14.log,,,,,,LOG,log,710,,,,,,
config.yaml,Raw/Archives/Archive/outputs/2025-12-04/21-11-54/.hydra/config.yaml,,,,,,YAML,yaml,162,,,,,,
hydra.yaml,Raw/Archives/Archive/outputs/2025-12-04/21-11-54/.hydra/hydra.yaml,,,,,,YAML,yaml,3611,,,,,,
overrides.yaml,Raw/Archives/Archive/outputs/2025-12-04/21-11-54/.hydra/overrides.yaml,,,,,,YAML,yaml,114,,,,,,
run_full_pipeline_v14.log,Raw/Archives/Archive/outputs/2025-12-04/22-07-43/run_full_pipeline_v14.log,,,,,,LOG,log,647,,,,,,
config.yaml,Raw/Archives/Archive/outputs/2025-12-04/22-07-43/.hydra/config.yaml,,,,,,YAML,yaml,112,,,,,,
hydra.yaml,Raw/Archives/Archive/outputs/2025-12-04/22-07-43/.hydra/hydra.yaml,,,,,,YAML,yaml,3613,,,,,,
overrides.yaml,Raw/Archives/Archive/outputs/2025-12-04/22-07-43/.hydra/overrides.yaml,,,,,,YAML,yaml,113,,,,,,
run_full_pipeline_v14.log,Raw/Archives/Archive/outputs/2025-12-04/22-04-52/run_full_pipeline_v14.log,,,,,,LOG,log,0,,,,,,
config.yaml,Raw/Archives/Archive/outputs/2025-12-04/22-04-52/.hydra/config.yaml,,,,,,YAML,yaml,3866,,,,,,
hydra.yaml,Raw/Archives/Archive/outputs/2025-12-04/22-04-52/.hydra/hydra.yaml,,,,,,YAML,yaml,3397,,,,,,
overrides.yaml,Raw/Archives/Archive/outputs/2025-12-04/22-04-52/.hydra/overrides.yaml,,,,,,YAML,yaml,3,,,,,,
run_full_pipeline_v14.log,Raw/Archives/Archive/outputs/2025-12-04/06-27-26/run_full_pipeline_v14.log,,,,,,LOG,log,690,,,,,,
config.yaml,Raw/Archives/Archive/outputs/2025-12-04/06-27-26/.hydra/config.yaml,,,,,,YAML,yaml,162,,,,,,
hydra.yaml,Raw/Archives/Archive/outputs/2025-12-04/06-27-26/.hydra/hydra.yaml,,,,,,YAML,yaml,3611,,,,,,
overrides.yaml,Raw/Archives/Archive/outputs/2025-12-04/06-27-26/.hydra/overrides.yaml,,,,,,YAML,yaml,114,,,,,,
run_full_pipeline_v14.log,Raw/Archives/Archive/outputs/2025-12-04/17-34-18/run_full_pipeline_v14.log,,,,,,LOG,log,823,,,,,,
config.yaml,Raw/Archives/Archive/outputs/2025-12-04/17-34-18/.hydra/config.yaml,,,,,,YAML,yaml,162,,,,,,
hydra.yaml,Raw/Archives/Archive/outputs/2025-12-04/17-34-18/.hydra/hydra.yaml,,,,,,YAML,yaml,3611,,,,,,
overrides.yaml,Raw/Archives/Archive/outputs/2025-12-04/17-34-18/.hydra/overrides.yaml,,,,,,YAML,yaml,114,,,,,,
run_full_pipeline_v14.log,Raw/Archives/Archive/outputs/2025-12-04/07-55-25/run_full_pipeline_v14.log,,,,,,LOG,log,926,,,,,,
config.yaml,Raw/Archives/Archive/outputs/2025-12-04/07-55-25/.hydra/config.yaml,,,,,,YAML,yaml,162,,,,,,
hydra.yaml,Raw/Archives/Archive/outputs/2025-12-04/07-55-25/.hydra/hydra.yaml,,,,,,YAML,yaml,3611,,,,,,
overrides.yaml,Raw/Archives/Archive/outputs/2025-12-04/07-55-25/.hydra/overrides.yaml,,,,,,YAML,yaml,114,,,,,,
run_full_pipeline_v14.log,Raw/Archives/Archive/outputs/2025-12-04/11-21-44/run_full_pipeline_v14.log,,,,,,LOG,log,926,,,,,,
config.yaml,Raw/Archives/Archive/outputs/2025-12-04/11-21-44/.hydra/config.yaml,,,,,,YAML,yaml,162,,,,,,
hydra.yaml,Raw/Archives/Archive/outputs/2025-12-04/11-21-44/.hydra/hydra.yaml,,,,,,YAML,yaml,3611,,,,,,
overrides.yaml,Raw/Archives/Archive/outputs/2025-12-04/11-21-44/.hydra/overrides.yaml,,,,,,YAML,yaml,114,,,,,,
run_full_pipeline_v14.log,Raw/Archives/Archive/outputs/2025-12-04/21-17-50/run_full_pipeline_v14.log,,,,,,LOG,log,647,,,,,,
config.yaml,Raw/Archives/Archive/outputs/2025-12-04/21-17-50/.hydra/config.yaml,,,,,,YAML,yaml,99,,,,,,
hydra.yaml,Raw/Archives/Archive/outputs/2025-12-04/21-17-50/.hydra/hydra.yaml,,,,,,YAML,yaml,3485,,,,,,
overrides.yaml,Raw/Archives/Archive/outputs/2025-12-04/21-17-50/.hydra/overrides.yaml,,,,,,YAML,yaml,51,,,,,,
run_full_pipeline_v14.log,Raw/Archives/Archive/outputs/2025-12-04/06-11-00/run_full_pipeline_v14.log,,,,,,LOG,log,690,,,,,,
config.yaml,Raw/Archives/Archive/outputs/2025-12-04/06-11-00/.hydra/config.yaml,,,,,,YAML,yaml,162,,,,,,
hydra.yaml,Raw/Archives/Archive/outputs/2025-12-04/06-11-00/.hydra/hydra.yaml,,,,,,YAML,yaml,3611,,,,,,
overrides.yaml,Raw/Archives/Archive/outputs/2025-12-04/06-11-00/.hydra/overrides.yaml,,,,,,YAML,yaml,114,,,,,,
pre_fix_analysis.json,Raw/Archives/Archive/reports/pre_fix_analysis.json,,,,,,JSON,json,3796,,,,,,
example_b.yaml,Raw/Archives/Archive/scenarios/example_b.yaml,,,,,,YAML,yaml,801,,,,,,
sensitivity_parameters_examples.yaml,Raw/Archives/Archive/scenarios/sensitivity_parameters_examples.yaml,,,,,,YAML,yaml,484,,,,,,
.DS_Store,Raw/Archives/Archive/scenarios/.DS_Store,,,,,,,,6148,,,,,,
example_b.json,Raw/Archives/Archive/scenarios/example_b.json,,,,,,JSON,json,972,,,,,,
edge_extreme_stress.yaml,Raw/Archives/Archive/scenarios/edge_extreme_stress.yaml,,,,,,YAML,yaml,798,,,,,,
example_a_old.yaml,Raw/Archives/Archive/scenarios/example_a_old.yaml,,,,,,YAML,yaml,801,,,,,,
bad_missing_tax.yaml,Raw/Archives/Archive/scenarios/bad_missing_tax.yaml,,,,,,YAML,yaml,3669,,,,,,
dutchbay_lendercase_2025Q4.yaml,Raw/Archives/Archive/scenarios/dutchbay_lendercase_2025Q4.yaml,,,,,,YAML,yaml,3865,,,,,,
good_unit_test.yaml,Raw/Archives/Archive/scenarios/good_unit_test.yaml,,,,,,YAML,yaml,774,,,,,,
dutchbay_master_config_v14.yaml,Raw/Archives/Archive/scenarios/dutchbay_master_config_v14.yaml,,,,,,YAML,yaml,8570,,,,,,
contracts_edgecase_base_v14.yaml,Raw/Archives/Archive/scenarios/contracts_edgecase_base_v14.yaml,,,,,,YAML,yaml,1713,,,,,,
dutchbay_lendercase_2025Q4.yaml.bak,Raw/Archives/Archive/scenarios/dutchbay_lendercase_2025Q4.yaml.bak,,,,,,BAK,bak,3865,,,,,,
example_a.yaml,Raw/Archives/Archive/scenarios/example_a.yaml,,,,,,YAML,yaml,798,,,,,,
base_scenario.yaml,Raw/Archives/Archive/scenarios/test/base_scenario.yaml,,,,,,YAML,yaml,499,,,,,,
zz_bad.yaml,Raw/Archives/Archive/scenarios/_scrtch/zz_bad.yaml,,,,,,YAML,yaml,48,,,,,,
.DS_Store,Raw/Archives/Archive/scripts/.DS_Store,,,,,,,,8196,,,,,,
dutchbay_thread_migration_package.txt,Raw/Archives/Archive/scripts/dutchbay_thread_migration_package.txt,,,,,,TXT,txt,12442,,,,,,
go_with_the_flow_ci.py,Raw/Archives/Archive/scripts/go_with_the_flow_ci.py,,,,,,PY,py,26287,,,,,,
fix_metrics_typing.py,Raw/Archives/Archive/scripts/fix_metrics_typing.py,,,,,,PY,py,2497,,,,,,
README.md,Raw/Archives/Archive/scripts/README.md,,,,,,MD,md,406,,,,,,
venv_up.sh,Raw/Archives/Archive/scripts/venv_up.sh,,,,,,SH,sh,2526,,,,,,
instrument_statutory_debug.py,Raw/Archives/Archive/scripts/instrument_statutory_debug.py,,,,,,PY,py,4846,,,,,,
benchmark_sensitivity.py,Raw/Archives/Archive/scripts/benchmark_sensitivity.py,,,,,,PY,py,1312,,,,,,
validate_pysam_offline.py,Raw/Archives/Archive/scripts/validate_pysam_offline.py,,,,,,PY,py,4482,,,,,,
make_clean_zip.py,Raw/Archives/Archive/scripts/make_clean_zip.py,,,,,,PY,py,14127,,,,,,
optimization.py,Raw/Archives/Archive/scripts/research/optimization.py,,,,,,PY,py,13147,,,,,,
generate_reports.py,Raw/Archives/Archive/scripts/reporting/generate_reports.py,,,,,,PY,py,1791,,,,,,
analyze_directory.py,Raw/Archives/Archive/scripts/analysis/analyze_directory.py,,,,,,PY,py,5739,,,,,,
gen_scenario_yaml.py,Raw/Archives/Archive/scripts/analysis/gen_scenario_yaml.py,,,,,,PY,py,2533,,,,,,
fx_correlation_module.py,Raw/Archives/Archive/scripts/analysis/fx_correlation_module.py,,,,,,PY,py,15274,,,,,,
wacc_engine_yaml.py,Raw/Archives/Archive/scripts/analysis/wacc_engine_yaml.py,,,,,,PY,py,9479,,,,,,
model_guard.py,Raw/Archives/Archive/scripts/ci/model_guard.py,,,,,,PY,py,1077,,,,,,
ci_structure_check.py,Raw/Archives/Archive/scripts/ci/ci_structure_check.py,,,,,,PY,py,5918,,,,,,
dev_quickcheck.sh,Raw/Archives/Archive/scripts/ci/dev_quickcheck.sh,,,,,,SH,sh,1279,,,,,,
check_all_py_files.py,Raw/Archives/Archive/scripts/ci/check_all_py_files.py,,,,,,PY,py,2347,,,,,,
validate.py,Raw/Archives/Archive/scripts/ci/validate.py,,,,,,PY,py,7627,,,,,,
check_staged_py_files.py,Raw/Archives/Archive/scripts/ci/check_staged_py_files.py,,,,,,PY,py,2685,,,,,,
ci_phase_c_full.sh,Raw/Archives/Archive/scripts/ci/ci_phase_c_full.sh,,,,,,SH,sh,1068,,,,,,
parameter_validation.py,Raw/Archives/Archive/scripts/ci/parameter_validation.py,,,,,,PY,py,530,,,,,,
check_legacy_imports.py,Raw/Archives/Archive/scripts/ci/check_legacy_imports.py,,,,,,PY,py,1891,,,,,,
ci_quick.sh,Raw/Archives/Archive/scripts/ci/ci_quick.sh,,,,,,SH,sh,1153,,,,,,
check_outputs.sh,Raw/Archives/Archive/scripts/ci/check_outputs.sh,,,,,,SH,sh,1732,,,,,,
test_fx_dual_regime_standalone_fixed.py,Raw/Archives/Archive/scripts/tests/test_fx_dual_regime_standalone_fixed.py,,,,,,PY,py,18372,,,,,,
test_fx_complete_data.py,Raw/Archives/Archive/scripts/tests/test_fx_complete_data.py,,,,,,PY,py,9946,,,,,,
test_returns_module.py,Raw/Archives/Archive/scripts/tests/test_returns_module.py,,,,,,PY,py,1633,,,,,,
test_llcr_plcr_real_debt.py,Raw/Archives/Archive/scripts/tests/test_llcr_plcr_real_debt.py,,,,,,PY,py,2726,,,,,,
test_irr_quick.py,Raw/Archives/Archive/scripts/tests/test_irr_quick.py,,,,,,PY,py,2480,,,,,,
test_markdown_report.py,Raw/Archives/Archive/scripts/tests/test_markdown_report.py,,,,,,PY,py,4419,,,,,,
setup_github_auth_https.sh,Raw/Archives/Archive/scripts/github/setup_github_auth_https.sh,,,,,,SH,sh,600,,,,,,
create_v14_analytics_issues.sh,Raw/Archives/Archive/scripts/github/create_v14_analytics_issues.sh,,,,,,SH,sh,13557,,,,,,
gh_tools.py,Raw/Archives/Archive/scripts/github/gh_tools.py,,,,,,PY,py,10356,,,,,,
create_sprint10_issues.sh,Raw/Archives/Archive/scripts/github/create_sprint10_issues.sh,,,,,,SH,sh,11036,,,,,,
auto_close_issues.py,Raw/Archives/Archive/scripts/github/auto_close_issues.py,,,,,,PY,py,9807,,,,,,
.DS_Store,Raw/Archives/Archive/scripts/build/.DS_Store,,,,,,,,6148,,,,,,
roll_zip_and_bootstrap.sh,Raw/Archives/Archive/scripts/build/roll_zip_and_bootstrap.sh,,,,,,SH,sh,6559,,,,,,
build_zip_from_manifest.py,Raw/Archives/Archive/scripts/build/build_zip_from_manifest.py,,,,,,PY,py,5060,,,,,,
make_upload_zip.sh,Raw/Archives/Archive/scripts/build/make_upload_zip.sh,,,,,,SH,sh,1597,,,,,,
generate_manifest.py,Raw/Archives/Archive/scripts/build/generate_manifest.py,,,,,,PY,py,2552,,,,,,
make_essential_zip.py,Raw/Archives/Archive/scripts/build/make_essential_zip.py,,,,,,PY,py,2871,,,,,,
run_import_surface_sweep.sh,Raw/Archives/Archive/scripts/test_runners/run_import_surface_sweep.sh,,,,,,SH,sh,1994,,,,,,
run_heavy_modules_suite.sh,Raw/Archives/Archive/scripts/test_runners/run_heavy_modules_suite.sh,,,,,,SH,sh,605,,,,,,
run_all_suites.sh,Raw/Archives/Archive/scripts/test_runners/run_all_suites.sh,,,,,,SH,sh,728,,,,,,
regression_smoke.sh,Raw/Archives/Archive/scripts/test_runners/regression_smoke.sh,,,,,,SH,sh,287,,,,,,
run_next_modules_suite.sh,Raw/Archives/Archive/scripts/test_runners/run_next_modules_suite.sh,,,,,,SH,sh,392,,,,,,
run_next_tests.sh,Raw/Archives/Archive/scripts/test_runners/run_next_tests.sh,,,,,,SH,sh,1098,,,,,,
run_cli_scenarios_fast.sh,Raw/Archives/Archive/scripts/test_runners/run_cli_scenarios_fast.sh,,,,,,SH,sh,333,,,,,,
run_heavy_with_shims.sh,Raw/Archives/Archive/scripts/test_runners/run_heavy_with_shims.sh,,,,,,SH,sh,428,,,,,,
run_reporting_hardened.sh,Raw/Archives/Archive/scripts/test_runners/run_reporting_hardened.sh,,,,,,SH,sh,278,,,,,,
run_api_cov_smoke.sh,Raw/Archives/Archive/scripts/test_runners/run_api_cov_smoke.sh,,,,,,SH,sh,1105,,,,,,
run_reporting_cli_smoke.sh,Raw/Archives/Archive/scripts/test_runners/run_reporting_cli_smoke.sh,,,,,,SH,sh,773,,,,,,
run_core_hardened.sh,Raw/Archives/Archive/scripts/test_runners/run_core_hardened.sh,,,,,,SH,sh,277,,,,,,
conftest.py,Raw/Archives/Archive/tests/conftest.py,,,,,,PY,py,773,,,,,,
.DS_Store,Raw/Archives/Archive/tests/.DS_Store,,,,,,,,14340,,,,,,
test_scenario_analytics_smoke.py,Raw/Archives/Archive/tests/test_scenario_analytics_smoke.py,,,,,,PY,py,3370,,,,,,
test_metrics_integration.py,Raw/Archives/Archive/tests/test_metrics_integration.py,,,,,,PY,py,1990,,,,,,
test_cli_v14_smoke.py,Raw/Archives/Archive/tests/test_cli_v14_smoke.py,,,,,,PY,py,863,,,,,,
test_schema_guard_fx.py,Raw/Archives/Archive/tests/test_schema_guard_fx.py,,,,,,PY,py,7806,,,,,,
test_v14_pipeline_smoke.py,Raw/Archives/Archive/tests/test_v14_pipeline_smoke.py,,,,,,PY,py,7652,,,,,,
test_fx_config_strictness.py,Raw/Archives/Archive/tests/test_fx_config_strictness.py,,,,,,PY,py,3108,,,,,,
test_export_smoke.py,Raw/Archives/Archive/tests/test_export_smoke.py,,,,,,PY,py,2197,,,,,,
test_scenario_analytics_cli_v14_smoke.py,Raw/Archives/Archive/tests/test_scenario_analytics_cli_v14_smoke.py,,,,,,PY,py,3349,,,,,,
.DS_Store,Raw/Archives/Archive/tests/smoke/.DS_Store,,,,,,,,6148,,,,,,
test_wacc_fence_v14.py,Raw/Archives/Archive/tests/lint/test_wacc_fence_v14.py,,,,,,PY,py,904,,,,,,
test_no_argparse_v14.py,Raw/Archives/Archive/tests/lint/test_no_argparse_v14.py,,,,,,PY,py,2662,,,,,,
.DS_Store,Raw/Archives/Archive/tests/lint/.DS_Store,,,,,,,,6148,,,,,,
test_equity_fence_v14.py,Raw/Archives/Archive/tests/lint/test_equity_fence_v14.py,,,,,,PY,py,2329,,,,,,
test_irr_location_v14.py,Raw/Archives/Archive/tests/lint/test_irr_location_v14.py,,,,,,PY,py,3283,,,,,,
test_no_typer_v14.py,Raw/Archives/Archive/tests/lint/test_no_typer_v14.py,,,,,,PY,py,2279,,,,,,
test_equity_fence_v14.cpython-311-pytest-9.0.1.pyc,Raw/Archives/Archive/tests/lint/__pycache__/test_equity_fence_v14.cpython-311-pytest-9.0.1.pyc,,,,,,PYC,pyc,4078,,,,,,
test_irr_location_v14.cpython-311-pytest-9.0.1.pyc,Raw/Archives/Archive/tests/lint/__pycache__/test_irr_location_v14.cpython-311-pytest-9.0.1.pyc,,,,,,PYC,pyc,5819,,,,,,
test_no_argparse_v14.cpython-311-pytest-9.0.1.pyc,Raw/Archives/Archive/tests/lint/__pycache__/test_no_argparse_v14.cpython-311-pytest-9.0.1.pyc,,,,,,PYC,pyc,4726,,,,,,
test_wacc_fence_v14.cpython-311-pytest-9.0.1.pyc,Raw/Archives/Archive/tests/lint/__pycache__/test_wacc_fence_v14.cpython-311-pytest-9.0.1.pyc,,,,,,PYC,pyc,1291,,,,,,
test_no_typer_v14.cpython-311-pytest-9.0.1.pyc,Raw/Archives/Archive/tests/lint/__pycache__/test_no_typer_v14.cpython-311-pytest-9.0.1.pyc,,,,,,PYC,pyc,4426,,,,,,
.DS_Store,Raw/Archives/Archive/tests/contracts/.DS_Store,,,,,,,,6148,,,,,,
test_sensitivity_contracts.py,Raw/Archives/Archive/tests/contracts/test_sensitivity_contracts.py,,,,,,PY,py,2910,,,,,,
test_sensitivity_contracts.cpython-311-pytest-9.0.1.pyc,Raw/Archives/Archive/tests/contracts/__pycache__/test_sensitivity_contracts.cpython-311-pytest-9.0.1.pyc,,,,,,PYC,pyc,12876,,,,,,
test_fx_config_strictness.cpython-311-pytest-9.0.1.pyc,Raw/Archives/Archive/tests/__pycache__/test_fx_config_strictness.cpython-311-pytest-9.0.1.pyc,,,,,,PYC,pyc,8826,,,,,,
test_scenario_analytics_smoke.cpython-311-pytest-9.0.1.pyc,Raw/Archives/Archive/tests/__pycache__/test_scenario_analytics_smoke.cpython-311-pytest-9.0.1.pyc,,,,,,PYC,pyc,15964,,,,,,
test_v14_pipeline_smoke.cpython-311-pytest-9.0.1.pyc,Raw/Archives/Archive/tests/__pycache__/test_v14_pipeline_smoke.cpython-311-pytest-9.0.1.pyc,,,,,,PYC,pyc,33728,,,,,,
test_scenario_analytics_cli_v14_smoke.cpython-311-pytest-9.0.1.pyc,Raw/Archives/Archive/tests/__pycache__/test_scenario_analytics_cli_v14_smoke.cpython-311-pytest-9.0.1.pyc,,,,,,PYC,pyc,9913,,,,,,
test_metrics_integration.cpython-311-pytest-9.0.1.pyc,Raw/Archives/Archive/tests/__pycache__/test_metrics_integration.cpython-311-pytest-9.0.1.pyc,,,,,,PYC,pyc,10784,,,,,,
test_schema_guard_fx.cpython-311-pytest-9.0.1.pyc,Raw/Archives/Archive/tests/__pycache__/test_schema_guard_fx.cpython-311-pytest-9.0.1.pyc,,,,,,PYC,pyc,13429,,,,,,
test_cli_v14_smoke.cpython-311-pytest-9.0.1.pyc,Raw/Archives/Archive/tests/__pycache__/test_cli_v14_smoke.cpython-311-pytest-9.0.1.pyc,,,,,,PYC,pyc,3946,,,,,,
test_export_smoke.cpython-311-pytest-9.0.1.pyc,Raw/Archives/Archive/tests/__pycache__/test_export_smoke.cpython-311-pytest-9.0.1.pyc,,,,,,PYC,pyc,10873,,,,,,
conftest.cpython-311-pytest-9.0.1.pyc,Raw/Archives/Archive/tests/__pycache__/conftest.cpython-311-pytest-9.0.1.pyc,,,,,,PYC,pyc,1238,,,,,,
.DS_Store,Raw/Archives/Archive/tests/architecture/.DS_Store,,,,,,,,6148,,,,,,
test_sensitivity_regression.py,Raw/Archives/Archive/tests/analytics_layer/test_sensitivity_regression.py,,,,,,PY,py,2796,,,,,,
.DS_Store,Raw/Archives/Archive/tests/analytics_layer/.DS_Store,,,,,,,,6148,,,,,,
__init__.py,Raw/Archives/Archive/tests/analytics_layer/__init__.py,,,,,,PY,py,0,,,,,,
test_sensitivity_v14.py,Raw/Archives/Archive/tests/analytics_layer/test_sensitivity_v14.py,,,,,,PY,py,12455,,,,,,
test_sensitivity_v14_all.py,Raw/Archives/Archive/tests/analytics_layer/test_sensitivity_v14_all.py,,,,,,PY,py,20355,,,,,,
test_monte_carlo_v14.py,Raw/Archives/Archive/tests/analytics_layer/test_monte_carlo_v14.py,,,,,,PY,py,10903,,,,,,
test_monte_carlo_v14.cpython-311-pytest-9.0.1.pyc,Raw/Archives/Archive/tests/analytics_layer/__pycache__/test_monte_carlo_v14.cpython-311-pytest-9.0.1.pyc,,,,,,PYC,pyc,35768,,,,,,
test_sensitivity_v14_all.cpython-311.pyc,Raw/Archives/Archive/tests/analytics_layer/__pycache__/test_sensitivity_v14_all.cpython-311.pyc,,,,,,PYC,pyc,19407,,,,,,
test_sensitivity_regression.cpython-311-pytest-9.0.1.pyc,Raw/Archives/Archive/tests/analytics_layer/__pycache__/test_sensitivity_regression.cpython-311-pytest-9.0.1.pyc,,,,,,PYC,pyc,10576,,,,,,
test_sensitivity_v14.cpython-311-pytest-9.0.1.pyc,Raw/Archives/Archive/tests/analytics_layer/__pycache__/test_sensitivity_v14.cpython-311-pytest-9.0.1.pyc,,,,,,PYC,pyc,37273,,,,,,
__init__.cpython-311.pyc,Raw/Archives/Archive/tests/analytics_layer/__pycache__/__init__.cpython-311.pyc,,,,,,PYC,pyc,205,,,,,,
test_sensitivity_v14_all.cpython-311-pytest-9.0.1.pyc,Raw/Archives/Archive/tests/analytics_layer/__pycache__/test_sensitivity_v14_all.cpython-311-pytest-9.0.1.pyc,,,,,,PYC,pyc,69286,,,,,,
test_scenario_analytics_unit_scenario_name_refactored.py,Raw/Archives/Archive/tests/api/test_scenario_analytics_unit_scenario_name_refactored.py,,,,,,PY,py,5118,,,,,,
test_executive_workbook_import.py,Raw/Archives/Archive/tests/api/test_executive_workbook_import.py,,,,,,PY,py,388,,,,,,
test_cashflow_v14_regression.py,Raw/Archives/Archive/tests/api/test_cashflow_v14_regression.py,,,,,,PY,py,2871,,,,,,
test_irr_is_singleton_refactored.py,Raw/Archives/Archive/tests/api/test_irr_is_singleton_refactored.py,,,,,,PY,py,3527,,,,,,
.DS_Store,Raw/Archives/Archive/tests/api/.DS_Store,,,,,,,,6148,,,,,,
test_fx_resolver_unit.py,Raw/Archives/Archive/tests/api/test_fx_resolver_unit.py,,,,,,PY,py,2593,,,,,,
test_wacc_module.py,Raw/Archives/Archive/tests/api/test_wacc_module.py,,,,,,PY,py,5429,,,,,,
test_debt_construction_idc_regression_v14.py,Raw/Archives/Archive/tests/api/test_debt_construction_idc_regression_v14.py,,,,,,PY,py,7340,,,,,,
test_scenario_analytics_unit_scenario_name.py,Raw/Archives/Archive/tests/api/test_scenario_analytics_unit_scenario_name.py,,,,,,PY,py,3947,,,,,,
test_irr_core.py,Raw/Archives/Archive/tests/api/test_irr_core.py,,,,,,PY,py,2574,,,,,,
test_scenario_analytics_unit.py,Raw/Archives/Archive/tests/api/test_scenario_analytics_unit.py,,,,,,PY,py,1054,,,,,,
test_executive_workbook_smoke.py,Raw/Archives/Archive/tests/api/test_executive_workbook_smoke.py,,,,,,PY,py,4883,,,,,,
test_cashflow_v14_rows2.py,Raw/Archives/Archive/tests/api/test_cashflow_v14_rows2.py,,,,,,PY,py,1152,,,,,,
test_finance_utils.py,Raw/Archives/Archive/tests/api/test_finance_utils.py,,,,,,PY,py,1138,,,,,,
test_scenario_manager_smoke.py,Raw/Archives/Archive/tests/api/test_scenario_manager_smoke.py,,,,,,PY,py,2143,,,,,,
test_tax_calculator_v14.py,Raw/Archives/Archive/tests/api/test_tax_calculator_v14.py,,,,,,PY,py,3302,,,,,,
test_debt_v14_construction.py,Raw/Archives/Archive/tests/api/test_debt_v14_construction.py,,,,,,PY,py,4992,,,,,,
test_covenants_lendercase_2025Q4.py,Raw/Archives/Archive/tests/api/test_covenants_lendercase_2025Q4.py,,,,,,PY,py,2168,,,,,,
test_schema_guard_fx_validation.py,Raw/Archives/Archive/tests/api/test_schema_guard_fx_validation.py,,,,,,PY,py,4420,,,,,,
test_cashflow_tax_and_life.py,Raw/Archives/Archive/tests/api/test_cashflow_tax_and_life.py,,,,,,PY,py,5643,,,,,,
test_cashflow_v14.py,Raw/Archives/Archive/tests/api/test_cashflow_v14.py,,,,,,PY,py,2884,,,,,,
test_risk_haircut.py,Raw/Archives/Archive/tests/api/test_risk_haircut.py,,,,,,PY,py,3279,,,,,,
test_irr_module.py,Raw/Archives/Archive/tests/api/test_irr_module.py,,,,,,PY,py,5455,,,,,,
test_kpi_normalizer.py,Raw/Archives/Archive/tests/api/test_kpi_normalizer.py,,,,,,PY,py,4982,,,,,,
test_debt_construction_idc_regression.py,Raw/Archives/Archive/tests/api/test_debt_construction_idc_regression.py,,,,,,PY,py,464,,,,,,
test_covenants_v14.py,Raw/Archives/Archive/tests/api/test_covenants_v14.py,,,,,,PY,py,7624,,,,,,
test_cashflow_risk_haircut_v14.py,Raw/Archives/Archive/tests/api/test_cashflow_risk_haircut_v14.py,,,,,,PY,py,1985,,,,,,
test_epc_helper_v14.py,Raw/Archives/Archive/tests/api/test_epc_helper_v14.py,,,,,,PY,py,3191,,,,,,
test_cashflow_module.py,Raw/Archives/Archive/tests/api/test_cashflow_module.py,,,,,,PY,py,3375,,,,,,
test_metrics_core_stats.py,Raw/Archives/Archive/tests/api/test_metrics_core_stats.py,,,,,,PY,py,4156,,,,,,
test_scenario_analytics_schema_guard_integration.py,Raw/Archives/Archive/tests/api/test_scenario_analytics_schema_guard_integration.py,,,,,,PY,py,3895,,,,,,
test_covenants_ring_fence_smoke_v14.py,Raw/Archives/Archive/tests/api/test_covenants_ring_fence_smoke_v14.py,,,,,,PY,py,4718,,,,,,
test_v14_lender_suite.py,Raw/Archives/Archive/tests/api/test_v14_lender_suite.py,,,,,,PY,py,7357,,,,,,
test_config_schema_guard.py,Raw/Archives/Archive/tests/api/test_config_schema_guard.py,,,,,,PY,py,3089,,,,,,
test_cashflow_v14_rows.py,Raw/Archives/Archive/tests/api/test_cashflow_v14_rows.py,,,,,,PY,py,1431,,,,,,
test_bad_missing_tax_schema_guard.py,Raw/Archives/Archive/tests/api/test_bad_missing_tax_schema_guard.py,,,,,,PY,py,1039,,,,,,
test_export_helpers_v14.py,Raw/Archives/Archive/tests/api/test_export_helpers_v14.py,,,,,,PY,py,3898,,,,,,
test_metrics_module.py,Raw/Archives/Archive/tests/api/test_metrics_module.py,,,,,,PY,py,4910,,,,,,
test_edgecases.py,Raw/Archives/Archive/tests/api/test_edgecases.py,,,,,,PY,py,8195,,,,,,
test_equity_v14.py,Raw/Archives/Archive/tests/api/test_equity_v14.py,,,,,,PY,py,4705,,,,,,
test_metrics_core_stats.cpython-311-pytest-9.0.1.pyc,Raw/Archives/Archive/tests/api/__pycache__/test_metrics_core_stats.cpython-311-pytest-9.0.1.pyc,,,,,,PYC,pyc,16138,,,,,,
test_debt_construction_idc_regression_v14.cpython-311-pytest-9.0.1.pyc,Raw/Archives/Archive/tests/api/__pycache__/test_debt_construction_idc_regression_v14.cpython-311-pytest-9.0.1.pyc,,,,,,PYC,pyc,37819,,,,,,
test_risk_haircut.cpython-311-pytest-9.0.1.pyc,Raw/Archives/Archive/tests/api/__pycache__/test_risk_haircut.cpython-311-pytest-9.0.1.pyc,,,,,,PYC,pyc,16509,,,,,,
test_cashflow_risk_haircut_v14.cpython-311-pytest-9.0.1.pyc,Raw/Archives/Archive/tests/api/__pycache__/test_cashflow_risk_haircut_v14.cpython-311-pytest-9.0.1.pyc,,,,,,PYC,pyc,12445,,,,,,
test_cashflow_v14_rows.cpython-311-pytest-9.0.1.pyc,Raw/Archives/Archive/tests/api/__pycache__/test_cashflow_v14_rows.cpython-311-pytest-9.0.1.pyc,,,,,,PYC,pyc,4087,,,,,,
test_wacc_module.cpython-311-pytest-9.0.1.pyc,Raw/Archives/Archive/tests/api/__pycache__/test_wacc_module.cpython-311-pytest-9.0.1.pyc,,,,,,PYC,pyc,21757,,,,,,
test_scenario_analytics_unit_scenario_name.cpython-311-pytest-9.0.1.pyc,Raw/Archives/Archive/tests/api/__pycache__/test_scenario_analytics_unit_scenario_name.cpython-311-pytest-9.0.1.pyc,,,,,,PYC,pyc,17532,,,,,,
test_schema_guard_fx_validation.cpython-311-pytest-9.0.1.pyc,Raw/Archives/Archive/tests/api/__pycache__/test_schema_guard_fx_validation.cpython-311-pytest-9.0.1.pyc,,,,,,PYC,pyc,8696,,,,,,
test_kpi_normalizer.cpython-311-pytest-9.0.1.pyc,Raw/Archives/Archive/tests/api/__pycache__/test_kpi_normalizer.cpython-311-pytest-9.0.1.pyc,,,,,,PYC,pyc,26056,,,,,,
test_cashflow_tax_and_life.cpython-311-pytest-9.0.1.pyc,Raw/Archives/Archive/tests/api/__pycache__/test_cashflow_tax_and_life.cpython-311-pytest-9.0.1.pyc,,,,,,PYC,pyc,18921,,,,,,
test_scenario_manager_smoke.cpython-311-pytest-9.0.1.pyc,Raw/Archives/Archive/tests/api/__pycache__/test_scenario_manager_smoke.cpython-311-pytest-9.0.1.pyc,,,,,,PYC,pyc,8183,,,,,,
test_cashflow_v14_regression.cpython-311-pytest-9.0.1.pyc,Raw/Archives/Archive/tests/api/__pycache__/test_cashflow_v14_regression.cpython-311-pytest-9.0.1.pyc,,,,,,PYC,pyc,10763,,,,,,
test_scenario_analytics_unit_scenario_name_refactored.cpython-311-pytest-9.0.1.pyc,Raw/Archives/Archive/tests/api/__pycache__/test_scenario_analytics_unit_scenario_name_refactored.cpython-311-pytest-9.0.1.pyc,,,,,,PYC,pyc,17379,,,,,,
test_scenario_analytics_unit.cpython-311-pytest-9.0.1.pyc,Raw/Archives/Archive/tests/api/__pycache__/test_scenario_analytics_unit.cpython-311-pytest-9.0.1.pyc,,,,,,PYC,pyc,4576,,,,,,
test_debt_construction_idc_regression.cpython-311-pytest-9.0.1.pyc,Raw/Archives/Archive/tests/api/__pycache__/test_debt_construction_idc_regression.cpython-311-pytest-9.0.1.pyc,,,,,,PYC,pyc,935,,,,,,
test_irr_is_singleton_refactored.cpython-311-pytest-9.0.1.pyc,Raw/Archives/Archive/tests/api/__pycache__/test_irr_is_singleton_refactored.cpython-311-pytest-9.0.1.pyc,,,,,,PYC,pyc,7306,,,,,,
test_edgecases.cpython-311-pytest-9.0.1.pyc,Raw/Archives/Archive/tests/api/__pycache__/test_edgecases.cpython-311-pytest-9.0.1.pyc,,,,,,PYC,pyc,13818,,,,,,
test_bad_missing_tax_schema_guard.cpython-311-pytest-9.0.1.pyc,Raw/Archives/Archive/tests/api/__pycache__/test_bad_missing_tax_schema_guard.cpython-311-pytest-9.0.1.pyc,,,,,,PYC,pyc,3693,,,,,,
test_irr_module.cpython-311-pytest-9.0.1.pyc,Raw/Archives/Archive/tests/api/__pycache__/test_irr_module.cpython-311-pytest-9.0.1.pyc,,,,,,PYC,pyc,18221,,,,,,
test_config_schema_guard.cpython-311-pytest-9.0.1.pyc,Raw/Archives/Archive/tests/api/__pycache__/test_config_schema_guard.cpython-311-pytest-9.0.1.pyc,,,,,,PYC,pyc,9019,,,,,,
test_scenario_analytics_schema_guard_integration.cpython-311-pytest-9.0.1.pyc,Raw/Archives/Archive/tests/api/__pycache__/test_scenario_analytics_schema_guard_integration.cpython-311-pytest-9.0.1.pyc,,,,,,PYC,pyc,11873,,,,,,
test_cashflow_v14_rows2.cpython-311-pytest-9.0.1.pyc,Raw/Archives/Archive/tests/api/__pycache__/test_cashflow_v14_rows2.cpython-311-pytest-9.0.1.pyc,,,,,,PYC,pyc,5245,,,,,,
test_epc_helper_v14.cpython-311-pytest-9.0.1.pyc,Raw/Archives/Archive/tests/api/__pycache__/test_epc_helper_v14.cpython-311-pytest-9.0.1.pyc,,,,,,PYC,pyc,10302,,,,,,
test_debt_v14_construction.cpython-311-pytest-9.0.1.pyc,Raw/Archives/Archive/tests/api/__pycache__/test_debt_v14_construction.cpython-311-pytest-9.0.1.pyc,,,,,,PYC,pyc,13293,,,,,,
test_finance_utils.cpython-311-pytest-9.0.1.pyc,Raw/Archives/Archive/tests/api/__pycache__/test_finance_utils.cpython-311-pytest-9.0.1.pyc,,,,,,PYC,pyc,11755,,,,,,
test_metrics_module.cpython-311-pytest-9.0.1.pyc,Raw/Archives/Archive/tests/api/__pycache__/test_metrics_module.cpython-311-pytest-9.0.1.pyc,,,,,,PYC,pyc,15474,,,,,,
test_covenants_ring_fence_smoke_v14.cpython-311-pytest-9.0.1.pyc,Raw/Archives/Archive/tests/api/__pycache__/test_covenants_ring_fence_smoke_v14.cpython-311-pytest-9.0.1.pyc,,,,,,PYC,pyc,15646,,,,,,
test_export_helpers_v14.cpython-311-pytest-9.0.1.pyc,Raw/Archives/Archive/tests/api/__pycache__/test_export_helpers_v14.cpython-311-pytest-9.0.1.pyc,,,,,,PYC,pyc,11158,,,,,,
test_cashflow_module.cpython-311-pytest-9.0.1.pyc,Raw/Archives/Archive/tests/api/__pycache__/test_cashflow_module.cpython-311-pytest-9.0.1.pyc,,,,,,PYC,pyc,9992,,,,,,
test_v14_lender_suite.cpython-311-pytest-9.0.1.pyc,Raw/Archives/Archive/tests/api/__pycache__/test_v14_lender_suite.cpython-311-pytest-9.0.1.pyc,,,,,,PYC,pyc,21089,,,,,,
test_equity_v14.cpython-311-pytest-9.0.1.pyc,Raw/Archives/Archive/tests/api/__pycache__/test_equity_v14.cpython-311-pytest-9.0.1.pyc,,,,,,PYC,pyc,27667,,,,,,
test_tax_calculator_v14.cpython-311-pytest-9.0.1.pyc,Raw/Archives/Archive/tests/api/__pycache__/test_tax_calculator_v14.cpython-311-pytest-9.0.1.pyc,,,,,,PYC,pyc,13169,,,,,,
test_executive_workbook_import.cpython-311-pytest-9.0.1.pyc,Raw/Archives/Archive/tests/api/__pycache__/test_executive_workbook_import.cpython-311-pytest-9.0.1.pyc,,,,,,PYC,pyc,808,,,,,,
test_cashflow_v14.cpython-311-pytest-9.0.1.pyc,Raw/Archives/Archive/tests/api/__pycache__/test_cashflow_v14.cpython-311-pytest-9.0.1.pyc,,,,,,PYC,pyc,16501,,,,,,
test_covenants_v14.cpython-311-pytest-9.0.1.pyc,Raw/Archives/Archive/tests/api/__pycache__/test_covenants_v14.cpython-311-pytest-9.0.1.pyc,,,,,,PYC,pyc,17772,,,,,,
test_irr_core.cpython-311-pytest-9.0.1.pyc,Raw/Archives/Archive/tests/api/__pycache__/test_irr_core.cpython-311-pytest-9.0.1.pyc,,,,,,PYC,pyc,10087,,,,,,
test_covenants_lendercase_2025Q4.cpython-311-pytest-9.0.1.pyc,Raw/Archives/Archive/tests/api/__pycache__/test_covenants_lendercase_2025Q4.cpython-311-pytest-9.0.1.pyc,,,,,,PYC,pyc,7024,,,,,,
test_executive_workbook_smoke.cpython-311-pytest-9.0.1.pyc,Raw/Archives/Archive/tests/api/__pycache__/test_executive_workbook_smoke.cpython-311-pytest-9.0.1.pyc,,,,,,PYC,pyc,8276,,,,,,
test_fx_resolver_unit.cpython-311-pytest-9.0.1.pyc,Raw/Archives/Archive/tests/api/__pycache__/test_fx_resolver_unit.cpython-311-pytest-9.0.1.pyc,,,,,,PYC,pyc,13955,,,,,,
test_contracts.py,Raw/Archives/Archive/tests/finance/test_contracts.py,,,,,,PY,py,13740,,,,,,
.DS_Store,Raw/Archives/Archive/tests/finance/.DS_Store,,,,,,,,6148,,,,,,
test_contracts.cpython-311-pytest-9.0.1.pyc,Raw/Archives/Archive/tests/finance/__pycache__/test_contracts.cpython-311-pytest-9.0.1.pyc,,,,,,PYC,pyc,55434,,,,,,
pyproject.toml,Raw/Archives/dutchbay_unified_project_epc_schema_ready_versioned_smoke/pyproject.toml,,,,,,TOML,toml,481,,,,,,
README.md,Raw/Archives/dutchbay_unified_project_epc_schema_ready_versioned_smoke/README.md,,,,,,MD,md,5378,,,,,,
pytest.ini,Raw/Archives/dutchbay_unified_project_epc_schema_ready_versioned_smoke/pytest.ini,,,,,,INI,ini,225,,,,,,
mypy.ini,Raw/Archives/dutchbay_unified_project_epc_schema_ready_versioned_smoke/mypy.ini,,,,,,INI,ini,601,,,,,,
.flake8,Raw/Archives/dutchbay_unified_project_epc_schema_ready_versioned_smoke/.flake8,,,,,,,,182,,,,,,
.pre-commit-config.yaml,Raw/Archives/dutchbay_unified_project_epc_schema_ready_versioned_smoke/.pre-commit-config.yaml,,,,,,YAML,yaml,1031,,,,,,
.coveragerc,Raw/Archives/dutchbay_unified_project_epc_schema_ready_versioned_smoke/.coveragerc,,,,,,,,67,,,,,,
SECURITY.md,Raw/Archives/dutchbay_unified_project_epc_schema_ready_versioned_smoke/SECURITY.md,,,,,,MD,md,422,,,,,,
qc_report.json,Raw/Archives/dutchbay_unified_project_epc_schema_ready_versioned_smoke/qc_report.json,,,,,,JSON,json,772,,,,,,
qc_report_tomlcheck.json,Raw/Archives/dutchbay_unified_project_epc_schema_ready_versioned_smoke/qc_report_tomlcheck.json,,,,,,JSON,json,752,,,,,,
Makefile,Raw/Archives/dutchbay_unified_project_epc_schema_ready_versioned_smoke/Makefile,,,,,,,,1353,,,,,,
qc_report_pkgjob.json,Raw/Archives/dutchbay_unified_project_epc_schema_ready_versioned_smoke/qc_report_pkgjob.json,,,,,,JSON,json,748,,,,,,
qc_report_pkg_artifacts.json,Raw/Archives/dutchbay_unified_project_epc_schema_ready_versioned_smoke/qc_report_pkg_artifacts.json,,,,,,JSON,json,760,,,,,,
qc_report_ver_smoke.json,Raw/Archives/dutchbay_unified_project_epc_schema_ready_versioned_smoke/qc_report_ver_smoke.json,,,,,,JSON,json,752,,,,,,
qc_report_smoke_make.json,Raw/Archives/dutchbay_unified_project_epc_schema_ready_versioned_smoke/qc_report_smoke_make.json,,,,,,JSON,json,754,,,,,,
qc_report_ast_fix.json,Raw/Archives/dutchbay_unified_project_epc_schema_ready_versioned_smoke/qc_report_ast_fix.json,,,,,,JSON,json,239,,,,,,
qc_report_future_norm.json,Raw/Archives/dutchbay_unified_project_epc_schema_ready_versioned_smoke/qc_report_future_norm.json,,,,,,JSON,json,239,,,,,,
qc_report_fix_runner.json,Raw/Archives/dutchbay_unified_project_epc_schema_ready_versioned_smoke/qc_report_fix_runner.json,,,,,,JSON,json,38,,,,,,
qc_report_cli_matrix.json,Raw/Archives/dutchbay_unified_project_epc_schema_ready_versioned_smoke/qc_report_cli_matrix.json,,,,,,JSON,json,38,,,,,,
handler_discovery.json,Raw/Archives/dutchbay_unified_project_epc_schema_ready_versioned_smoke/handler_discovery.json,,,,,,JSON,json,1368,,,,,,
qc_report_handlers.json,Raw/Archives/dutchbay_unified_project_epc_schema_ready_versioned_smoke/qc_report_handlers.json,,,,,,JSON,json,38,,,,,,
qc_report_cli_tests_multi.json,Raw/Archives/dutchbay_unified_project_epc_schema_ready_versioned_smoke/qc_report_cli_tests_multi.json,,,,,,JSON,json,38,,,,,,
qc_report_handlers_real.json,Raw/Archives/dutchbay_unified_project_epc_schema_ready_versioned_smoke/qc_report_handlers_real.json,,,,,,JSON,json,169,,,,,,
qc_report_cli_indent_fix2.json,Raw/Archives/dutchbay_unified_project_epc_schema_ready_versioned_smoke/qc_report_cli_indent_fix2.json,,,,,,JSON,json,38,,,,,,
schema.md,Raw/Archives/dutchbay_unified_project_epc_schema_ready_versioned_smoke/schema.md,,,,,,MD,md,640,,,,,,
qc_report_epc_schema_final.json,Raw/Archives/dutchbay_unified_project_epc_schema_ready_versioned_smoke/qc_report_epc_schema_final.json,,,,,,JSON,json,212,,,,,,
audit_report.json,Raw/Archives/dutchbay_unified_project_epc_schema_ready_versioned_smoke/audit_report.json,,,,,,JSON,json,2439,,,,,,
CHANGELOG.md,Raw/Archives/dutchbay_unified_project_epc_schema_ready_versioned_smoke/CHANGELOG.md,,,,,,MD,md,746,,,,,,
dead_handler_scan_report.json,Raw/Archives/dutchbay_unified_project_epc_schema_ready_versioned_smoke/dead_handler_scan_report.json,,,,,,JSON,json,218,,,,,,
legacy_v12.py,Raw/Archives/dutchbay_unified_project_epc_schema_ready_versioned_smoke/dutchbay_v13/legacy_v12.py,,,,,,PY,py,12424,,,,,,
config.py,Raw/Archives/dutchbay_unified_project_epc_schema_ready_versioned_smoke/dutchbay_v13/config.py,,,,,,PY,py,1563,,,,,,
core.py,Raw/Archives/dutchbay_unified_project_epc_schema_ready_versioned_smoke/dutchbay_v13/core.py,,,,,,PY,py,1420,,,,,,
monte_carlo.py,Raw/Archives/dutchbay_unified_project_epc_schema_ready_versioned_smoke/dutchbay_v13/monte_carlo.py,,,,,,PY,py,4893,,,,,,
sensitivity.py,Raw/Archives/dutchbay_unified_project_epc_schema_ready_versioned_smoke/dutchbay_v13/sensitivity.py,,,,,,PY,py,5004,,,,,,
optimization.py,Raw/Archives/dutchbay_unified_project_epc_schema_ready_versioned_smoke/dutchbay_v13/optimization.py,,,,,,PY,py,12351,,,,,,
validate.py,Raw/Archives/dutchbay_unified_project_epc_schema_ready_versioned_smoke/dutchbay_v13/validate.py,,,,,,PY,py,8720,,,,,,
cli.py,Raw/Archives/dutchbay_unified_project_epc_schema_ready_versioned_smoke/dutchbay_v13/cli.py,,,,,,PY,py,5451,,,,,,
__main__.py,Raw/Archives/dutchbay_unified_project_epc_schema_ready_versioned_smoke/dutchbay_v13/__main__.py,,,,,,PY,py,54,,,,,,
__init__.py,Raw/Archives/dutchbay_unified_project_epc_schema_ready_versioned_smoke/dutchbay_v13/__init__.py,,,,,,PY,py,13,,,,,,
types.py,Raw/Archives/dutchbay_unified_project_epc_schema_ready_versioned_smoke/dutchbay_v13/types.py,,,,,,PY,py,1387,,,,,,
scenario_runner.py,Raw/Archives/dutchbay_unified_project_epc_schema_ready_versioned_smoke/dutchbay_v13/scenario_runner.py,,,,,,PY,py,5363,,,,,,
schema.py,Raw/Archives/dutchbay_unified_project_epc_schema_ready_versioned_smoke/dutchbay_v13/schema.py,,,,,,PY,py,5020,,,,,,
charts.py,Raw/Archives/dutchbay_unified_project_epc_schema_ready_versioned_smoke/dutchbay_v13/charts.py,,,,,,PY,py,2149,,,,,,
report.py,Raw/Archives/dutchbay_unified_project_epc_schema_ready_versioned_smoke/dutchbay_v13/report.py,,,,,,PY,py,2589,,,,,,
report_pdf.py,Raw/Archives/dutchbay_unified_project_epc_schema_ready_versioned_smoke/dutchbay_v13/report_pdf.py,,,,,,PY,py,2070,,,,,,
api.py,Raw/Archives/dutchbay_unified_project_epc_schema_ready_versioned_smoke/dutchbay_v13/api.py,,,,,,PY,py,4406,,,,,,
adapters.py,Raw/Archives/dutchbay_unified_project_epc_schema_ready_versioned_smoke/dutchbay_v13/adapters.py,,,,,,PY,py,3260,,,,,,
epc.py,Raw/Archives/dutchbay_unified_project_epc_schema_ready_versioned_smoke/dutchbay_v13/epc.py,,,,,,PY,py,1880,,,,,,
__init__.py,Raw/Archives/dutchbay_unified_project_epc_schema_ready_versioned_smoke/dutchbay_v13/finance/__init__.py,,,,,,PY,py,44,,,,,,
irr.py,Raw/Archives/dutchbay_unified_project_epc_schema_ready_versioned_smoke/dutchbay_v13/finance/irr.py,,,,,,PY,py,1110,,,,,,
utils.py,Raw/Archives/dutchbay_unified_project_epc_schema_ready_versioned_smoke/dutchbay_v13/finance/utils.py,,,,,,PY,py,98,,,,,,
debt.py,Raw/Archives/dutchbay_unified_project_epc_schema_ready_versioned_smoke/dutchbay_v13/finance/debt.py,,,,,,PY,py,1824,,,,,,
cashflow.py,Raw/Archives/dutchbay_unified_project_epc_schema_ready_versioned_smoke/dutchbay_v13/finance/cashflow.py,,,,,,PY,py,3105,,,,,,
__init__.cpython-311.pyc,Raw/Archives/dutchbay_unified_project_epc_schema_ready_versioned_smoke/dutchbay_v13/finance/__pycache__/__init__.cpython-311.pyc,,,,,,PYC,pyc,223,,,,,,
cashflow.cpython-311.pyc,Raw/Archives/dutchbay_unified_project_epc_schema_ready_versioned_smoke/dutchbay_v13/finance/__pycache__/cashflow.cpython-311.pyc,,,,,,PYC,pyc,5305,,,,,,
debt.cpython-311.pyc,Raw/Archives/dutchbay_unified_project_epc_schema_ready_versioned_smoke/dutchbay_v13/finance/__pycache__/debt.cpython-311.pyc,,,,,,PYC,pyc,2967,,,,,,
irr.cpython-311.pyc,Raw/Archives/dutchbay_unified_project_epc_schema_ready_versioned_smoke/dutchbay_v13/finance/__pycache__/irr.cpython-311.pyc,,,,,,PYC,pyc,3144,,,,,,
utils.cpython-311.pyc,Raw/Archives/dutchbay_unified_project_epc_schema_ready_versioned_smoke/dutchbay_v13/finance/__pycache__/utils.cpython-311.pyc,,,,,,PYC,pyc,453,,,,,,
__init__.cpython-311.pyc,Raw/Archives/dutchbay_unified_project_epc_schema_ready_versioned_smoke/dutchbay_v13/__pycache__/__init__.cpython-311.pyc,,,,,,PYC,pyc,175,,,,,,
__main__.cpython-311.pyc,Raw/Archives/dutchbay_unified_project_epc_schema_ready_versioned_smoke/dutchbay_v13/__pycache__/__main__.cpython-311.pyc,,,,,,PYC,pyc,293,,,,,,
adapters.cpython-311.pyc,Raw/Archives/dutchbay_unified_project_epc_schema_ready_versioned_smoke/dutchbay_v13/__pycache__/adapters.cpython-311.pyc,,,,,,PYC,pyc,4160,,,,,,
api.cpython-311.pyc,Raw/Archives/dutchbay_unified_project_epc_schema_ready_versioned_smoke/dutchbay_v13/__pycache__/api.cpython-311.pyc,,,,,,PYC,pyc,8719,,,,,,
charts.cpython-311.pyc,Raw/Archives/dutchbay_unified_project_epc_schema_ready_versioned_smoke/dutchbay_v13/__pycache__/charts.cpython-311.pyc,,,,,,PYC,pyc,4829,,,,,,
cli.cpython-311.pyc,Raw/Archives/dutchbay_unified_project_epc_schema_ready_versioned_smoke/dutchbay_v13/__pycache__/cli.cpython-311.pyc,,,,,,PYC,pyc,7251,,,,,,
config.cpython-311.pyc,Raw/Archives/dutchbay_unified_project_epc_schema_ready_versioned_smoke/dutchbay_v13/__pycache__/config.cpython-311.pyc,,,,,,PYC,pyc,3254,,,,,,
core.cpython-311.pyc,Raw/Archives/dutchbay_unified_project_epc_schema_ready_versioned_smoke/dutchbay_v13/__pycache__/core.cpython-311.pyc,,,,,,PYC,pyc,3164,,,,,,
epc.cpython-311.pyc,Raw/Archives/dutchbay_unified_project_epc_schema_ready_versioned_smoke/dutchbay_v13/__pycache__/epc.cpython-311.pyc,,,,,,PYC,pyc,3419,,,,,,
legacy_v12.cpython-311.pyc,Raw/Archives/dutchbay_unified_project_epc_schema_ready_versioned_smoke/dutchbay_v13/__pycache__/legacy_v12.cpython-311.pyc,,,,,,PYC,pyc,19140,,,,,,
monte_carlo.cpython-311.pyc,Raw/Archives/dutchbay_unified_project_epc_schema_ready_versioned_smoke/dutchbay_v13/__pycache__/monte_carlo.cpython-311.pyc,,,,,,PYC,pyc,6381,,,,,,
optimization.cpython-311.pyc,Raw/Archives/dutchbay_unified_project_epc_schema_ready_versioned_smoke/dutchbay_v13/__pycache__/optimization.cpython-311.pyc,,,,,,PYC,pyc,18445,,,,,,
report.cpython-311.pyc,Raw/Archives/dutchbay_unified_project_epc_schema_ready_versioned_smoke/dutchbay_v13/__pycache__/report.cpython-311.pyc,,,,,,PYC,pyc,4011,,,,,,
report_pdf.cpython-311.pyc,Raw/Archives/dutchbay_unified_project_epc_schema_ready_versioned_smoke/dutchbay_v13/__pycache__/report_pdf.cpython-311.pyc,,,,,,PYC,pyc,3881,,,,,,
scenario_runner.cpython-311.pyc,Raw/Archives/dutchbay_unified_project_epc_schema_ready_versioned_smoke/dutchbay_v13/__pycache__/scenario_runner.cpython-311.pyc,,,,,,PYC,pyc,10055,,,,,,
schema.cpython-311.pyc,Raw/Archives/dutchbay_unified_project_epc_schema_ready_versioned_smoke/dutchbay_v13/__pycache__/schema.cpython-311.pyc,,,,,,PYC,pyc,4972,,,,,,
sensitivity.cpython-311.pyc,Raw/Archives/dutchbay_unified_project_epc_schema_ready_versioned_smoke/dutchbay_v13/__pycache__/sensitivity.cpython-311.pyc,,,,,,PYC,pyc,6538,,,,,,
types.cpython-311.pyc,Raw/Archives/dutchbay_unified_project_epc_schema_ready_versioned_smoke/dutchbay_v13/__pycache__/types.cpython-311.pyc,,,,,,PYC,pyc,3302,,,,,,
validate.cpython-311.pyc,Raw/Archives/dutchbay_unified_project_epc_schema_ready_versioned_smoke/dutchbay_v13/__pycache__/validate.cpython-311.pyc,,,,,,PYC,pyc,12038,,,,,,
test_imports.py,Raw/Archives/dutchbay_unified_project_epc_schema_ready_versioned_smoke/tests/test_imports.py,,,,,,PY,py,156,,,,,,
test_cli_smoke.py,Raw/Archives/dutchbay_unified_project_epc_schema_ready_versioned_smoke/tests/test_cli_smoke.py,,,,,,PY,py,294,,,,,,
test_irr.py,Raw/Archives/dutchbay_unified_project_epc_schema_ready_versioned_smoke/tests/test_irr.py,,,,,,PY,py,296,,,,,,
test_debt.py,Raw/Archives/dutchbay_unified_project_epc_schema_ready_versioned_smoke/tests/test_debt.py,,,,,,PY,py,660,,,,,,
test_dscr.py,Raw/Archives/dutchbay_unified_project_epc_schema_ready_versioned_smoke/tests/test_dscr.py,,,,,,PY,py,625,,,,,,
test_scenarios.py,Raw/Archives/dutchbay_unified_project_epc_schema_ready_versioned_smoke/tests/test_scenarios.py,,,,,,PY,py,368,,,,,,
test_scenarios_jsonl_and_validator.py,Raw/Archives/dutchbay_unified_project_epc_schema_ready_versioned_smoke/tests/test_scenarios_jsonl_and_validator.py,,,,,,PY,py,904,,,,,,
test_schema_validation.py,Raw/Archives/dutchbay_unified_project_epc_schema_ready_versioned_smoke/tests/test_schema_validation.py,,,,,,PY,py,840,,,,,,
test_cli_format_flag.py,Raw/Archives/dutchbay_unified_project_epc_schema_ready_versioned_smoke/tests/test_cli_format_flag.py,,,,,,PY,py,1086,,,,,,
test_save_annual_and_charts.py,Raw/Archives/dutchbay_unified_project_epc_schema_ready_versioned_smoke/tests/test_save_annual_and_charts.py,,,,,,PY,py,842,,,,,,
test_cli_tornado_flags.py,Raw/Archives/dutchbay_unified_project_epc_schema_ready_versioned_smoke/tests/test_cli_tornado_flags.py,,,,,,PY,py,430,,,,,,
test_debt_yaml_exposed.py,Raw/Archives/dutchbay_unified_project_epc_schema_ready_versioned_smoke/tests/test_debt_yaml_exposed.py,,,,,,PY,py,483,,,,,,
test_optimize_pareto_and_tornado_export.py,Raw/Archives/dutchbay_unified_project_epc_schema_ready_versioned_smoke/tests/test_optimize_pareto_and_tornado_export.py,,,,,,PY,py,888,,,,,,
test_pareto_plot_and_yaml_batch.py,Raw/Archives/dutchbay_unified_project_epc_schema_ready_versioned_smoke/tests/test_pareto_plot_and_yaml_batch.py,,,,,,PY,py,1351,,,,,,
test_utopia_and_report.py,Raw/Archives/dutchbay_unified_project_epc_schema_ready_versioned_smoke/tests/test_utopia_and_report.py,,,,,,PY,py,949,,,,,,
test_api_pdf_optional.py,Raw/Archives/dutchbay_unified_project_epc_schema_ready_versioned_smoke/tests/test_api_pdf_optional.py,,,,,,PY,py,832,,,,,,
test_cli.py,Raw/Archives/dutchbay_unified_project_epc_schema_ready_versioned_smoke/tests/test_cli.py,,,,,,PY,py,865,,,,,,
test_validators.py,Raw/Archives/dutchbay_unified_project_epc_schema_ready_versioned_smoke/tests/test_validators.py,,,,,,PY,py,847,,,,,,
test_cli_modes_smoke.py,Raw/Archives/dutchbay_unified_project_epc_schema_ready_versioned_smoke/tests/test_cli_modes_smoke.py,,,,,,PY,py,580,,,,,,
test_scenarios_multi.py,Raw/Archives/dutchbay_unified_project_epc_schema_ready_versioned_smoke/tests/test_scenarios_multi.py,,,,,,PY,py,608,,,,,,
test_cli_help.py,Raw/Archives/dutchbay_unified_project_epc_schema_ready_versioned_smoke/tests/test_cli_help.py,,,,,,PY,py,93,,,,,,
test_cli_dead_smokes.py,Raw/Archives/dutchbay_unified_project_epc_schema_ready_versioned_smoke/tests/test_cli_dead_smokes.py,,,,,,PY,py,489,,,,,,
test_api_pdf_optional.cpython-311.pyc,Raw/Archives/dutchbay_unified_project_epc_schema_ready_versioned_smoke/tests/__pycache__/test_api_pdf_optional.cpython-311.pyc,,,,,,PYC,pyc,1882,,,,,,
test_cli.cpython-311.pyc,Raw/Archives/dutchbay_unified_project_epc_schema_ready_versioned_smoke/tests/__pycache__/test_cli.cpython-311.pyc,,,,,,PYC,pyc,2104,,,,,,
test_cli_dead_smokes.cpython-311.pyc,Raw/Archives/dutchbay_unified_project_epc_schema_ready_versioned_smoke/tests/__pycache__/test_cli_dead_smokes.cpython-311.pyc,,,,,,PYC,pyc,1052,,,,,,
test_cli_format_flag.cpython-311.pyc,Raw/Archives/dutchbay_unified_project_epc_schema_ready_versioned_smoke/tests/__pycache__/test_cli_format_flag.cpython-311.pyc,,,,,,PYC,pyc,2200,,,,,,
test_cli_help.cpython-311.pyc,Raw/Archives/dutchbay_unified_project_epc_schema_ready_versioned_smoke/tests/__pycache__/test_cli_help.cpython-311.pyc,,,,,,PYC,pyc,448,,,,,,
test_cli_modes_smoke.cpython-311.pyc,Raw/Archives/dutchbay_unified_project_epc_schema_ready_versioned_smoke/tests/__pycache__/test_cli_modes_smoke.cpython-311.pyc,,,,,,PYC,pyc,1082,,,,,,
test_cli_smoke.cpython-311.pyc,Raw/Archives/dutchbay_unified_project_epc_schema_ready_versioned_smoke/tests/__pycache__/test_cli_smoke.cpython-311.pyc,,,,,,PYC,pyc,836,,,,,,
test_cli_tornado_flags.cpython-311.pyc,Raw/Archives/dutchbay_unified_project_epc_schema_ready_versioned_smoke/tests/__pycache__/test_cli_tornado_flags.cpython-311.pyc,,,,,,PYC,pyc,1073,,,,,,
test_debt.cpython-311.pyc,Raw/Archives/dutchbay_unified_project_epc_schema_ready_versioned_smoke/tests/__pycache__/test_debt.cpython-311.pyc,,,,,,PYC,pyc,1580,,,,,,
test_debt_yaml_exposed.cpython-311.pyc,Raw/Archives/dutchbay_unified_project_epc_schema_ready_versioned_smoke/tests/__pycache__/test_debt_yaml_exposed.cpython-311.pyc,,,,,,PYC,pyc,669,,,,,,
test_dscr.cpython-311.pyc,Raw/Archives/dutchbay_unified_project_epc_schema_ready_versioned_smoke/tests/__pycache__/test_dscr.cpython-311.pyc,,,,,,PYC,pyc,1231,,,,,,
test_imports.cpython-311.pyc,Raw/Archives/dutchbay_unified_project_epc_schema_ready_versioned_smoke/tests/__pycache__/test_imports.cpython-311.pyc,,,,,,PYC,pyc,471,,,,,,
test_irr.cpython-311.pyc,Raw/Archives/dutchbay_unified_project_epc_schema_ready_versioned_smoke/tests/__pycache__/test_irr.cpython-311.pyc,,,,,,PYC,pyc,955,,,,,,
test_optimize_pareto_and_tornado_export.cpython-311.pyc,Raw/Archives/dutchbay_unified_project_epc_schema_ready_versioned_smoke/tests/__pycache__/test_optimize_pareto_and_tornado_export.cpython-311.pyc,,,,,,PYC,pyc,1930,,,,,,
test_pareto_plot_and_yaml_batch.cpython-311.pyc,Raw/Archives/dutchbay_unified_project_epc_schema_ready_versioned_smoke/tests/__pycache__/test_pareto_plot_and_yaml_batch.cpython-311.pyc,,,,,,PYC,pyc,2368,,,,,,
test_save_annual_and_charts.cpython-311.pyc,Raw/Archives/dutchbay_unified_project_epc_schema_ready_versioned_smoke/tests/__pycache__/test_save_annual_and_charts.cpython-311.pyc,,,,,,PYC,pyc,1865,,,,,,
test_scenarios.cpython-311.pyc,Raw/Archives/dutchbay_unified_project_epc_schema_ready_versioned_smoke/tests/__pycache__/test_scenarios.cpython-311.pyc,,,,,,PYC,pyc,971,,,,,,
test_scenarios_jsonl_and_validator.cpython-311.pyc,Raw/Archives/dutchbay_unified_project_epc_schema_ready_versioned_smoke/tests/__pycache__/test_scenarios_jsonl_and_validator.cpython-311.pyc,,,,,,PYC,pyc,2195,,,,,,
test_scenarios_multi.cpython-311.pyc,Raw/Archives/dutchbay_unified_project_epc_schema_ready_versioned_smoke/tests/__pycache__/test_scenarios_multi.cpython-311.pyc,,,,,,PYC,pyc,1410,,,,,,
test_schema_validation.cpython-311.pyc,Raw/Archives/dutchbay_unified_project_epc_schema_ready_versioned_smoke/tests/__pycache__/test_schema_validation.cpython-311.pyc,,,,,,PYC,pyc,2100,,,,,,
test_utopia_and_report.cpython-311.pyc,Raw/Archives/dutchbay_unified_project_epc_schema_ready_versioned_smoke/tests/__pycache__/test_utopia_and_report.cpython-311.pyc,,,,,,PYC,pyc,1672,,,,,,
test_validators.cpython-311.pyc,Raw/Archives/dutchbay_unified_project_epc_schema_ready_versioned_smoke/tests/__pycache__/test_validators.cpython-311.pyc,,,,,,PYC,pyc,2014,,,,,,
baseline.yaml,Raw/Archives/dutchbay_unified_project_epc_schema_ready_versioned_smoke/inputs/baseline.yaml,,,,,,YAML,yaml,517,,,,,,
scenario_matrix.yaml,Raw/Archives/dutchbay_unified_project_epc_schema_ready_versioned_smoke/inputs/scenario_matrix.yaml,,,,,,YAML,yaml,231,,,,,,
baseline.yaml,Raw/Archives/dutchbay_unified_project_epc_schema_ready_versioned_smoke/inputs/scenarios/baseline.yaml,,,,,,YAML,yaml,30,,,,,,
high_tariff.yaml,Raw/Archives/dutchbay_unified_project_epc_schema_ready_versioned_smoke/inputs/scenarios/high_tariff.yaml,,,,,,YAML,yaml,22,,,,,,
low_cf.yaml,Raw/Archives/dutchbay_unified_project_epc_schema_ready_versioned_smoke/inputs/scenarios/low_cf.yaml,,,,,,YAML,yaml,13,,,,,,
stress_rates.yaml,Raw/Archives/dutchbay_unified_project_epc_schema_ready_versioned_smoke/inputs/scenarios/stress_rates.yaml,,,,,,YAML,yaml,33,,,,,,
pull_request_template.md,Raw/Archives/dutchbay_unified_project_epc_schema_ready_versioned_smoke/.github/pull_request_template.md,,,,,,MD,md,362,,,,,,
CODEOWNERS,Raw/Archives/dutchbay_unified_project_epc_schema_ready_versioned_smoke/.github/CODEOWNERS,,,,,,,,102,,,,,,
python-app.yml,Raw/Archives/dutchbay_unified_project_epc_schema_ready_versioned_smoke/.github/workflows/python-app.yml,,,,,,YML,yml,6806,,,,,,
schema.md,Raw/Archives/dutchbay_unified_project_epc_schema_ready_versioned_smoke/docs/schema.md,,,,,,MD,md,2694,,,,,,
Sri_Lanka_Wind_Resource_Map.pdf,Raw/Archives/large files from wind - to be zipped separarely/large files from wind - to be zipped separarely/Sri_Lanka_Wind_Resource_Map.pdf,,,,,,PDF,pdf,1935679,,,,,,
Certified Wind Turbines - Interstate Renewable Energy Council (IREC).mhtml,Raw/Archives/large files from wind - to be zipped separarely/large files from wind - to be zipped separarely/Certified Wind Turbines - Interstate Renewable Energy Council (IREC).mhtml,,,,,,MHTML,mhtml,1494806,,,,,,
renewable-energy-resource-development-plan-en.pdf,Raw/Archives/large files from wind - to be zipped separarely/large files from wind - to be zipped separarely/renewable-energy-resource-development-plan-en.pdf,,,,,,PDF,pdf,3429707,,,,,,
.DS_Store,Raw/Archives/large files from wind - to be zipped separarely/large files from wind - to be zipped separarely/.DS_Store,,,,,,,,6148,,,,,,
Onshore Wind Energy Potential in Srilanka.pdf,Raw/Archives/large files from wind - to be zipped separarely/large files from wind - to be zipped separarely/Onshore Wind Energy Potential in Srilanka.pdf,,,,,,PDF,pdf,1065907,,,,,,
6 MW Onshore Wind Turbine _ GE Vernova.mhtml,Raw/Archives/large files from wind - to be zipped separarely/large files from wind - to be zipped separarely/6 MW Onshore Wind Turbine _ GE Vernova.mhtml,,,,,,MHTML,mhtml,5101317,,,,,,
5173.pdf,Raw/Archives/large files from wind - to be zipped separarely/large files from wind - to be zipped separarely/5173.pdf,,,,,,PDF,pdf,6700708,,,,,,
_3 MW Onshore Wind Turbine _ GE Vernova.mhtml,Raw/Archives/large files from wind - to be zipped separarely/large files from wind - to be zipped separarely/_3 MW Onshore Wind Turbine _ GE Vernova.mhtml,,,,,,MHTML,mhtml,6460611,,,,,,
Power Purchase Agreement (PPA) - System Advisor Model - SAM.mhtml,Raw/Archives/large files from wind - to be zipped separarely/large files from wind - to be zipped separarely/Power Purchase Agreement (PPA) - System Advisor Model - SAM.mhtml,,,,,,MHTML,mhtml,1417576,,,,,,
P17530502c20a50b30bfcd0db467e71bf0d.pdf,Raw/Archives/large files from wind - to be zipped separarely/large files from wind - to be zipped separarely/P17530502c20a50b30bfcd0db467e71bf0d.pdf,,,,,,PDF,pdf,9437316,,,,,,
._Sri_Lanka_Wind_Resource_Map.pdf,Raw/Archives/large files from wind - to be zipped separarely/__MACOSX/large files from wind - to be zipped separarely/._Sri_Lanka_Wind_Resource_Map.pdf,,,,,,PDF,pdf,513,,,,,,
._Certified Wind Turbines - Interstate Renewable Energy Council (IREC).mhtml,Raw/Archives/large files from wind - to be zipped separarely/__MACOSX/large files from wind - to be zipped separarely/._Certified Wind Turbines - Interstate Renewable Energy Council (IREC).mhtml,,,,,,MHTML,mhtml,318,,,,,,
._renewable-energy-resource-development-plan-en.pdf,Raw/Archives/large files from wind - to be zipped separarely/__MACOSX/large files from wind - to be zipped separarely/._renewable-energy-resource-development-plan-en.pdf,,,,,,PDF,pdf,548,,,,,,
._.DS_Store,Raw/Archives/large files from wind - to be zipped separarely/__MACOSX/large files from wind - to be zipped separarely/._.DS_Store,,,,,,DS_STORE,DS_Store,120,,,,,,
._Onshore Wind Energy Potential in Srilanka.pdf,Raw/Archives/large files from wind - to be zipped separarely/__MACOSX/large files from wind - to be zipped separarely/._Onshore Wind Energy Potential in Srilanka.pdf,,,,,,PDF,pdf,581,,,,,,
._6 MW Onshore Wind Turbine _ GE Vernova.mhtml,Raw/Archives/large files from wind - to be zipped separarely/__MACOSX/large files from wind - to be zipped separarely/._6 MW Onshore Wind Turbine _ GE Vernova.mhtml,,,,,,MHTML,mhtml,318,,,,,,
._5173.pdf,Raw/Archives/large files from wind - to be zipped separarely/__MACOSX/large files from wind - to be zipped separarely/._5173.pdf,,,,,,PDF,pdf,496,,,,,,
.__3 MW Onshore Wind Turbine _ GE Vernova.mhtml,Raw/Archives/large files from wind - to be zipped separarely/__MACOSX/large files from wind - to be zipped separarely/.__3 MW Onshore Wind Turbine _ GE Vernova.mhtml,,,,,,MHTML,mhtml,318,,,,,,
._Power Purchase Agreement (PPA) - System Advisor Model - SAM.mhtml,Raw/Archives/large files from wind - to be zipped separarely/__MACOSX/large files from wind - to be zipped separarely/._Power Purchase Agreement (PPA) - System Advisor Model - SAM.mhtml,,,,,,MHTML,mhtml,318,,,,,,
._P17530502c20a50b30bfcd0db467e71bf0d.pdf,Raw/Archives/large files from wind - to be zipped separarely/__MACOSX/large files from wind - to be zipped separarely/._P17530502c20a50b30bfcd0db467e71bf0d.pdf,,,,,,PDF,pdf,555,,,,,,
cashflow_v14.py,Raw/Archives/dutchbay_cashflow_v14_mypyfix/finance/cashflow_v14.py,,,,,,PY,py,49449,,,,,,
README_risk_haircut_patch.txt,Raw/Archives/DutchBay_RiskHaircut_Patch_20251204/DutchBay_RiskHaircut_Patch_20251204/README_risk_haircut_patch.txt,,,,,,TXT,txt,3356,,,,,,
test_cashflow_risk_haircut_v14.py,Raw/Archives/DutchBay_RiskHaircut_Patch_20251204/DutchBay_RiskHaircut_Patch_20251204/tests/api/test_cashflow_risk_haircut_v14.py,,,,,,PY,py,2527,,,,,,
DutchBay_Cabinet_Paper_Summary_Final.docx,Raw/Docs/Policy/DutchBay_Cabinet_Paper_Summary_Final.docx,Raw,Policy,Cabinet/EOI,DutchBay_Wind_150MW,DB-POL-0007,DOCX,docx,31597,sha256:f2cd199208dde73c4d340d9d3100be8d972712a6d0227078cab58768ec4608e1,policy;cabinet/eoi;dutchbay,2025-12-07T02:46:13.410750+00:00,active,v01,uploaded:/mnt/data/DutchBay_Cabinet_Paper_Summary_Final.docx
EOI Cabinet paper - Sept 2025.pdf,Raw/Docs/Policy/EOI Cabinet paper - Sept 2025.pdf,Raw,Policy,Cabinet/EIA,DutchBay_Wind_150MW,DB-POL-0011,PDF,pdf,6607407,sha256:0c9b107ac9e29f02ffca64097fc34cd7b70485a9b3bf1ad58ea607c9340bd416,policy;cabinet/eia;dutchbay,2025-12-07T02:46:13.410750+00:00,active,v01,uploaded:/mnt/data/EOI Cabinet paper - Sept 2025.pdf
EOI Cabinet paper - Sept 2025_removed (1).docx,Raw/Docs/Policy/EOI Cabinet paper - Sept 2025_removed (1).docx,Raw,Policy,Cabinet/EOI,DutchBay_Wind_150MW,DB-POL-0043,DOCX,docx,1499464,sha256:8f1a94e5be2b0c24badffe34d818fe05456a0a9df0e31bf9a3ddc85e983204b2,policy;cabinet/eoi;dutchbay,2025-12-07T02:46:13.410750+00:00,active,v01,uploaded:/mnt/data/EOI Cabinet paper - Sept 2025_removed (1).docx
Draft investment proposal to JKH - drafted according to JKH request.docx,Raw/Docs/Finance/Draft investment proposal to JKH - drafted according to JKH request.docx,Raw,Finance,Investment/Risk,DutchBay_Wind_150MW,DB-FIN-0003,DOCX,docx,62301,sha256:df33e0dde300cf95223d6b745a0d095333fe0e42f28c2840a28046af1388495a,finance;investment/risk;dutchbay,2025-12-07T02:46:13.410750+00:00,active,v01,uploaded:/mnt/data/Draft investment proposal to JKH - drafted according to JKH request.docx
Draft investment proposal to JKH - drafted according to JKH request(2).docx,Raw/Docs/Finance/Draft investment proposal to JKH - drafted according to JKH request(2).docx,Raw,Finance,Investment/Risk,DutchBay_Wind_150MW,DB-FIN-0029,DOCX,docx,62301,sha256:df33e0dde300cf95223d6b745a0d095333fe0e42f28c2840a28046af1388495a,finance;investment/risk;dutchbay,2025-12-07T02:46:13.410750+00:00,active,v01,uploaded:/mnt/data/Draft investment proposal to JKH - drafted according to JKH request(2).docx
IC_Memo_Explanatory_Annex_Dutch_Bay_150MW_v1.docx,Raw/Docs/Finance/IC_Memo_Explanatory_Annex_Dutch_Bay_150MW_v1.docx,Raw,Finance,ICMemo,DutchBay_Wind_150MW,DB-FIN-0035,DOCX,docx,40218,sha256:397d14820443cc9edd0271e443b747a1c3385574d8e6d4ab5f9d2260606dcd37,finance;icmemo;dutchbay,2025-12-07T02:46:13.410750+00:00,active,v01,uploaded:/mnt/data/IC_Memo_Explanatory_Annex_Dutch_Bay_150MW_v1.docx
DutchBay_150MW_BoardNarrative_Final_49Eligible_Corrected.docx,Raw/Docs/Finance/DutchBay_150MW_BoardNarrative_Final_49Eligible_Corrected.docx,Raw,Finance,Narrative/Board,DutchBay_Wind_150MW,DB-FIN-0037,DOCX,docx,29621,sha256:00fa4241cc7ec6d01d1fdef0e85414b271a4ccfd80139b0392ffa003c46114a0,finance;narrative/board;dutchbay,2025-12-07T02:46:13.410750+00:00,active,v01,uploaded:/mnt/data/DutchBay_150MW_BoardNarrative_Final_49Eligible_Corrected.docx
DutchBay_150MW_Narrative.docx,Raw/Docs/Finance/DutchBay_150MW_Narrative.docx,Raw,Finance,Narrative/Board,DutchBay_Wind_150MW,DB-FIN-0039,DOCX,docx,29719,sha256:9b82e608d94c51e914b5e3149d74c7c88ec56f8a90c475595882050cefe28e18,finance;narrative/board;dutchbay,2025-12-07T02:46:13.410750+00:00,active,v01,uploaded:/mnt/data/DutchBay_150MW_Narrative.docx
chunk 1-8 investment report dutchbay.docx,Raw/Docs/Finance/chunk 1-8 investment report dutchbay.docx,Raw,Finance,Investment/Risk,DutchBay_Wind_150MW,DB-FIN-0045,DOCX,docx,100603,sha256:5ed615f8129c605ffd01fedc9bf579d929cca0fc010846f5ec2e2b33da4b565e,finance;investment/risk;dutchbay,2025-12-07T02:46:13.410750+00:00,active,v01,uploaded:/mnt/data/chunk 1-8 investment report dutchbay.docx
Power Purchase Agreement (PPA) - System Advisor Model - SAM.mhtml,Raw/Docs/Finance/Power Purchase Agreement (PPA) - System Advisor Model - SAM.mhtml,Raw,Finance,PPA/Model,DutchBay_Wind_150MW,DB-FIN-0047,MHTML,mhtml,1417576,sha256:5a55c97efd37fe9ffddb9c7c2621f1a428602bd5eeb38eceb8d90271adcaa340,finance;ppa/model;dutchbay,2025-12-07T02:46:13.410750+00:00,active,v01,uploaded:/mnt/data/Power Purchase Agreement (PPA) - System Advisor Model - SAM.mhtml
Step2_Financial_Valuation_and_Risk.docx,Raw/Docs/Finance/Step2_Financial_Valuation_and_Risk.docx,Raw,Finance,Investment/Risk,DutchBay_Wind_150MW,DB-FIN-0049,DOCX,docx,38897,sha256:97de43605febaec2748a42922040efca49903c0b05dd5690810f534ef29e2861,finance;investment/risk;dutchbay,2025-12-07T02:46:13.410750+00:00,active,v01,uploaded:/mnt/data/Step2_Financial_Valuation_and_Risk.docx
DutchBay_Current_Status_2025.docx,Raw/Docs/Technical/DutchBay_Current_Status_2025.docx,Raw,Technical,WordDoc,DutchBay_Wind_150MW,DB-TECH-0009,DOCX,docx,32157,sha256:4e32ed069b618abc4d2f9edea619435e1cd4f0b0804d8f52675135359c836841,technical;worddoc;dutchbay,2025-12-07T02:46:13.410750+00:00,active,v01,uploaded:/mnt/data/DutchBay_Current_Status_2025.docx
debt_v14_refactored.py,Raw/Code/EPCModel/debt_v14_refactored.py,Raw,Code,Python,DutchBay_Wind_150MW,DB-CODE-0005,PY,py,21181,sha256:214a01482859af5e8caa54e6d3a1bcea14a0f81c71d6f292e4563d3f78663a6e,code;python;dutchbay,2025-12-07T02:46:13.410750+00:00,active,v01,uploaded:/mnt/data/debt_v14_refactored.py
test_dutchbay_model.py,Raw/Code/EPCModel/test_dutchbay_model.py,Raw,Code,Python,DutchBay_Wind_150MW,DB-CODE-0033,PY,py,23672,sha256:0a1fd5e39843f724cd6bb21a4b40f92c54e0c660411eea9c6ebf108ffeaba4b7,code;python;dutchbay,2025-12-07T02:46:13.410750+00:00,active,v01,uploaded:/mnt/data/test_dutchbay_model.py
cashflow_v14 (3).py,Raw/Code/EPCModel/cashflow_v14 (3).py,Raw,Code,Python,DutchBay_Wind_150MW,DB-CODE-0053,PY,py,50151,sha256:b785df54ea1c7efc165592e3ff403baa4c35c35da5012f8c3dc303c7f7cef43f,code;python;dutchbay,2025-12-07T02:46:13.410750+00:00,active,v01,uploaded:/mnt/data/cashflow_v14 (3).py
cashflow_v14.py,Raw/Code/EPCModel/cashflow_v14.py,Raw,Code,Python,DutchBay_Wind_150MW,DB-CODE-0057,PY,py,49449,sha256:ffc3c1ae2f890db6db8b64e0660b426b96ad251980a3d96a8bf6aa7b697a7c99,code;python;dutchbay,2025-12-07T02:46:13.410750+00:00,active,v01,uploaded:/mnt/data/cashflow_v14.py
cashflow_v14_refactored.py,Raw/Code/EPCModel/cashflow_v14_refactored.py,Raw,Code,Python,DutchBay_Wind_150MW,DB-CODE-0061,PY,py,45529,sha256:95d4d1585e9c49abee721829bf65a3477182ed5d5e4660de103a841e63ac0650,code;python;dutchbay,2025-12-07T02:46:13.410750+00:00,active,v01,uploaded:/mnt/data/cashflow_v14_refactored.py
cashflow_v14 (1).py,Raw/Code/EPCModel/cashflow_v14 (1).py,Raw,Code,Python,DutchBay_Wind_150MW,DB-CODE-0063,PY,py,41791,sha256:9468233fda89e137a757e6ffe11e7dfdcf6a1f8abfe5f8227dc57f70c2e8b4f0,code;python;dutchbay,2025-12-07T02:46:13.410750+00:00,active,v01,uploaded:/mnt/data/cashflow_v14 (1).py
cashflow_v14_refactored (1).py,Raw/Code/EPCModel/cashflow_v14_refactored (1).py,Raw,Code,Python,DutchBay_Wind_150MW,DB-CODE-0065,PY,py,55846,sha256:23b0e3870714e0f65b1187b94482e2a8e6573985120a0a736ec2b7a1fc8d95b9,code;python;dutchbay,2025-12-07T02:46:13.410750+00:00,active,v01,uploaded:/mnt/data/cashflow_v14_refactored (1).py
cashflow_v14 (2).py,Raw/Code/EPCModel/cashflow_v14 (2).py,Raw,Code,Python,DutchBay_Wind_150MW,DB-CODE-0067,PY,py,49316,sha256:1d9ad134278823f5cc7dc32f0c69507a8a594ba137d00432c584e4c64c660b5d,code;python;dutchbay,2025-12-07T02:46:13.410750+00:00,active,v01,uploaded:/mnt/data/cashflow_v14 (2).py
DutchBay_EPC_20251206_1625.txt,Raw/Code/Notes/DutchBay_EPC_20251206_1625.txt,Raw,Code,Notes,DutchBay_Wind_150MW,DB-CODE-0001,TXT,txt,2576056,sha256:c5d6c3e7ff10e4a085957cdc97577ea3ba370abdc8efffa7333e64b639b277d4,code;notes;dutchbay,2025-12-07T02:46:13.410750+00:00,active,v01,uploaded:/mnt/data/DutchBay_EPC_20251206_1625.txt
Enhanced CLI with Docstrings & Hooking.md,Raw/Code/Notes/Enhanced CLI with Docstrings & Hooking.md,Raw,Code,Notes,DutchBay_Wind_150MW,DB-CODE-0031,MD,md,17274,sha256:1c796cf5aa24858b6fbe1e6fb8899bd33b81e3212120abde0adf36111c1a0d34,code;notes;dutchbay,2025-12-07T02:46:13.410750+00:00,active,v01,uploaded:/mnt/data/Enhanced CLI with Docstrings & Hooking.md
97425dc7 copy.txt,Raw/Code/Notes/97425dc7 copy.txt,Raw,Code,Notes,DutchBay_Wind_150MW,DB-CODE-0041,TXT,txt,123684,sha256:021f77a122fb5e9987af8a55807feb9f43f5bf60d359f2af12627d5c3d686194,code;notes;dutchbay,2025-12-07T02:46:13.410750+00:00,active,v01,uploaded:/mnt/data/97425dc7 copy.txt
518dfd5f8c36dc6209c99374287d4387.nc,Raw/Wind/Resources/518dfd5f8c36dc6209c99374287d4387.nc,Raw,Wind,NetCDF,DutchBay_Wind_150MW,KM-DB-WIND-0015,NC,nc,485035,sha256:2ef25ac9bcffb9006e8851ad153450065ded975af56aeb568c38f2bf2b1f2a44,wind;netcdf;dutchbay,2025-12-07T02:46:13.410750+00:00,active,v01,uploaded:/mnt/data/518dfd5f8c36dc6209c99374287d4387.nc
