time,ghi,dni,dhi,temp_air,wind_speed
1990-01-01 00:00:00+00:00,0.0,0.0,0.0,25.22,3.8
1990-01-01 01:00:00+00:00,20.45,0.0,20.45,25.32,3.78
1990-01-01 02:00:00+00:00,121.95,206.68,72.6,25.43,3.76
1990-01-01 03:00:00+00:00,228.35,191.47,141.85,25.54,3.74
1990-01-01 04:00:00+00:00,296.3,209.63,164.2,25.65,3.72
1990-01-01 05:00:00+00:00,359.45,165.67,233.25,25.75,3.7
1990-01-01 06:00:00+00:00,703.75,583.27,215.2,25.86,3.68
1990-01-01 07:00:00+00:00,633.45,454.35,246.1,25.97,3.65
1990-01-01 08:00:00+00:00,573.0,479.92,186.4,28.58,3.38
1990-01-01 09:00:00+00:00,506.45,539.27,129.05,28.5,3.38
1990-01-01 10:00:00+00:00,290.45,332.01,110.3,28.36,3.52
1990-01-01 11:00:00+00:00,105.6,154.26,52.45,27.77,3.59
1990-01-01 12:00:00+00:00,8.85,28.53,5.45,27.1,3.24
1990-01-01 13:00:00+00:00,0.0,0.0,0.0,26.44,3.24
1990-01-01 14:00:00+00:00,0.0,0.0,0.0,26.07,3.24
1990-01-01 15:00:00+00:00,0.0,0.0,0.0,25.88,3.45
1990-01-01 16:00:00+00:00,0.0,0.0,0.0,25.55,3.93
1990-01-01 17:00:00+00:00,0.0,0.0,0.0,25.08,4.28
1990-01-01 18:00:00+00:00,0.0,0.0,0.0,24.64,4.34
1990-01-01 19:00:00+00:00,0.0,0.0,0.0,24.66,4.14
1990-01-01 20:00:00+00:00,0.0,0.0,0.0,24.51,4.28
1990-01-01 21:00:00+00:00,0.0,0.0,0.0,24.23,4.14
1990-01-01 22:00:00+00:00,0.0,0.0,0.0,24.03,4.0
1990-01-01 23:00:00+00:00,0.0,0.0,0.0,23.77,3.93
1990-01-02 00:00:00+00:00,0.0,0.0,0.0,23.59,3.79
1990-01-02 01:00:00+00:00,32.1,0.0,32.1,23.49,3.72
1990-01-02 02:00:00+00:00,258.2,667.42,99.7,23.79,3.59
1990-01-02 03:00:00+00:00,393.6,494.99,170.45,24.66,5.03
1990-01-02 04:00:00+00:00,595.45,625.07,201.9,25.59,4.76
1990-01-02 05:00:00+00:00,769.65,764.17,187.6,26.62,4.28
1990-01-02 06:00:00+00:00,812.95,765.37,171.55,27.64,4.07
1990-01-02 07:00:00+00:00,808.6,746.57,171.45,28.59,4.41
1990-01-02 08:00:00+00:00,662.55,606.91,172.85,29.1,4.41
1990-01-02 09:00:00+00:00,568.1,602.99,145.1,29.27,4.48
1990-01-02 10:00:00+00:00,387.15,539.19,93.55,29.14,4.48
1990-01-02 11:00:00+00:00,163.1,288.81,63.0,28.61,4.34
1990-01-02 12:00:00+00:00,14.95,55.67,8.2,27.68,4.14
1990-01-02 13:00:00+00:00,0.0,0.0,0.0,26.78,4.14
1990-01-02 14:00:00+00:00,0.0,0.0,0.0,26.11,4.28
1990-01-02 15:00:00+00:00,0.0,0.0,0.0,25.47,4.28
1990-01-02 16:00:00+00:00,0.0,0.0,0.0,24.9,4.14
1990-01-02 17:00:00+00:00,0.0,0.0,0.0,24.43,3.93
1990-01-02 18:00:00+00:00,0.0,0.0,0.0,24.07,3.72
1990-01-02 19:00:00+00:00,0.0,0.0,0.0,23.82,3.79
1990-01-02 20:00:00+00:00,0.0,0.0,0.0,23.6,3.45
1990-01-02 21:00:00+00:00,0.0,0.0,0.0,23.41,3.1
1990-01-02 22:00:00+00:00,0.0,0.0,0.0,23.26,2.9
1990-01-02 23:00:00+00:00,0.0,0.0,0.0,23.14,2.9
1990-01-03 00:00:00+00:00,0.0,0.0,0.0,23.05,2.97
1990-01-03 01:00:00+00:00,39.35,0.0,39.35,23.01,3.03
1990-01-03 02:00:00+00:00,267.3,625.01,119.65,23.55,3.1
1990-01-03 03:00:00+00:00,498.7,807.59,135.35,24.73,3.66
1990-01-03 04:00:00+00:00,641.3,731.0,181.4,26.01,4.76
1990-01-03 05:00:00+00:00,573.85,390.26,276.6,27.02,4.48
1990-01-03 06:00:00+00:00,525.8,263.32,305.0,27.79,4.07
1990-01-03 07:00:00+00:00,561.15,242.04,354.35,28.25,3.86
1990-01-03 08:00:00+00:00,462.05,240.77,267.45,28.63,3.52
1990-01-03 09:00:00+00:00,372.5,219.85,217.9,28.66,3.59
1990-01-03 10:00:00+00:00,240.85,157.19,154.95,28.5,3.66
1990-01-03 11:00:00+00:00,104.1,49.33,86.9,28.03,3.59
1990-01-03 12:00:00+00:00,10.95,1.22,10.8,27.26,3.66
1990-01-03 13:00:00+00:00,0.0,0.0,0.0,26.49,3.79
1990-01-03 14:00:00+00:00,0.0,0.0,0.0,26.06,4.0
1990-01-03 15:00:00+00:00,0.0,0.0,0.0,25.65,4.34
1990-01-03 16:00:00+00:00,0.0,0.0,0.0,25.19,4.55
1990-01-03 17:00:00+00:00,0.0,0.0,0.0,24.67,4.55
1990-01-03 18:00:00+00:00,0.0,0.0,0.0,24.3,4.41
1990-01-03 19:00:00+00:00,0.0,0.0,0.0,24.01,4.21
1990-01-03 20:00:00+00:00,0.0,0.0,0.0,23.78,3.93
1990-01-03 21:00:00+00:00,0.0,0.0,0.0,23.62,3.59
1990-01-03 22:00:00+00:00,0.0,0.0,0.0,23.49,3.38
1990-01-03 23:00:00+00:00,0.0,0.0,0.0,23.43,3.52
1990-01-04 00:00:00+00:00,0.0,0.0,0.0,23.43,3.79
1990-01-04 01:00:00+00:00,42.7,0.0,42.7,23.44,3.93
1990-01-04 02:00:00+00:00,241.15,488.65,126.3,23.86,3.93
1990-01-04 03:00:00+00:00,482.25,772.14,135.5,24.82,4.62
1990-01-04 04:00:00+00:00,704.7,896.97,140.75,25.96,4.9
1990-01-04 05:00:00+00:00,788.45,801.84,177.65,27.08,4.9
1990-01-04 06:00:00+00:00,778.65,688.51,200.95,28.07,4.97
1990-01-04 07:00:00+00:00,725.9,581.18,228.75,28.78,4.83
1990-01-04 08:00:00+00:00,639.7,573.5,175.35,29.18,5.03
1990-01-04 09:00:00+00:00,496.9,469.23,166.1,29.16,5.24
1990-01-04 10:00:00+00:00,367.2,468.59,110.2,28.84,5.38
1990-01-04 11:00:00+00:00,147.3,201.56,76.6,28.37,5.03
1990-01-04 12:00:00+00:00,14.95,25.92,11.7,27.58,4.69
1990-01-04 13:00:00+00:00,0.0,0.0,0.0,26.71,4.62
1990-01-04 14:00:00+00:00,0.0,0.0,0.0,26.19,4.62
1990-01-04 15:00:00+00:00,0.0,0.0,0.0,25.7,4.55
1990-01-04 16:00:00+00:00,0.0,0.0,0.0,25.31,4.34
1990-01-04 17:00:00+00:00,0.0,0.0,0.0,25.01,4.07
1990-01-04 18:00:00+00:00,0.0,0.0,0.0,24.82,4.0
1990-01-04 19:00:00+00:00,0.0,0.0,0.0,24.77,3.86
1990-01-04 20:00:00+00:00,0.0,0.0,0.0,24.6,3.86
1990-01-04 21:00:00+00:00,0.0,0.0,0.0,24.43,3.72
1990-01-04 22:00:00+00:00,0.0,0.0,0.0,24.2,3.72
1990-01-04 23:00:00+00:00,0.0,0.0,0.0,24.13,3.59
1990-01-05 00:00:00+00:00,0.0,0.0,0.0,23.91,3.79
1990-01-05 01:00:00+00:00,0.0,0.0,0.0,23.89,3.72
1990-01-05 02:00:00+00:00,261.05,788.41,76.65,24.14,3.79
1990-01-05 03:00:00+00:00,403.5,635.74,118.5,25.1,5.24
1990-01-05 04:00:00+00:00,521.3,574.41,160.35,26.06,5.52
1990-01-05 05:00:00+00:00,636.2,605.22,175.1,26.78,5.52
1990-01-05 06:00:00+00:00,603.95,477.8,202.75,27.49,5.52
1990-01-05 07:00:00+00:00,648.95,466.09,249.75,28.12,5.24
1990-01-05 08:00:00+00:00,555.8,420.82,214.45,28.5,5.38
1990-01-05 09:00:00+00:00,556.8,616.46,121.1,28.38,5.52
1990-01-05 10:00:00+00:00,331.55,362.24,132.15,28.3,5.72
1990-01-05 11:00:00+00:00,135.05,138.58,86.15,27.82,5.45
1990-01-05 12:00:00+00:00,13.75,14.12,11.95,27.05,4.97
1990-01-05 13:00:00+00:00,0.0,0.0,0.0,26.21,4.83
1990-01-05 14:00:00+00:00,0.0,0.0,0.0,25.53,4.83
1990-01-05 15:00:00+00:00,0.0,0.0,0.0,25.05,4.69
1990-01-05 16:00:00+00:00,0.0,0.0,0.0,24.64,4.48
1990-01-05 17:00:00+00:00,0.0,0.0,0.0,24.34,4.41
1990-01-05 18:00:00+00:00,0.0,0.0,0.0,24.15,4.41
1990-01-05 19:00:00+00:00,0.0,0.0,0.0,24.13,4.41
1990-01-05 20:00:00+00:00,0.0,0.0,0.0,24.0,4.21
1990-01-05 21:00:00+00:00,0.0,0.0,0.0,23.81,4.0
1990-01-05 22:00:00+00:00,0.0,0.0,0.0,23.6,3.79
1990-01-05 23:00:00+00:00,0.0,0.0,0.0,23.42,3.72
1990-01-06 00:00:00+00:00,0.0,0.0,0.0,23.29,3.66
1990-01-06 01:00:00+00:00,0.0,0.0,0.0,23.22,3.52
1990-01-06 02:00:00+00:00,265.1,649.08,114.0,23.59,3.52
1990-01-06 03:00:00+00:00,453.95,656.43,160.15,24.58,4.21
1990-01-06 04:00:00+00:00,557.75,526.59,227.0,25.65,4.83
1990-01-06 05:00:00+00:00,712.8,595.35,259.1,26.55,5.86
1990-01-06 06:00:00+00:00,646.15,397.03,312.5,27.39,6.0
1990-01-06 07:00:00+00:00,569.35,350.91,268.4,27.77,6.0
1990-01-06 08:00:00+00:00,535.15,336.6,261.6,27.98,6.0
1990-01-06 09:00:00+00:00,456.0,314.55,233.1,28.11,6.0
1990-01-06 10:00:00+00:00,290.5,274.2,139.0,27.96,5.93
1990-01-06 11:00:00+00:00,133.2,173.52,71.6,27.41,5.59
1990-01-06 12:00:00+00:00,15.4,29.72,11.55,26.63,5.17
1990-01-06 13:00:00+00:00,0.0,0.0,0.0,25.86,5.03
1990-01-06 14:00:00+00:00,0.0,0.0,0.0,25.31,4.9
1990-01-06 15:00:00+00:00,0.0,0.0,0.0,24.91,4.69
1990-01-06 16:00:00+00:00,0.0,0.0,0.0,24.52,4.41
1990-01-06 17:00:00+00:00,0.0,0.0,0.0,24.21,4.14
1990-01-06 18:00:00+00:00,0.0,0.0,0.0,24.0,3.86
1990-01-06 19:00:00+00:00,0.0,0.0,0.0,23.93,3.93
1990-01-06 20:00:00+00:00,0.0,0.0,0.0,23.68,3.59
1990-01-06 21:00:00+00:00,0.0,0.0,0.0,23.41,3.24
1990-01-06 22:00:00+00:00,0.0,0.0,0.0,23.27,3.1
1990-01-06 23:00:00+00:00,0.0,0.0,0.0,23.16,3.03
1990-01-07 00:00:00+00:00,0.0,0.0,0.0,23.12,3.17
1990-01-07 01:00:00+00:00,0.0,0.0,0.0,23.14,3.38
1990-01-07 02:00:00+00:00,252.15,608.86,111.05,23.67,3.45
1990-01-07 03:00:00+00:00,448.7,649.01,158.65,24.91,4.0
1990-01-07 04:00:00+00:00,693.9,885.83,137.7,26.13,4.9
1990-01-07 05:00:00+00:00,566.0,379.1,277.0,27.31,6.41
1990-01-07 06:00:00+00:00,541.25,366.3,233.15,27.76,6.41
1990-01-07 07:00:00+00:00,580.35,338.6,289.55,28.11,5.93
1990-01-07 08:00:00+00:00,492.8,253.48,286.4,28.24,5.93
1990-01-07 09:00:00+00:00,494.15,459.18,167.9,28.13,5.93
1990-01-07 10:00:00+00:00,282.3,340.61,93.4,28.04,5.79
1990-01-07 11:00:00+00:00,138.8,192.36,70.1,27.58,5.52
1990-01-07 12:00:00+00:00,14.0,30.01,10.05,27.0,5.38
1990-01-07 13:00:00+00:00,0.0,0.0,0.0,26.29,5.17
1990-01-07 14:00:00+00:00,0.0,0.0,0.0,25.81,5.24
1990-01-07 15:00:00+00:00,0.0,0.0,0.0,25.27,5.24
1990-01-07 16:00:00+00:00,0.0,0.0,0.0,24.84,5.03
1990-01-07 17:00:00+00:00,0.0,0.0,0.0,24.52,4.9
1990-01-07 18:00:00+00:00,0.0,0.0,0.0,24.25,4.76
1990-01-07 19:00:00+00:00,0.0,0.0,0.0,24.14,4.28
1990-01-07 20:00:00+00:00,0.0,0.0,0.0,24.01,4.21
1990-01-07 21:00:00+00:00,0.0,0.0,0.0,24.01,4.07
1990-01-07 22:00:00+00:00,0.0,0.0,0.0,23.81,4.0
1990-01-07 23:00:00+00:00,0.0,0.0,0.0,23.69,3.93
1990-01-08 00:00:00+00:00,0.0,0.0,0.0,23.65,3.79
1990-01-08 01:00:00+00:00,0.0,0.0,0.0,23.62,3.79
1990-01-08 02:00:00+00:00,221.6,337.59,143.7,23.89,3.66
1990-01-08 03:00:00+00:00,360.5,377.43,192.05,24.78,3.79
1990-01-08 04:00:00+00:00,601.3,570.07,243.45,25.6,4.34
1990-01-08 05:00:00+00:00,703.5,553.52,281.35,26.83,5.52
1990-01-08 06:00:00+00:00,668.5,395.05,335.9,27.58,5.52
1990-01-08 07:00:00+00:00,634.5,419.21,273.95,28.01,5.03
1990-01-08 08:00:00+00:00,498.05,221.47,317.35,28.26,4.69
1990-01-08 09:00:00+00:00,458.15,258.76,273.8,28.18,4.48
1990-01-08 10:00:00+00:00,258.7,174.96,161.3,28.1,4.48
1990-01-08 11:00:00+00:00,141.2,150.15,87.25,27.61,4.34
1990-01-08 12:00:00+00:00,13.55,19.07,11.0,26.92,4.55
1990-01-08 13:00:00+00:00,0.0,0.0,0.0,26.15,4.69
1990-01-08 14:00:00+00:00,0.0,0.0,0.0,25.62,4.76
1990-01-08 15:00:00+00:00,0.0,0.0,0.0,25.2,4.76
1990-01-08 16:00:00+00:00,0.0,0.0,0.0,24.82,4.62
1990-01-08 17:00:00+00:00,0.0,0.0,0.0,24.53,4.34
1990-01-08 18:00:00+00:00,0.0,0.0,0.0,24.27,4.0
1990-01-08 19:00:00+00:00,0.0,0.0,0.0,24.09,3.66
1990-01-08 20:00:00+00:00,0.0,0.0,0.0,23.92,3.52
1990-01-08 21:00:00+00:00,0.0,0.0,0.0,23.72,3.45
1990-01-08 22:00:00+00:00,0.0,0.0,0.0,23.62,3.59
1990-01-08 23:00:00+00:00,0.0,0.0,0.0,23.58,3.93
1990-01-09 00:00:00+00:00,0.0,0.0,0.0,23.61,4.21
1990-01-09 01:00:00+00:00,0.0,0.0,0.0,23.67,4.28
1990-01-09 02:00:00+00:00,145.45,93.34,124.0,24.01,4.21
1990-01-09 03:00:00+00:00,214.0,22.88,203.8,24.67,4.14
1990-01-09 04:00:00+00:00,328.25,13.3,319.9,25.18,4.62
1990-01-09 05:00:00+00:00,410.35,68.87,357.8,25.77,5.24
1990-01-09 06:00:00+00:00,502.7,165.7,363.05,26.27,5.52
1990-01-09 07:00:00+00:00,522.75,253.43,304.45,26.86,4.76
1990-01-09 08:00:00+00:00,570.3,313.85,313.7,27.36,4.69
1990-01-09 09:00:00+00:00,548.3,471.31,211.6,27.91,4.55
1990-01-09 10:00:00+00:00,380.85,439.85,135.05,28.33,4.48
1990-01-09 11:00:00+00:00,147.85,170.13,86.35,28.24,4.48
1990-01-09 12:00:00+00:00,13.95,12.89,12.2,27.34,4.28
1990-01-09 13:00:00+00:00,0.0,0.0,0.0,26.43,4.55
1990-01-09 14:00:00+00:00,0.0,0.0,0.0,25.8,4.83
1990-01-09 15:00:00+00:00,0.0,0.0,0.0,25.38,4.9
1990-01-09 16:00:00+00:00,0.0,0.0,0.0,25.11,4.62
1990-01-09 17:00:00+00:00,0.0,0.0,0.0,24.79,4.34
1990-01-09 18:00:00+00:00,0.0,0.0,0.0,24.54,4.0
1990-01-09 19:00:00+00:00,0.0,0.0,0.0,24.19,3.66
1990-01-09 20:00:00+00:00,0.0,0.0,0.0,23.98,3.52
1990-01-09 21:00:00+00:00,0.0,0.0,0.0,23.81,3.45
1990-01-09 22:00:00+00:00,0.0,0.0,0.0,23.68,3.59
1990-01-09 23:00:00+00:00,0.0,0.0,0.0,23.59,3.59
1990-01-10 00:00:00+00:00,0.0,0.0,0.0,23.47,3.45
1990-01-10 01:00:00+00:00,0.0,0.0,0.0,23.35,3.45
1990-01-10 02:00:00+00:00,212.8,275.2,149.8,23.61,3.45
1990-01-10 03:00:00+00:00,402.1,363.82,240.1,24.64,3.93
1990-01-10 04:00:00+00:00,585.8,541.5,245.95,25.7,4.76
1990-01-10 05:00:00+00:00,507.85,273.8,298.8,26.67,5.24
1990-01-10 06:00:00+00:00,454.95,216.31,272.45,27.21,4.97
1990-01-10 07:00:00+00:00,484.55,179.83,329.4,27.53,4.48
1990-01-10 08:00:00+00:00,533.8,323.01,269.15,27.72,4.21
1990-01-10 09:00:00+00:00,543.2,466.99,208.65,27.92,4.14
1990-01-10 10:00:00+00:00,345.35,358.75,144.1,28.07,4.34
1990-01-10 11:00:00+00:00,185.7,317.19,70.35,27.54,4.55
1990-01-10 12:00:00+00:00,21.65,69.61,12.05,26.78,4.21
1990-01-10 13:00:00+00:00,0.0,0.0,0.0,25.9,3.93
1990-01-10 14:00:00+00:00,0.0,0.0,0.0,25.48,3.72
1990-01-10 15:00:00+00:00,0.0,0.0,0.0,25.07,3.66
1990-01-10 16:00:00+00:00,0.0,0.0,0.0,24.57,3.66
1990-01-10 17:00:00+00:00,0.0,0.0,0.0,24.0,3.52
1990-01-10 18:00:00+00:00,0.0,0.0,0.0,23.51,3.31
1990-01-10 19:00:00+00:00,0.0,0.0,0.0,23.07,3.38
1990-01-10 20:00:00+00:00,0.0,0.0,0.0,22.72,3.17
1990-01-10 21:00:00+00:00,0.0,0.0,0.0,22.44,3.03
1990-01-10 22:00:00+00:00,0.0,0.0,0.0,22.28,2.83
1990-01-10 23:00:00+00:00,0.0,0.0,0.0,22.18,2.83
1990-01-11 00:00:00+00:00,0.0,0.0,0.0,22.07,2.76
1990-01-11 01:00:00+00:00,0.0,0.0,0.0,21.94,2.62
1990-01-11 02:00:00+00:00,285.5,845.48,92.65,22.32,2.41
1990-01-11 03:00:00+00:00,524.3,935.71,108.05,23.76,2.48
1990-01-11 04:00:00+00:00,726.9,976.35,114.1,25.26,2.55
1990-01-11 05:00:00+00:00,868.1,980.2,119.2,26.54,2.62
1990-01-11 06:00:00+00:00,916.35,914.29,144.05,27.62,2.83
1990-01-11 07:00:00+00:00,898.25,888.73,130.25,27.79,3.17
1990-01-11 08:00:00+00:00,715.75,694.14,145.8,28.22,3.1
1990-01-11 09:00:00+00:00,594.15,572.44,182.9,28.35,3.24
1990-01-11 10:00:00+00:00,363.35,433.28,119.35,28.3,3.45
1990-01-11 11:00:00+00:00,159.05,260.76,63.65,27.72,3.59
1990-01-11 12:00:00+00:00,21.7,59.65,13.35,26.74,3.45
1990-01-11 13:00:00+00:00,0.0,0.0,0.0,25.75,3.52
1990-01-11 14:00:00+00:00,0.0,0.0,0.0,25.4,3.45
1990-01-11 15:00:00+00:00,0.0,0.0,0.0,25.26,3.52
1990-01-11 16:00:00+00:00,0.0,0.0,0.0,24.99,3.59
1990-01-11 17:00:00+00:00,0.0,0.0,0.0,24.58,3.38
1990-01-11 18:00:00+00:00,0.0,0.0,0.0,24.15,3.1
1990-01-11 19:00:00+00:00,0.0,0.0,0.0,24.11,2.69
1990-01-11 20:00:00+00:00,0.0,0.0,0.0,23.87,2.41
1990-01-11 21:00:00+00:00,0.0,0.0,0.0,23.64,2.41
1990-01-11 22:00:00+00:00,0.0,0.0,0.0,23.41,2.48
1990-01-11 23:00:00+00:00,0.0,0.0,0.0,23.31,2.41
1990-01-12 00:00:00+00:00,0.0,0.0,0.0,23.17,2.34
1990-01-12 01:00:00+00:00,0.0,0.0,0.0,23.1,2.41
1990-01-12 02:00:00+00:00,283.3,906.22,77.3,23.52,2.55
1990-01-12 03:00:00+00:00,505.4,903.29,103.9,24.78,3.1
1990-01-12 04:00:00+00:00,570.95,637.28,170.9,26.24,3.86
1990-01-12 05:00:00+00:00,583.9,463.97,229.15,27.31,4.14
1990-01-12 06:00:00+00:00,573.3,346.44,280.3,27.98,4.28
1990-01-12 07:00:00+00:00,656.2,380.07,327.2,28.49,4.48
1990-01-12 08:00:00+00:00,584.75,354.9,292.7,28.73,4.62
1990-01-12 09:00:00+00:00,387.8,231.03,221.35,28.73,4.62
1990-01-12 10:00:00+00:00,323.0,307.25,149.3,28.39,4.48
1990-01-12 11:00:00+00:00,152.95,188.28,83.65,28.15,4.28
1990-01-12 12:00:00+00:00,20.1,58.07,11.85,27.61,3.59
1990-01-12 13:00:00+00:00,0.0,0.0,0.0,26.89,3.52
1990-01-12 14:00:00+00:00,0.0,0.0,0.0,26.33,3.38
1990-01-12 15:00:00+00:00,0.0,0.0,0.0,25.85,3.45
1990-01-12 16:00:00+00:00,0.0,0.0,0.0,25.27,3.72
1990-01-12 17:00:00+00:00,0.0,0.0,0.0,24.71,3.72
1990-01-12 18:00:00+00:00,0.0,0.0,0.0,24.21,3.66
1990-01-12 19:00:00+00:00,0.0,0.0,0.0,23.82,3.79
1990-01-12 20:00:00+00:00,0.0,0.0,0.0,23.59,3.79
1990-01-12 21:00:00+00:00,0.0,0.0,0.0,23.27,3.86
1990-01-12 22:00:00+00:00,0.0,0.0,0.0,23.14,3.79
1990-01-12 23:00:00+00:00,0.0,0.0,0.0,23.03,3.72
1990-01-13 00:00:00+00:00,0.0,0.0,0.0,22.92,3.79
1990-01-13 01:00:00+00:00,0.0,0.0,0.0,22.88,3.93
1990-01-13 02:00:00+00:00,215.7,534.64,94.55,23.12,3.93
1990-01-13 03:00:00+00:00,413.95,604.71,145.35,23.93,4.83
1990-01-13 04:00:00+00:00,713.2,939.24,123.45,24.82,4.76
1990-01-13 05:00:00+00:00,830.65,889.85,149.7,26.06,4.76
1990-01-13 06:00:00+00:00,908.45,893.73,151.6,27.16,0.0
1990-01-13 07:00:00+00:00,888.2,840.23,159.6,28.06,0.0
1990-01-13 08:00:00+00:00,791.1,799.27,131.9,28.7,4.9
1990-01-13 09:00:00+00:00,606.05,677.51,116.5,29.01,4.97
1990-01-13 10:00:00+00:00,443.2,631.22,84.95,28.88,5.03
1990-01-13 11:00:00+00:00,189.3,342.32,62.55,28.51,5.17
1990-01-13 12:00:00+00:00,23.85,88.79,11.05,27.54,4.83
1990-01-13 13:00:00+00:00,0.0,0.0,0.0,26.42,4.76
1990-01-13 14:00:00+00:00,0.0,0.0,0.0,25.59,4.76
1990-01-13 15:00:00+00:00,0.0,0.0,0.0,24.98,4.62
1990-01-13 16:00:00+00:00,0.0,0.0,0.0,24.65,4.41
1990-01-13 17:00:00+00:00,0.0,0.0,0.0,24.46,4.21
1990-01-13 18:00:00+00:00,0.0,0.0,0.0,24.23,3.93
1990-01-13 19:00:00+00:00,0.0,0.0,0.0,23.47,4.0
1990-01-13 20:00:00+00:00,0.0,0.0,0.0,23.35,4.0
1990-01-13 21:00:00+00:00,0.0,0.0,0.0,23.22,4.0
1990-01-13 22:00:00+00:00,0.0,0.0,0.0,23.23,4.0
1990-01-13 23:00:00+00:00,0.0,0.0,0.0,23.11,4.0
1990-01-14 00:00:00+00:00,0.0,0.0,0.0,23.04,4.0
1990-01-14 01:00:00+00:00,0.0,0.0,0.0,22.96,4.14
1990-01-14 02:00:00+00:00,268.15,714.36,106.75,23.26,4.21
1990-01-14 03:00:00+00:00,462.25,743.12,132.35,24.36,5.31
1990-01-14 04:00:00+00:00,642.25,730.74,183.25,25.28,5.93
1990-01-14 05:00:00+00:00,699.6,549.52,278.7,26.43,5.59
1990-01-14 06:00:00+00:00,852.7,719.16,242.85,27.46,5.38
1990-01-14 07:00:00+00:00,887.35,830.2,166.15,28.22,5.24
1990-01-14 08:00:00+00:00,766.8,712.34,177.95,28.96,5.17
1990-01-14 09:00:00+00:00,664.05,778.96,99.55,29.24,5.1
1990-01-14 10:00:00+00:00,440.65,612.78,91.5,29.26,5.03
1990-01-14 11:00:00+00:00,191.6,325.79,70.25,28.87,4.83
1990-01-14 12:00:00+00:00,25.0,86.5,12.35,27.96,4.34
1990-01-14 13:00:00+00:00,0.0,0.0,0.0,26.79,4.41
1990-01-14 14:00:00+00:00,0.0,0.0,0.0,25.88,4.69
1990-01-14 15:00:00+00:00,0.0,0.0,0.0,25.21,4.69
1990-01-14 16:00:00+00:00,0.0,0.0,0.0,24.74,4.21
1990-01-14 17:00:00+00:00,0.0,0.0,0.0,24.36,3.59
1990-01-14 18:00:00+00:00,0.0,0.0,0.0,24.13,3.24
1990-01-14 19:00:00+00:00,0.0,0.0,0.0,23.86,2.83
1990-01-14 20:00:00+00:00,0.0,0.0,0.0,23.58,2.69
1990-01-14 21:00:00+00:00,0.0,0.0,0.0,23.32,2.62
1990-01-14 22:00:00+00:00,0.0,0.0,0.0,23.14,2.83
1990-01-14 23:00:00+00:00,0.0,0.0,0.0,22.97,2.97
1990-01-15 00:00:00+00:00,0.0,0.0,0.0,22.87,3.38
1990-01-15 01:00:00+00:00,0.0,0.0,0.0,22.85,3.79
1990-01-15 02:00:00+00:00,290.2,950.82,75.95,23.31,4.07
1990-01-15 03:00:00+00:00,527.8,979.02,93.35,24.61,4.97
1990-01-15 04:00:00+00:00,643.95,730.25,185.05,25.9,5.79
1990-01-15 05:00:00+00:00,708.55,637.6,219.7,26.86,5.79
1990-01-15 06:00:00+00:00,657.45,465.19,262.4,27.55,5.86
1990-01-15 07:00:00+00:00,646.85,438.12,265.55,27.89,6.0
1990-01-15 08:00:00+00:00,453.4,231.3,261.75,28.03,6.07
1990-01-15 09:00:00+00:00,345.75,180.3,214.7,27.87,5.86
1990-01-15 10:00:00+00:00,263.2,195.88,151.15,27.75,5.72
1990-01-15 11:00:00+00:00,181.3,315.45,63.1,27.49,5.45
1990-01-15 12:00:00+00:00,21.85,69.45,11.55,26.98,4.97
1990-01-15 13:00:00+00:00,0.0,0.0,0.0,26.14,4.97
1990-01-15 14:00:00+00:00,0.0,0.0,0.0,25.29,5.03
1990-01-15 15:00:00+00:00,0.0,0.0,0.0,24.62,4.97
1990-01-15 16:00:00+00:00,0.0,0.0,0.0,24.04,4.83
1990-01-15 17:00:00+00:00,0.0,0.0,0.0,23.58,4.41
1990-01-15 18:00:00+00:00,0.0,0.0,0.0,23.22,4.0
1990-01-15 19:00:00+00:00,0.0,0.0,0.0,23.24,3.66
1990-01-15 20:00:00+00:00,0.0,0.0,0.0,23.07,3.52
1990-01-15 21:00:00+00:00,0.0,0.0,0.0,22.97,3.52
1990-01-15 22:00:00+00:00,0.0,0.0,0.0,22.95,3.59
1990-01-15 23:00:00+00:00,0.0,0.0,0.0,22.97,3.59
1990-01-16 00:00:00+00:00,0.0,0.0,0.0,23.13,3.52
1990-01-16 01:00:00+00:00,0.0,0.0,0.0,23.29,3.59
1990-01-16 02:00:00+00:00,174.55,285.61,110.35,23.9,3.52
1990-01-16 03:00:00+00:00,314.6,248.74,204.25,24.88,4.34
1990-01-16 04:00:00+00:00,471.75,328.66,265.1,25.81,4.97
1990-01-16 05:00:00+00:00,574.95,442.07,235.65,26.74,5.38
1990-01-16 06:00:00+00:00,620.2,365.56,309.3,27.74,4.9
1990-01-16 07:00:00+00:00,553.05,320.71,273.4,28.36,4.62
1990-01-16 08:00:00+00:00,470.95,275.42,242.2,28.1,4.97
1990-01-16 09:00:00+00:00,348.4,227.23,182.75,27.96,5.24
1990-01-16 10:00:00+00:00,334.45,329.72,145.1,27.89,5.1
1990-01-16 11:00:00+00:00,120.25,98.3,83.2,27.99,4.62
1990-01-16 12:00:00+00:00,19.05,47.89,11.85,27.56,3.72
1990-01-16 13:00:00+00:00,0.0,0.0,0.0,26.85,3.59
1990-01-16 14:00:00+00:00,0.0,0.0,0.0,26.27,3.86
1990-01-16 15:00:00+00:00,0.0,0.0,0.0,25.78,4.21
1990-01-16 16:00:00+00:00,0.0,0.0,0.0,25.37,4.14
1990-01-16 17:00:00+00:00,0.0,0.0,0.0,24.95,3.86
1990-01-16 18:00:00+00:00,0.0,0.0,0.0,24.72,3.66
1990-01-16 19:00:00+00:00,0.0,0.0,0.0,24.36,3.59
1990-01-16 20:00:00+00:00,0.0,0.0,0.0,24.18,3.31
1990-01-16 21:00:00+00:00,0.0,0.0,0.0,24.18,3.1
1990-01-16 22:00:00+00:00,0.0,0.0,0.0,24.25,2.9
1990-01-16 23:00:00+00:00,0.0,0.0,0.0,24.35,2.9
1990-01-17 00:00:00+00:00,0.0,0.0,0.0,24.44,3.03
1990-01-17 01:00:00+00:00,0.0,0.0,0.0,24.53,3.24
1990-01-17 02:00:00+00:00,120.2,150.25,86.5,24.9,3.45
1990-01-17 03:00:00+00:00,179.3,130.64,121.35,25.68,3.93
1990-01-17 04:00:00+00:00,350.7,225.38,208.9,26.23,4.14
1990-01-17 05:00:00+00:00,457.95,256.18,261.1,26.88,4.14
1990-01-17 06:00:00+00:00,626.0,546.61,160.4,27.46,3.93
1990-01-17 07:00:00+00:00,631.85,523.48,174.5,27.8,3.66
1990-01-17 08:00:00+00:00,654.9,592.71,161.45,28.11,3.93
1990-01-17 09:00:00+00:00,466.15,456.17,132.6,28.02,4.34
1990-01-17 10:00:00+00:00,320.2,330.94,129.4,28.0,4.55
1990-01-17 11:00:00+00:00,97.75,122.52,51.3,27.54,4.62
1990-01-17 12:00:00+00:00,16.55,44.29,9.8,26.97,4.0
1990-01-17 13:00:00+00:00,0.0,0.0,0.0,26.54,3.72
1990-01-17 14:00:00+00:00,0.0,0.0,0.0,26.28,3.59
1990-01-17 15:00:00+00:00,0.0,0.0,0.0,26.01,3.59
1990-01-17 16:00:00+00:00,0.0,0.0,0.0,25.8,3.45
1990-01-17 17:00:00+00:00,0.0,0.0,0.0,25.54,3.1
1990-01-17 18:00:00+00:00,0.0,0.0,0.0,25.29,2.83
1990-01-17 19:00:00+00:00,0.0,0.0,0.0,25.29,3.03
1990-01-17 20:00:00+00:00,0.0,0.0,0.0,25.18,2.97
1990-01-17 21:00:00+00:00,0.0,0.0,0.0,24.99,3.1
1990-01-17 22:00:00+00:00,0.0,0.0,0.0,24.77,3.24
1990-01-17 23:00:00+00:00,0.0,0.0,0.0,24.61,3.24
1990-01-18 00:00:00+00:00,0.0,0.0,0.0,24.6,3.17
1990-01-18 01:00:00+00:00,0.0,0.0,0.0,24.54,3.24
1990-01-18 02:00:00+00:00,218.2,649.27,72.85,24.93,3.17
1990-01-18 03:00:00+00:00,353.15,445.68,155.45,25.87,4.0
1990-01-18 04:00:00+00:00,376.8,268.09,208.0,26.96,3.86
1990-01-18 05:00:00+00:00,528.8,399.17,221.7,27.64,2.97
1990-01-18 06:00:00+00:00,707.0,553.23,235.0,28.33,2.21
1990-01-18 07:00:00+00:00,612.95,453.73,215.75,29.02,2.0
1990-01-18 08:00:00+00:00,497.05,401.05,162.35,28.86,3.59
1990-01-18 09:00:00+00:00,287.6,168.05,164.35,28.31,4.34
1990-01-18 10:00:00+00:00,197.25,120.68,127.4,27.42,4.76
1990-01-18 11:00:00+00:00,58.3,36.84,44.25,26.17,4.0
1990-01-18 12:00:00+00:00,9.5,11.98,7.65,25.85,3.31
1990-01-18 13:00:00+00:00,0.0,0.0,0.0,25.57,3.17
1990-01-18 14:00:00+00:00,0.0,0.0,0.0,25.28,3.31
1990-01-18 15:00:00+00:00,0.0,0.0,0.0,25.02,3.38
1990-01-18 16:00:00+00:00,0.0,0.0,0.0,24.78,3.38
1990-01-18 17:00:00+00:00,0.0,0.0,0.0,24.56,3.1
1990-01-18 18:00:00+00:00,0.0,0.0,0.0,24.27,2.9
1990-01-18 19:00:00+00:00,0.0,0.0,0.0,24.22,2.62
1990-01-18 20:00:00+00:00,0.0,0.0,0.0,24.08,2.83
1990-01-18 21:00:00+00:00,0.0,0.0,0.0,23.9,3.03
1990-01-18 22:00:00+00:00,0.0,0.0,0.0,23.78,2.83
1990-01-18 23:00:00+00:00,0.0,0.0,0.0,23.74,3.1
1990-01-19 00:00:00+00:00,0.0,0.0,0.0,23.87,3.31
1990-01-19 01:00:00+00:00,0.0,0.0,0.0,23.92,3.72
1990-01-19 02:00:00+00:00,224.1,515.44,108.9,24.22,3.86
1990-01-19 03:00:00+00:00,366.45,409.1,184.95,25.13,4.48
1990-01-19 04:00:00+00:00,471.7,394.81,222.9,26.61,4.76
1990-01-19 05:00:00+00:00,624.0,563.98,189.55,27.68,4.48
1990-01-19 06:00:00+00:00,654.05,541.49,191.3,28.49,4.07
1990-01-19 07:00:00+00:00,642.5,462.49,236.8,29.42,4.07
1990-01-19 08:00:00+00:00,478.45,407.41,137.6,30.08,4.0
1990-01-19 09:00:00+00:00,419.7,347.66,163.95,29.48,3.93
1990-01-19 10:00:00+00:00,268.25,297.12,95.6,28.43,4.41
1990-01-19 11:00:00+00:00,101.25,120.98,54.85,27.61,3.52
1990-01-19 12:00:00+00:00,16.35,46.34,9.1,26.97,3.17
1990-01-19 13:00:00+00:00,0.0,0.0,0.0,26.29,3.38
1990-01-19 14:00:00+00:00,0.0,0.0,0.0,25.85,3.59
1990-01-19 15:00:00+00:00,0.0,0.0,0.0,25.55,3.38
1990-01-19 16:00:00+00:00,0.0,0.0,0.0,25.25,3.72
1990-01-19 17:00:00+00:00,0.0,0.0,0.0,25.06,4.0
1990-01-19 18:00:00+00:00,0.0,0.0,0.0,24.92,4.07
1990-01-19 19:00:00+00:00,0.0,0.0,0.0,25.15,4.07
1990-01-19 20:00:00+00:00,0.0,0.0,0.0,25.01,3.93
1990-01-19 21:00:00+00:00,0.0,0.0,0.0,24.95,4.07
1990-01-19 22:00:00+00:00,0.0,0.0,0.0,24.93,4.21
1990-01-19 23:00:00+00:00,0.0,0.0,0.0,24.95,4.28
1990-01-20 00:00:00+00:00,0.0,0.0,0.0,24.96,4.28
1990-01-20 01:00:00+00:00,0.0,0.0,0.0,24.85,4.41
1990-01-20 02:00:00+00:00,152.45,270.18,92.15,25.02,4.21
1990-01-20 03:00:00+00:00,307.45,372.7,142.05,25.67,5.72
1990-01-20 04:00:00+00:00,475.1,479.74,172.5,26.71,5.72
1990-01-20 05:00:00+00:00,768.8,822.23,134.55,27.65,5.17
1990-01-20 06:00:00+00:00,719.45,639.62,171.9,28.74,4.76
1990-01-20 07:00:00+00:00,769.45,674.9,176.2,29.09,4.62
1990-01-20 08:00:00+00:00,564.55,428.46,205.2,29.31,5.03
1990-01-20 09:00:00+00:00,335.5,264.95,140.0,27.56,5.66
1990-01-20 10:00:00+00:00,250.45,202.1,132.55,27.57,4.76
1990-01-20 11:00:00+00:00,135.1,139.09,81.45,27.6,4.9
1990-01-20 12:00:00+00:00,22.7,57.75,13.55,27.07,4.55
1990-01-20 13:00:00+00:00,0.0,0.0,0.0,26.41,4.48
1990-01-20 14:00:00+00:00,0.0,0.0,0.0,25.98,4.28
1990-01-20 15:00:00+00:00,0.0,0.0,0.0,25.68,4.28
1990-01-20 16:00:00+00:00,0.0,0.0,0.0,25.43,4.55
1990-01-20 17:00:00+00:00,0.0,0.0,0.0,25.17,4.48
1990-01-20 18:00:00+00:00,0.0,0.0,0.0,24.98,4.14
1990-01-20 19:00:00+00:00,0.0,0.0,0.0,25.18,4.0
1990-01-20 20:00:00+00:00,0.0,0.0,0.0,25.05,3.93
1990-01-20 21:00:00+00:00,0.0,0.0,0.0,24.94,3.93
1990-01-20 22:00:00+00:00,0.0,0.0,0.0,24.77,4.28
1990-01-20 23:00:00+00:00,0.0,0.0,0.0,24.74,4.55
1990-01-21 00:00:00+00:00,0.0,0.0,0.0,24.75,4.62
1990-01-21 01:00:00+00:00,0.0,0.0,0.0,24.82,4.97
1990-01-21 02:00:00+00:00,142.55,269.81,82.4,25.0,5.31
1990-01-21 03:00:00+00:00,337.15,441.24,141.25,25.58,6.83
1990-01-21 04:00:00+00:00,467.05,476.47,166.2,26.88,6.83
1990-01-21 05:00:00+00:00,536.65,463.7,178.45,27.37,6.28
1990-01-21 06:00:00+00:00,643.75,585.55,141.6,27.9,5.38
1990-01-21 07:00:00+00:00,595.05,444.84,203.2,28.8,4.21
1990-01-21 08:00:00+00:00,422.45,221.09,236.55,28.46,4.41
1990-01-21 09:00:00+00:00,344.65,223.14,179.5,26.24,4.41
1990-01-21 10:00:00+00:00,232.3,149.75,144.6,26.72,4.21
1990-01-21 11:00:00+00:00,96.45,84.81,63.55,26.71,4.69
1990-01-21 12:00:00+00:00,17.05,22.13,13.5,25.98,4.55
1990-01-21 13:00:00+00:00,0.0,0.0,0.0,25.34,4.48
1990-01-21 14:00:00+00:00,0.0,0.0,0.0,25.07,4.28
1990-01-21 15:00:00+00:00,0.0,0.0,0.0,24.93,4.34
1990-01-21 16:00:00+00:00,0.0,0.0,0.0,24.66,4.21
1990-01-21 17:00:00+00:00,0.0,0.0,0.0,24.43,4.41
1990-01-21 18:00:00+00:00,0.0,0.0,0.0,24.24,4.55
1990-01-21 19:00:00+00:00,0.0,0.0,0.0,24.16,3.72
1990-01-21 20:00:00+00:00,0.0,0.0,0.0,24.16,3.59
1990-01-21 21:00:00+00:00,0.0,0.0,0.0,24.15,3.59
1990-01-21 22:00:00+00:00,0.0,0.0,0.0,24.2,3.72
1990-01-21 23:00:00+00:00,0.0,0.0,0.0,24.23,3.66
1990-01-22 00:00:00+00:00,0.0,0.0,0.0,24.31,3.59
1990-01-22 01:00:00+00:00,0.0,0.0,0.0,24.3,3.38
1990-01-22 02:00:00+00:00,211.15,404.49,121.05,24.53,3.38
1990-01-22 03:00:00+00:00,375.85,517.87,145.8,25.29,4.9
1990-01-22 04:00:00+00:00,516.8,541.19,174.7,26.34,5.38
1990-01-22 05:00:00+00:00,610.55,576.37,164.65,27.62,5.03
1990-01-22 06:00:00+00:00,645.55,491.37,223.4,28.31,4.76
1990-01-22 07:00:00+00:00,630.95,447.17,236.2,28.68,4.41
1990-01-22 08:00:00+00:00,700.55,610.29,186.1,28.97,4.28
1990-01-22 09:00:00+00:00,478.0,394.6,185.05,27.69,4.76
1990-01-22 10:00:00+00:00,255.35,234.38,117.55,27.56,4.48
1990-01-22 11:00:00+00:00,141.85,191.75,67.05,26.29,4.76
1990-01-22 12:00:00+00:00,24.1,67.44,13.15,25.89,3.93
1990-01-22 13:00:00+00:00,0.0,0.0,0.0,25.54,4.62
1990-01-22 14:00:00+00:00,0.0,0.0,0.0,25.25,4.34
1990-01-22 15:00:00+00:00,0.0,0.0,0.0,24.95,4.48
1990-01-22 16:00:00+00:00,0.0,0.0,0.0,24.67,4.14
1990-01-22 17:00:00+00:00,0.0,0.0,0.0,24.45,3.93
1990-01-22 18:00:00+00:00,0.0,0.0,0.0,24.3,3.86
1990-01-22 19:00:00+00:00,0.0,0.0,0.0,24.52,3.86
1990-01-22 20:00:00+00:00,0.0,0.0,0.0,24.44,3.72
1990-01-22 21:00:00+00:00,0.0,0.0,0.0,24.49,3.59
1990-01-22 22:00:00+00:00,0.0,0.0,0.0,24.52,3.66
1990-01-22 23:00:00+00:00,0.0,0.0,0.0,24.54,3.72
1990-01-23 00:00:00+00:00,0.0,0.0,0.0,24.53,3.72
1990-01-23 01:00:00+00:00,0.0,0.0,0.0,24.54,3.72
1990-01-23 02:00:00+00:00,136.55,211.12,89.55,24.73,3.66
1990-01-23 03:00:00+00:00,300.8,462.96,95.0,25.4,4.97
1990-01-23 04:00:00+00:00,519.45,588.65,146.9,26.06,5.31
1990-01-23 05:00:00+00:00,563.85,539.2,146.05,27.18,5.72
1990-01-23 06:00:00+00:00,635.2,510.9,195.45,27.93,5.38
1990-01-23 07:00:00+00:00,693.35,607.55,155.85,28.29,4.34
1990-01-23 08:00:00+00:00,528.8,401.19,189.75,28.99,4.14
1990-01-23 09:00:00+00:00,487.6,492.77,120.65,28.49,4.14
1990-01-23 10:00:00+00:00,241.1,234.66,102.6,27.75,4.28
1990-01-23 11:00:00+00:00,133.75,189.93,59.25,27.32,3.72
1990-01-23 12:00:00+00:00,19.45,41.08,12.7,26.36,3.66
1990-01-23 13:00:00+00:00,0.0,0.0,0.0,25.92,3.93
1990-01-23 14:00:00+00:00,0.0,0.0,0.0,25.55,4.07
1990-01-23 15:00:00+00:00,0.0,0.0,0.0,25.25,4.14
1990-01-23 16:00:00+00:00,0.0,0.0,0.0,24.98,4.0
1990-01-23 17:00:00+00:00,0.0,0.0,0.0,24.7,3.79
1990-01-23 18:00:00+00:00,0.0,0.0,0.0,24.52,3.72
1990-01-23 19:00:00+00:00,0.0,0.0,0.0,24.68,4.07
1990-01-23 20:00:00+00:00,0.0,0.0,0.0,24.45,3.93
1990-01-23 21:00:00+00:00,0.0,0.0,0.0,24.23,3.86
1990-01-23 22:00:00+00:00,0.0,0.0,0.0,24.1,3.79
1990-01-23 23:00:00+00:00,0.0,0.0,0.0,23.92,3.52
1990-01-24 00:00:00+00:00,0.0,0.0,0.0,23.77,3.38
1990-01-24 01:00:00+00:00,0.0,0.0,0.0,23.69,3.31
1990-01-24 02:00:00+00:00,199.1,429.1,103.6,23.99,3.93
1990-01-24 03:00:00+00:00,354.3,408.17,172.7,25.04,4.69
1990-01-24 04:00:00+00:00,530.7,473.24,230.8,26.41,4.83
1990-01-24 05:00:00+00:00,683.6,507.99,289.35,27.83,4.83
1990-01-24 06:00:00+00:00,623.5,464.53,222.9,29.15,4.48
1990-01-24 07:00:00+00:00,757.8,642.92,187.75,29.83,4.9
1990-01-24 08:00:00+00:00,716.35,697.64,125.25,30.31,4.21
1990-01-24 09:00:00+00:00,590.95,631.64,119.15,30.4,4.14
1990-01-24 10:00:00+00:00,349.95,417.06,102.85,30.19,3.79
1990-01-24 11:00:00+00:00,143.7,227.18,54.1,29.46,3.24
1990-01-24 12:00:00+00:00,28.0,91.74,12.75,28.79,2.69
1990-01-24 13:00:00+00:00,0.0,0.0,0.0,27.9,2.76
1990-01-24 14:00:00+00:00,0.0,0.0,0.0,27.24,3.1
1990-01-24 15:00:00+00:00,0.0,0.0,0.0,26.66,3.52
1990-01-24 16:00:00+00:00,0.0,0.0,0.0,26.05,3.86
1990-01-24 17:00:00+00:00,0.0,0.0,0.0,25.5,4.0
1990-01-24 18:00:00+00:00,0.0,0.0,0.0,25.1,3.93
1990-01-24 19:00:00+00:00,0.0,0.0,0.0,24.95,4.0
1990-01-24 20:00:00+00:00,0.0,0.0,0.0,24.84,3.79
1990-01-24 21:00:00+00:00,0.0,0.0,0.0,24.75,3.59
1990-01-24 22:00:00+00:00,0.0,0.0,0.0,24.62,3.38
1990-01-24 23:00:00+00:00,0.0,0.0,0.0,24.61,3.24
1990-01-25 00:00:00+00:00,0.0,0.0,0.0,24.43,3.24
1990-01-25 01:00:00+00:00,0.0,0.0,0.0,24.24,3.03
1990-01-25 02:00:00+00:00,283.35,951.9,71.5,24.46,2.76
1990-01-25 03:00:00+00:00,500.1,814.2,137.5,25.59,3.38
1990-01-25 04:00:00+00:00,679.8,844.16,144.1,26.81,3.72
1990-01-25 05:00:00+00:00,797.0,817.52,161.45,27.9,3.86
1990-01-25 06:00:00+00:00,842.25,779.28,168.9,28.95,3.93
1990-01-25 07:00:00+00:00,800.45,703.82,175.0,29.62,4.14
1990-01-25 08:00:00+00:00,681.3,647.1,131.6,30.06,4.21
1990-01-25 09:00:00+00:00,619.0,631.04,146.2,30.11,4.28
1990-01-25 10:00:00+00:00,426.2,556.71,95.1,30.1,4.34
1990-01-25 11:00:00+00:00,201.5,340.45,66.5,29.73,4.28
1990-01-25 12:00:00+00:00,33.25,107.96,15.1,28.86,3.79
1990-01-25 13:00:00+00:00,0.0,0.0,0.0,27.71,3.79
1990-01-25 14:00:00+00:00,0.0,0.0,0.0,26.86,4.0
1990-01-25 15:00:00+00:00,0.0,0.0,0.0,26.11,4.21
1990-01-25 16:00:00+00:00,0.0,0.0,0.0,25.45,4.14
1990-01-25 17:00:00+00:00,0.0,0.0,0.0,24.84,3.93
1990-01-25 18:00:00+00:00,0.0,0.0,0.0,24.42,3.86
1990-01-25 19:00:00+00:00,0.0,0.0,0.0,24.15,3.79
1990-01-25 20:00:00+00:00,0.0,0.0,0.0,23.93,3.66
1990-01-25 21:00:00+00:00,0.0,0.0,0.0,23.77,3.38
1990-01-25 22:00:00+00:00,0.0,0.0,0.0,23.59,3.31
1990-01-25 23:00:00+00:00,0.0,0.0,0.0,23.52,3.38
1990-01-26 00:00:00+00:00,0.0,0.0,0.0,23.43,3.24
1990-01-26 01:00:00+00:00,0.0,0.0,0.0,23.36,3.1
1990-01-26 02:00:00+00:00,217.2,582.18,87.6,23.76,3.17
1990-01-26 03:00:00+00:00,411.45,560.97,161.35,24.75,3.72
1990-01-26 04:00:00+00:00,609.55,622.08,214.2,26.06,4.83
1990-01-26 05:00:00+00:00,779.6,724.92,215.05,27.21,4.69
1990-01-26 06:00:00+00:00,846.8,764.68,184.75,28.31,4.62
1990-01-26 07:00:00+00:00,877.2,771.62,189.95,29.05,4.55
1990-01-26 08:00:00+00:00,802.25,774.7,142.45,29.68,4.41
1990-01-26 09:00:00+00:00,649.6,708.42,117.2,29.96,4.34
1990-01-26 10:00:00+00:00,433.8,533.08,115.55,29.87,4.41
1990-01-26 11:00:00+00:00,225.4,402.73,64.85,29.45,4.28
1990-01-26 12:00:00+00:00,34.75,114.42,15.3,28.64,3.72
1990-01-26 13:00:00+00:00,0.0,0.0,0.0,27.42,3.59
1990-01-26 14:00:00+00:00,0.0,0.0,0.0,26.56,3.59
1990-01-26 15:00:00+00:00,0.0,0.0,0.0,25.87,3.79
1990-01-26 16:00:00+00:00,0.0,0.0,0.0,25.18,3.86
1990-01-26 17:00:00+00:00,0.0,0.0,0.0,24.57,3.72
1990-01-26 18:00:00+00:00,0.0,0.0,0.0,24.09,3.31
1990-01-26 19:00:00+00:00,0.0,0.0,0.0,23.72,3.45
1990-01-26 20:00:00+00:00,0.0,0.0,0.0,23.46,3.1
1990-01-26 21:00:00+00:00,0.0,0.0,0.0,23.3,2.97
1990-01-26 22:00:00+00:00,0.0,0.0,0.0,23.32,3.03
1990-01-26 23:00:00+00:00,0.0,0.0,0.0,23.33,3.17
1990-01-27 00:00:00+00:00,0.0,0.0,0.0,23.41,3.24
1990-01-27 01:00:00+00:00,0.0,0.0,0.0,23.4,3.24
1990-01-27 02:00:00+00:00,197.6,366.36,116.0,23.76,2.97
1990-01-27 03:00:00+00:00,381.15,431.24,188.65,24.63,4.0
1990-01-27 04:00:00+00:00,654.85,736.81,185.85,25.5,4.0
1990-01-27 05:00:00+00:00,807.15,823.92,164.35,26.65,3.59
1990-01-27 06:00:00+00:00,801.3,666.88,222.75,27.72,3.31
1990-01-27 07:00:00+00:00,846.2,685.39,234.35,28.4,2.62
1990-01-27 08:00:00+00:00,725.35,584.78,226.0,29.01,2.34
1990-01-27 09:00:00+00:00,584.0,518.82,192.9,29.29,2.14
1990-01-27 10:00:00+00:00,386.05,400.5,146.05,29.27,2.48
1990-01-27 11:00:00+00:00,194.8,221.71,105.95,28.74,3.03
1990-01-27 12:00:00+00:00,27.2,23.28,23.2,27.74,3.24
1990-01-27 13:00:00+00:00,0.0,0.0,0.0,26.68,3.24
1990-01-27 14:00:00+00:00,0.0,0.0,0.0,26.17,2.97
1990-01-27 15:00:00+00:00,0.0,0.0,0.0,25.89,2.69
1990-01-27 16:00:00+00:00,0.0,0.0,0.0,25.57,2.69
1990-01-27 17:00:00+00:00,0.0,0.0,0.0,25.18,2.83
1990-01-27 18:00:00+00:00,0.0,0.0,0.0,24.74,2.97
1990-01-27 19:00:00+00:00,0.0,0.0,0.0,24.58,3.1
1990-01-27 20:00:00+00:00,0.0,0.0,0.0,24.17,3.03
1990-01-27 21:00:00+00:00,0.0,0.0,0.0,23.82,2.76
1990-01-27 22:00:00+00:00,0.0,0.0,0.0,23.51,2.76
1990-01-27 23:00:00+00:00,0.0,0.0,0.0,23.29,2.97
1990-01-28 00:00:00+00:00,0.0,0.0,0.0,23.15,3.03
1990-01-28 01:00:00+00:00,0.0,0.0,0.0,23.04,2.76
1990-01-28 02:00:00+00:00,289.9,981.09,71.2,23.41,2.34
1990-01-28 03:00:00+00:00,525.3,967.32,92.9,24.84,2.21
1990-01-28 04:00:00+00:00,729.6,981.85,103.6,26.39,2.0
1990-01-28 05:00:00+00:00,871.85,973.81,110.7,27.66,1.72
1990-01-28 06:00:00+00:00,771.0,610.98,239.85,28.64,1.72
1990-01-28 07:00:00+00:00,764.8,649.89,183.3,29.16,2.76
1990-01-28 08:00:00+00:00,738.5,599.55,225.2,29.33,3.03
1990-01-28 09:00:00+00:00,559.05,480.62,195.65,29.36,3.24
1990-01-28 10:00:00+00:00,372.8,411.23,125.45,28.99,3.24
1990-01-28 11:00:00+00:00,193.2,297.28,73.45,28.36,3.38
1990-01-28 12:00:00+00:00,28.15,71.99,15.65,27.6,2.97
1990-01-28 13:00:00+00:00,0.0,0.0,0.0,26.79,2.55
1990-01-28 14:00:00+00:00,0.0,0.0,0.0,26.2,2.69
1990-01-28 15:00:00+00:00,0.0,0.0,0.0,25.96,3.17
1990-01-28 16:00:00+00:00,0.0,0.0,0.0,25.6,3.66
1990-01-28 17:00:00+00:00,0.0,0.0,0.0,25.03,3.66
1990-01-28 18:00:00+00:00,0.0,0.0,0.0,24.54,3.45
1990-01-28 19:00:00+00:00,0.0,0.0,0.0,24.3,3.38
1990-01-28 20:00:00+00:00,0.0,0.0,0.0,24.04,3.1
1990-01-28 21:00:00+00:00,0.0,0.0,0.0,23.82,2.76
1990-01-28 22:00:00+00:00,0.0,0.0,0.0,23.65,2.48
1990-01-28 23:00:00+00:00,0.0,0.0,0.0,23.47,2.48
1990-01-29 00:00:00+00:00,0.0,0.0,0.0,23.39,2.55
1990-01-29 01:00:00+00:00,0.0,0.0,0.0,23.31,2.69
1990-01-29 02:00:00+00:00,251.9,765.15,81.15,23.7,2.76
1990-01-29 03:00:00+00:00,444.2,686.43,136.9,24.99,3.24
1990-01-29 04:00:00+00:00,669.1,816.85,147.4,26.38,3.59
1990-01-29 05:00:00+00:00,671.05,623.09,183.1,27.71,3.17
1990-01-29 06:00:00+00:00,671.25,481.82,251.5,28.62,2.55
1990-01-29 07:00:00+00:00,637.15,407.43,271.75,29.34,2.76
1990-01-29 08:00:00+00:00,654.8,476.13,246.1,29.72,2.41
1990-01-29 09:00:00+00:00,531.0,497.83,153.45,29.98,2.28
1990-01-29 10:00:00+00:00,387.55,463.88,107.5,29.91,2.76
1990-01-29 11:00:00+00:00,177.5,256.75,73.55,29.46,3.24
1990-01-29 12:00:00+00:00,30.15,92.36,13.95,28.52,3.31
1990-01-29 13:00:00+00:00,0.0,0.0,0.0,27.45,3.38
1990-01-29 14:00:00+00:00,0.0,0.0,0.0,26.84,3.52
1990-01-29 15:00:00+00:00,0.0,0.0,0.0,26.41,3.79
1990-01-29 16:00:00+00:00,0.0,0.0,0.0,25.95,3.86
1990-01-29 17:00:00+00:00,0.0,0.0,0.0,25.44,3.72
1990-01-29 18:00:00+00:00,0.0,0.0,0.0,25.08,3.38
1990-01-29 19:00:00+00:00,0.0,0.0,0.0,24.92,2.83
1990-01-29 20:00:00+00:00,0.0,0.0,0.0,24.62,2.48
1990-01-29 21:00:00+00:00,0.0,0.0,0.0,24.42,2.34
1990-01-29 22:00:00+00:00,0.0,0.0,0.0,24.27,2.28
1990-01-29 23:00:00+00:00,0.0,0.0,0.0,24.31,2.21
1990-01-30 00:00:00+00:00,0.0,0.0,0.0,24.26,2.28
1990-01-30 01:00:00+00:00,0.0,0.0,0.0,24.2,2.34
1990-01-30 02:00:00+00:00,177.75,356.65,98.05,24.49,2.41
1990-01-30 03:00:00+00:00,378.95,459.18,173.05,25.54,2.83
1990-01-30 04:00:00+00:00,619.05,694.33,174.8,26.88,3.1
1990-01-30 05:00:00+00:00,795.45,722.42,228.6,28.22,3.45
1990-01-30 06:00:00+00:00,607.4,351.24,300.75,29.31,2.55
1990-01-30 07:00:00+00:00,791.2,676.06,183.45,29.89,1.17
1990-01-30 08:00:00+00:00,667.25,537.05,205.05,30.2,1.31
1990-01-30 09:00:00+00:00,476.3,458.8,127.3,30.08,1.93
1990-01-30 10:00:00+00:00,391.95,492.64,93.45,29.54,2.55
1990-01-30 11:00:00+00:00,144.45,196.98,64.3,28.86,2.97
1990-01-30 12:00:00+00:00,24.4,64.07,13.05,28.14,3.03
1990-01-30 13:00:00+00:00,0.0,0.0,0.0,27.41,2.83
1990-01-30 14:00:00+00:00,0.0,0.0,0.0,26.89,2.55
1990-01-30 15:00:00+00:00,0.0,0.0,0.0,26.62,2.55
1990-01-30 16:00:00+00:00,0.0,0.0,0.0,26.29,2.83
1990-01-30 17:00:00+00:00,0.0,0.0,0.0,25.97,2.9
1990-01-30 18:00:00+00:00,0.0,0.0,0.0,25.71,2.69
1990-01-30 19:00:00+00:00,0.0,0.0,0.0,25.44,2.69
1990-01-30 20:00:00+00:00,0.0,0.0,0.0,25.2,2.62
1990-01-30 21:00:00+00:00,0.0,0.0,0.0,24.85,2.69
1990-01-30 22:00:00+00:00,0.0,0.0,0.0,24.8,2.76
1990-01-30 23:00:00+00:00,0.0,0.0,0.0,24.7,2.62
1990-01-31 00:00:00+00:00,0.0,0.0,0.0,24.44,2.55
1990-01-31 01:00:00+00:00,0.0,0.0,0.0,24.25,2.55
1990-01-31 02:00:00+00:00,127.95,161.95,91.7,24.37,2.48
1990-01-31 03:00:00+00:00,276.4,304.76,139.5,24.8,2.69
1990-01-31 04:00:00+00:00,425.3,461.68,129.35,25.57,2.69
1990-01-31 05:00:00+00:00,622.75,636.45,122.35,26.49,2.34
1990-01-31 06:00:00+00:00,844.45,782.06,160.2,27.59,1.86
1990-01-31 07:00:00+00:00,820.1,623.37,258.4,29.11,1.17
1990-01-31 08:00:00+00:00,347.55,175.52,196.1,29.93,0.41
1990-01-31 09:00:00+00:00,451.05,447.6,109.55,28.76,1.86
1990-01-31 10:00:00+00:00,267.0,221.02,132.6,28.58,1.86
1990-01-31 11:00:00+00:00,126.65,158.36,61.9,27.65,2.0
1990-01-31 12:00:00+00:00,13.75,25.72,9.15,26.58,1.31
1990-01-31 13:00:00+00:00,0.0,0.0,0.0,25.36,2.14
1990-01-31 14:00:00+00:00,0.0,0.0,0.0,24.89,2.28
1990-01-31 15:00:00+00:00,0.0,0.0,0.0,24.97,2.0
1990-01-31 16:00:00+00:00,0.0,0.0,0.0,23.71,1.14
1990-01-31 17:00:00+00:00,0.0,0.0,0.0,23.95,1.41
1990-01-31 18:00:00+00:00,0.0,0.0,0.0,24.18,1.69
1990-01-31 19:00:00+00:00,0.0,0.0,0.0,24.42,1.96
1990-01-31 20:00:00+00:00,0.0,0.0,0.0,24.65,2.23
1990-01-31 21:00:00+00:00,0.0,0.0,0.0,24.89,2.5
1990-01-31 22:00:00+00:00,0.0,0.0,0.0,25.12,2.77
1990-01-31 23:00:00+00:00,0.0,0.0,0.0,25.35,3.04
1990-02-01 00:00:00+00:00,0.0,0.0,0.0,25.59,3.31
1990-02-01 01:00:00+00:00,0.0,0.0,0.0,25.82,3.58
1990-02-01 02:00:00+00:00,255.65,625.81,115.3,26.06,3.85
1990-02-01 03:00:00+00:00,486.5,736.92,154.85,26.29,4.12
1990-02-01 04:00:00+00:00,605.2,569.92,239.15,26.53,4.39
1990-02-01 05:00:00+00:00,727.45,564.38,282.8,26.76,4.66
1990-02-01 06:00:00+00:00,663.0,340.08,364.8,27.0,4.93
1990-02-01 07:00:00+00:00,677.9,347.98,363.6,27.23,5.2
1990-02-01 08:00:00+00:00,747.2,543.96,276.6,30.14,4.97
1990-02-01 09:00:00+00:00,611.4,541.28,197.2,30.99,4.76
1990-02-01 10:00:00+00:00,410.2,383.85,175.95,31.1,4.55
1990-02-01 11:00:00+00:00,195.05,215.04,106.7,30.65,4.69
1990-02-01 12:00:00+00:00,24.7,10.52,22.8,29.64,4.62
1990-02-01 13:00:00+00:00,0.0,0.0,0.0,28.33,4.97
1990-02-01 14:00:00+00:00,0.0,0.0,0.0,27.23,5.17
1990-02-01 15:00:00+00:00,0.0,0.0,0.0,26.38,5.03
1990-02-01 16:00:00+00:00,0.0,0.0,0.0,25.71,4.62
1990-02-01 17:00:00+00:00,0.0,0.0,0.0,25.16,4.21
1990-02-01 18:00:00+00:00,0.0,0.0,0.0,24.72,3.93
1990-02-01 19:00:00+00:00,0.0,0.0,0.0,24.61,3.72
1990-02-01 20:00:00+00:00,0.0,0.0,0.0,24.34,3.38
1990-02-01 21:00:00+00:00,0.0,0.0,0.0,24.07,3.24
1990-02-01 22:00:00+00:00,0.0,0.0,0.0,23.97,3.24
1990-02-01 23:00:00+00:00,0.0,0.0,0.0,23.81,3.31
1990-02-02 00:00:00+00:00,0.0,0.0,0.0,23.82,3.38
1990-02-02 01:00:00+00:00,0.0,0.0,0.0,23.88,3.59
1990-02-02 02:00:00+00:00,229.6,664.26,80.3,24.34,3.72
1990-02-02 03:00:00+00:00,490.75,819.81,121.05,25.47,4.48
1990-02-02 04:00:00+00:00,686.05,753.2,201.3,26.87,5.38
1990-02-02 05:00:00+00:00,859.7,884.22,161.6,27.95,5.24
1990-02-02 06:00:00+00:00,892.8,783.0,204.7,29.13,5.03
1990-02-02 07:00:00+00:00,859.2,763.17,168.25,29.93,5.03
1990-02-02 08:00:00+00:00,792.2,673.4,208.1,30.53,4.97
1990-02-02 09:00:00+00:00,621.75,530.57,214.55,31.0,4.97
1990-02-02 10:00:00+00:00,448.55,479.01,155.2,31.04,5.17
1990-02-02 11:00:00+00:00,234.15,354.18,87.95,30.52,5.38
1990-02-02 12:00:00+00:00,39.6,117.19,18.25,29.49,5.03
1990-02-02 13:00:00+00:00,0.0,0.0,0.0,28.25,4.69
1990-02-02 14:00:00+00:00,0.0,0.0,0.0,27.23,4.41
1990-02-02 15:00:00+00:00,0.0,0.0,0.0,26.32,4.41
1990-02-02 16:00:00+00:00,0.0,0.0,0.0,25.52,4.48
1990-02-02 17:00:00+00:00,0.0,0.0,0.0,24.98,4.48
1990-02-02 18:00:00+00:00,0.0,0.0,0.0,24.62,4.48
1990-02-02 19:00:00+00:00,0.0,0.0,0.0,24.26,4.07
1990-02-02 20:00:00+00:00,0.0,0.0,0.0,23.98,3.86
1990-02-02 21:00:00+00:00,0.0,0.0,0.0,23.87,3.93
1990-02-02 22:00:00+00:00,0.0,0.0,0.0,23.66,3.93
1990-02-02 23:00:00+00:00,0.0,0.0,0.0,23.59,3.86
1990-02-03 00:00:00+00:00,0.0,0.0,0.0,23.46,3.79
1990-02-03 01:00:00+00:00,0.0,0.0,0.0,23.37,3.72
1990-02-03 02:00:00+00:00,259.7,627.34,118.35,23.62,3.45
1990-02-03 03:00:00+00:00,465.6,637.61,177.45,24.88,4.0
1990-02-03 04:00:00+00:00,613.2,578.66,240.0,26.35,5.45
1990-02-03 05:00:00+00:00,788.3,694.06,239.15,27.64,5.45
1990-02-03 06:00:00+00:00,879.6,747.47,221.25,28.96,5.03
1990-02-03 07:00:00+00:00,931.1,871.76,139.95,29.95,4.83
1990-02-03 08:00:00+00:00,853.6,822.17,138.6,30.83,4.83
1990-02-03 09:00:00+00:00,696.85,751.0,118.8,31.33,5.03
1990-02-03 10:00:00+00:00,480.3,623.32,97.25,31.36,5.31
1990-02-03 11:00:00+00:00,246.95,428.04,69.45,30.72,5.45
1990-02-03 12:00:00+00:00,41.2,126.78,17.9,29.73,4.97
1990-02-03 13:00:00+00:00,0.0,0.0,0.0,28.46,4.83
1990-02-03 14:00:00+00:00,0.0,0.0,0.0,27.39,4.69
1990-02-03 15:00:00+00:00,0.0,0.0,0.0,26.47,4.62
1990-02-03 16:00:00+00:00,0.0,0.0,0.0,25.63,4.28
1990-02-03 17:00:00+00:00,0.0,0.0,0.0,24.97,3.79
1990-02-03 18:00:00+00:00,0.0,0.0,0.0,24.48,3.45
1990-02-03 19:00:00+00:00,0.0,0.0,0.0,24.18,3.52
1990-02-03 20:00:00+00:00,0.0,0.0,0.0,23.9,3.31
1990-02-03 21:00:00+00:00,0.0,0.0,0.0,23.68,3.17
1990-02-03 22:00:00+00:00,0.0,0.0,0.0,23.5,3.17
1990-02-03 23:00:00+00:00,0.0,0.0,0.0,23.49,3.24
1990-02-04 00:00:00+00:00,0.0,0.0,0.0,23.46,3.17
1990-02-04 01:00:00+00:00,0.0,0.0,0.0,23.39,3.03
1990-02-04 02:00:00+00:00,280.25,776.99,104.7,23.78,2.97
1990-02-04 03:00:00+00:00,530.45,914.92,116.05,25.22,3.66
1990-02-04 04:00:00+00:00,732.8,928.16,132.9,26.79,4.34
1990-02-04 05:00:00+00:00,830.55,816.01,183.5,28.16,4.55
1990-02-04 06:00:00+00:00,918.65,840.36,176.8,29.28,4.41
1990-02-04 07:00:00+00:00,844.9,718.2,191.55,29.99,4.69
1990-02-04 08:00:00+00:00,842.35,794.65,149.5,30.58,5.03
1990-02-04 09:00:00+00:00,661.95,661.52,151.3,31.11,5.38
1990-02-04 10:00:00+00:00,435.05,493.82,130.55,31.13,5.52
1990-02-04 11:00:00+00:00,218.55,354.22,71.0,30.74,5.52
1990-02-04 12:00:00+00:00,40.4,114.11,19.25,29.96,4.97
1990-02-04 13:00:00+00:00,0.0,0.0,0.0,28.66,4.69
1990-02-04 14:00:00+00:00,0.0,0.0,0.0,27.5,4.69
1990-02-04 15:00:00+00:00,0.0,0.0,0.0,26.55,4.62
1990-02-04 16:00:00+00:00,0.0,0.0,0.0,25.74,4.34
1990-02-04 17:00:00+00:00,0.0,0.0,0.0,25.11,4.07
1990-02-04 18:00:00+00:00,0.0,0.0,0.0,24.66,3.72
1990-02-04 19:00:00+00:00,0.0,0.0,0.0,24.47,3.45
1990-02-04 20:00:00+00:00,0.0,0.0,0.0,24.24,3.24
1990-02-04 21:00:00+00:00,0.0,0.0,0.0,24.04,2.97
1990-02-04 22:00:00+00:00,0.0,0.0,0.0,23.85,2.69
1990-02-04 23:00:00+00:00,0.0,0.0,0.0,23.72,2.55
1990-02-05 00:00:00+00:00,0.0,0.0,0.0,23.64,2.41
1990-02-05 01:00:00+00:00,0.0,0.0,0.0,23.59,2.55
1990-02-05 02:00:00+00:00,268.85,786.58,90.6,24.04,2.62
1990-02-05 03:00:00+00:00,490.0,819.47,117.95,25.6,3.1
1990-02-05 04:00:00+00:00,620.05,669.06,186.65,27.26,4.34
1990-02-05 05:00:00+00:00,678.4,551.65,240.0,28.57,5.03
1990-02-05 06:00:00+00:00,549.5,278.94,302.7,29.57,4.62
1990-02-05 07:00:00+00:00,542.1,172.34,384.95,29.79,4.34
1990-02-05 08:00:00+00:00,516.7,275.76,275.65,30.03,4.34
1990-02-05 09:00:00+00:00,467.95,264.29,263.35,30.1,4.48
1990-02-05 10:00:00+00:00,280.95,187.41,165.0,30.09,4.69
1990-02-05 11:00:00+00:00,117.3,52.1,95.5,29.53,5.03
1990-02-05 12:00:00+00:00,21.95,17.12,18.75,28.81,4.76
1990-02-05 13:00:00+00:00,0.0,0.0,0.0,28.1,4.62
1990-02-05 14:00:00+00:00,0.0,0.0,0.0,27.63,4.76
1990-02-05 15:00:00+00:00,0.0,0.0,0.0,27.14,4.83
1990-02-05 16:00:00+00:00,0.0,0.0,0.0,26.59,4.62
1990-02-05 17:00:00+00:00,0.0,0.0,0.0,26.1,4.28
1990-02-05 18:00:00+00:00,0.0,0.0,0.0,25.72,4.14
1990-02-05 19:00:00+00:00,0.0,0.0,0.0,25.45,3.86
1990-02-05 20:00:00+00:00,0.0,0.0,0.0,25.2,3.66
1990-02-05 21:00:00+00:00,0.0,0.0,0.0,24.98,3.52
1990-02-05 22:00:00+00:00,0.0,0.0,0.0,24.81,3.45
1990-02-05 23:00:00+00:00,0.0,0.0,0.0,24.7,3.45
1990-02-06 00:00:00+00:00,0.0,0.0,0.0,24.56,3.38
1990-02-06 01:00:00+00:00,0.0,0.0,0.0,24.44,3.31
1990-02-06 02:00:00+00:00,288.75,957.54,71.05,24.83,3.24
1990-02-06 03:00:00+00:00,517.05,917.85,99.3,26.24,4.07
1990-02-06 04:00:00+00:00,718.1,933.59,111.95,27.83,4.69
1990-02-06 05:00:00+00:00,845.75,876.83,147.35,29.29,4.55
1990-02-06 06:00:00+00:00,681.0,486.23,249.8,30.59,4.21
1990-02-06 07:00:00+00:00,626.9,364.14,294.05,31.26,3.72
1990-02-06 08:00:00+00:00,485.25,208.13,302.85,31.61,3.59
1990-02-06 09:00:00+00:00,408.1,218.85,238.2,31.46,3.86
1990-02-06 10:00:00+00:00,362.35,257.92,202.25,31.07,4.0
1990-02-06 11:00:00+00:00,170.15,146.36,108.65,30.82,3.93
1990-02-06 12:00:00+00:00,23.8,9.02,22.1,30.07,3.17
1990-02-06 13:00:00+00:00,0.0,0.0,0.0,29.13,2.9
1990-02-06 14:00:00+00:00,0.0,0.0,0.0,28.37,3.03
1990-02-06 15:00:00+00:00,0.0,0.0,0.0,27.85,3.52
1990-02-06 16:00:00+00:00,0.0,0.0,0.0,27.25,3.93
1990-02-06 17:00:00+00:00,0.0,0.0,0.0,26.6,4.0
1990-02-06 18:00:00+00:00,0.0,0.0,0.0,26.11,3.79
1990-02-06 19:00:00+00:00,0.0,0.0,0.0,25.99,3.59
1990-02-06 20:00:00+00:00,0.0,0.0,0.0,25.76,3.45
1990-02-06 21:00:00+00:00,0.0,0.0,0.0,25.56,3.24
1990-02-06 22:00:00+00:00,0.0,0.0,0.0,25.45,3.1
1990-02-06 23:00:00+00:00,0.0,0.0,0.0,25.35,3.03
1990-02-07 00:00:00+00:00,0.0,0.0,0.0,25.28,3.03
1990-02-07 01:00:00+00:00,0.0,0.0,0.0,25.13,2.9
1990-02-07 02:00:00+00:00,224.8,566.72,95.5,25.38,2.69
1990-02-07 03:00:00+00:00,493.25,804.15,126.3,26.44,3.17
1990-02-07 04:00:00+00:00,672.35,834.36,129.35,28.09,3.59
1990-02-07 05:00:00+00:00,764.15,780.69,140.9,29.38,3.52
1990-02-07 06:00:00+00:00,638.7,421.99,263.6,30.44,3.45
1990-02-07 07:00:00+00:00,703.05,516.77,229.55,30.6,4.0
1990-02-07 08:00:00+00:00,596.1,431.59,216.9,31.4,4.07
1990-02-07 09:00:00+00:00,431.25,249.97,236.65,31.28,4.34
1990-02-07 10:00:00+00:00,341.0,288.73,161.2,30.5,5.03
1990-02-07 11:00:00+00:00,157.6,175.5,83.55,29.75,5.17
1990-02-07 12:00:00+00:00,33.85,94.83,15.85,28.89,4.9
1990-02-07 13:00:00+00:00,0.0,0.0,0.0,28.22,4.41
1990-02-07 14:00:00+00:00,0.0,0.0,0.0,27.88,4.28
1990-02-07 15:00:00+00:00,0.0,0.0,0.0,27.72,4.55
1990-02-07 16:00:00+00:00,0.0,0.0,0.0,27.19,4.69
1990-02-07 17:00:00+00:00,0.0,0.0,0.0,26.66,4.62
1990-02-07 18:00:00+00:00,0.0,0.0,0.0,26.13,4.41
1990-02-07 19:00:00+00:00,0.0,0.0,0.0,26.01,4.07
1990-02-07 20:00:00+00:00,0.0,0.0,0.0,25.68,3.79
1990-02-07 21:00:00+00:00,0.0,0.0,0.0,25.42,3.59
1990-02-07 22:00:00+00:00,0.0,0.0,0.0,25.23,3.38
1990-02-07 23:00:00+00:00,0.0,0.0,0.0,24.99,3.17
1990-02-08 00:00:00+00:00,0.0,0.0,0.0,24.82,3.03
1990-02-08 01:00:00+00:00,0.0,0.0,0.0,24.69,3.03
1990-02-08 02:00:00+00:00,266.9,711.53,103.95,25.01,3.1
1990-02-08 03:00:00+00:00,510.3,840.67,125.65,26.38,4.0
1990-02-08 04:00:00+00:00,710.25,886.38,132.0,28.02,4.55
1990-02-08 05:00:00+00:00,838.0,852.98,155.45,29.57,4.69
1990-02-08 06:00:00+00:00,803.15,639.82,233.1,30.92,4.62
1990-02-08 07:00:00+00:00,792.2,612.82,229.35,31.83,4.34
1990-02-08 08:00:00+00:00,682.95,498.51,243.85,32.53,4.14
1990-02-08 09:00:00+00:00,547.25,413.13,224.75,32.7,4.0
1990-02-08 10:00:00+00:00,308.55,258.68,146.95,32.34,4.07
1990-02-08 11:00:00+00:00,178.85,198.74,94.65,31.36,4.21
1990-02-08 12:00:00+00:00,27.65,24.06,23.05,30.4,4.07
1990-02-08 13:00:00+00:00,0.0,0.0,0.0,29.5,3.66
1990-02-08 14:00:00+00:00,0.0,0.0,0.0,28.97,3.59
1990-02-08 15:00:00+00:00,0.0,0.0,0.0,28.48,3.79
1990-02-08 16:00:00+00:00,0.0,0.0,0.0,27.82,3.93
1990-02-08 17:00:00+00:00,0.0,0.0,0.0,27.1,4.0
1990-02-08 18:00:00+00:00,0.0,0.0,0.0,26.53,3.86
1990-02-08 19:00:00+00:00,0.0,0.0,0.0,26.23,3.86
1990-02-08 20:00:00+00:00,0.0,0.0,0.0,25.87,3.72
1990-02-08 21:00:00+00:00,0.0,0.0,0.0,25.64,3.66
1990-02-08 22:00:00+00:00,0.0,0.0,0.0,25.45,3.45
1990-02-08 23:00:00+00:00,0.0,0.0,0.0,25.25,3.17
1990-02-09 00:00:00+00:00,0.0,0.0,0.0,25.09,2.97
1990-02-09 01:00:00+00:00,0.0,0.0,0.0,24.92,2.83
1990-02-09 02:00:00+00:00,272.2,841.11,78.8,25.3,2.97
1990-02-09 03:00:00+00:00,468.25,743.08,127.3,26.65,3.52
1990-02-09 04:00:00+00:00,679.95,791.53,162.3,28.2,3.66
1990-02-09 05:00:00+00:00,743.05,712.96,171.2,29.89,3.38
1990-02-09 06:00:00+00:00,662.9,552.83,169.2,31.04,2.97
1990-02-09 07:00:00+00:00,691.75,564.06,172.45,31.24,2.83
1990-02-09 08:00:00+00:00,660.9,562.89,163.85,31.72,3.31
1990-02-09 09:00:00+00:00,541.55,542.64,116.8,31.3,4.21
1990-02-09 10:00:00+00:00,334.6,369.67,102.95,30.69,4.83
1990-02-09 11:00:00+00:00,169.45,209.83,80.2,29.74,5.17
1990-02-09 12:00:00+00:00,24.75,50.37,15.05,28.9,4.76
1990-02-09 13:00:00+00:00,0.0,0.0,0.0,28.3,3.66
1990-02-09 14:00:00+00:00,0.0,0.0,0.0,27.79,3.86
1990-02-09 15:00:00+00:00,0.0,0.0,0.0,27.42,3.59
1990-02-09 16:00:00+00:00,0.0,0.0,0.0,27.03,3.17
1990-02-09 17:00:00+00:00,0.0,0.0,0.0,26.62,2.76
1990-02-09 18:00:00+00:00,0.0,0.0,0.0,26.21,2.76
1990-02-09 19:00:00+00:00,0.0,0.0,0.0,26.13,2.69
1990-02-09 20:00:00+00:00,0.0,0.0,0.0,25.91,2.28
1990-02-09 21:00:00+00:00,0.0,0.0,0.0,25.66,2.07
1990-02-09 22:00:00+00:00,0.0,0.0,0.0,25.44,2.07
1990-02-09 23:00:00+00:00,0.0,0.0,0.0,25.25,2.28
1990-02-10 00:00:00+00:00,0.0,0.0,0.0,25.09,2.41
1990-02-10 01:00:00+00:00,0.0,0.0,0.0,24.97,2.62
1990-02-10 02:00:00+00:00,268.35,731.88,99.35,25.31,2.83
1990-02-10 03:00:00+00:00,445.4,573.59,181.45,26.58,3.45
1990-02-10 04:00:00+00:00,561.0,548.7,201.25,28.03,3.72
1990-02-10 05:00:00+00:00,734.85,571.33,275.5,29.16,3.86
1990-02-10 06:00:00+00:00,775.55,584.72,252.15,30.33,4.0
1990-02-10 07:00:00+00:00,704.55,499.87,243.25,30.99,3.93
1990-02-10 08:00:00+00:00,685.05,526.82,218.7,31.17,4.0
1990-02-10 09:00:00+00:00,598.75,586.04,138.8,31.23,4.21
1990-02-10 10:00:00+00:00,411.3,467.5,117.45,30.91,4.48
1990-02-10 11:00:00+00:00,193.9,271.55,77.95,30.18,4.83
1990-02-10 12:00:00+00:00,36.1,68.85,22.75,29.2,4.41
1990-02-10 13:00:00+00:00,0.0,0.0,0.0,28.51,3.38
1990-02-10 14:00:00+00:00,0.0,0.0,0.0,28.21,3.1
1990-02-10 15:00:00+00:00,0.0,0.0,0.0,27.82,3.38
1990-02-10 16:00:00+00:00,0.0,0.0,0.0,27.32,3.72
1990-02-10 17:00:00+00:00,0.0,0.0,0.0,26.63,3.79
1990-02-10 18:00:00+00:00,0.0,0.0,0.0,25.98,3.86
1990-02-10 19:00:00+00:00,0.0,0.0,0.0,25.53,3.38
1990-02-10 20:00:00+00:00,0.0,0.0,0.0,25.12,3.31
1990-02-10 21:00:00+00:00,0.0,0.0,0.0,24.86,3.17
1990-02-10 22:00:00+00:00,0.0,0.0,0.0,24.58,3.1
1990-02-10 23:00:00+00:00,0.0,0.0,0.0,24.41,3.17
1990-02-11 00:00:00+00:00,0.0,0.0,0.0,24.38,3.45
1990-02-11 01:00:00+00:00,0.0,0.0,0.0,24.47,3.66
1990-02-11 02:00:00+00:00,235.8,573.62,102.75,24.71,3.72
1990-02-11 03:00:00+00:00,445.95,621.81,158.95,25.7,3.66
1990-02-11 04:00:00+00:00,670.8,779.52,158.4,27.04,3.24
1990-02-11 05:00:00+00:00,830.4,798.64,186.75,28.49,2.97
1990-02-11 06:00:00+00:00,923.2,855.24,155.85,29.84,2.97
1990-02-11 07:00:00+00:00,857.25,694.42,214.9,30.93,3.45
1990-02-11 08:00:00+00:00,834.75,771.25,150.35,31.39,3.66
1990-02-11 09:00:00+00:00,676.95,677.02,144.2,31.57,3.66
1990-02-11 10:00:00+00:00,491.65,622.37,99.3,31.34,3.66
1990-02-11 11:00:00+00:00,248.3,408.43,73.25,30.72,3.72
1990-02-11 12:00:00+00:00,43.1,110.67,21.5,29.56,3.79
1990-02-11 13:00:00+00:00,0.0,0.0,0.0,28.3,3.31
1990-02-11 14:00:00+00:00,0.0,0.0,0.0,27.53,3.1
1990-02-11 15:00:00+00:00,0.0,0.0,0.0,27.15,2.76
1990-02-11 16:00:00+00:00,0.0,0.0,0.0,26.88,2.69
1990-02-11 17:00:00+00:00,0.0,0.0,0.0,26.56,3.03
1990-02-11 18:00:00+00:00,0.0,0.0,0.0,26.02,3.52
1990-02-11 19:00:00+00:00,0.0,0.0,0.0,25.61,3.52
1990-02-11 20:00:00+00:00,0.0,0.0,0.0,25.08,3.52
1990-02-11 21:00:00+00:00,0.0,0.0,0.0,24.64,3.31
1990-02-11 22:00:00+00:00,0.0,0.0,0.0,24.32,3.24
1990-02-11 23:00:00+00:00,0.0,0.0,0.0,24.04,3.1
1990-02-12 00:00:00+00:00,0.0,0.0,0.0,23.83,3.17
1990-02-12 01:00:00+00:00,0.0,0.0,0.0,23.64,3.24
1990-02-12 02:00:00+00:00,306.7,988.65,76.3,24.06,0.0
1990-02-12 03:00:00+00:00,535.65,906.39,116.0,25.67,0.0
1990-02-12 04:00:00+00:00,750.1,958.79,118.2,27.51,3.59
1990-02-12 05:00:00+00:00,887.1,902.53,157.95,29.2,3.03
1990-02-12 06:00:00+00:00,925.4,794.85,210.55,30.65,2.62
1990-02-12 07:00:00+00:00,919.75,746.44,227.65,31.65,3.17
1990-02-12 08:00:00+00:00,864.05,806.99,146.2,32.1,3.86
1990-02-12 09:00:00+00:00,712.0,751.14,119.4,32.05,4.41
1990-02-12 10:00:00+00:00,501.75,647.38,92.45,31.45,4.69
1990-02-12 11:00:00+00:00,256.95,439.15,68.05,30.51,4.76
1990-02-12 12:00:00+00:00,45.4,132.63,19.35,29.29,4.62
1990-02-12 13:00:00+00:00,0.0,0.0,0.0,28.07,4.0
1990-02-12 14:00:00+00:00,0.0,0.0,0.0,27.45,3.66
1990-02-12 15:00:00+00:00,0.0,0.0,0.0,27.26,3.45
1990-02-12 16:00:00+00:00,0.0,0.0,0.0,26.93,3.66
1990-02-12 17:00:00+00:00,0.0,0.0,0.0,26.18,3.79
1990-02-12 18:00:00+00:00,0.0,0.0,0.0,25.32,3.72
1990-02-12 19:00:00+00:00,0.0,0.0,0.0,24.72,3.45
1990-02-12 20:00:00+00:00,0.0,0.0,0.0,24.2,3.31
1990-02-12 21:00:00+00:00,0.0,0.0,0.0,23.78,3.31
1990-02-12 22:00:00+00:00,0.0,0.0,0.0,23.48,3.24
1990-02-12 23:00:00+00:00,0.0,0.0,0.0,23.28,3.17
1990-02-13 00:00:00+00:00,0.0,0.0,0.0,23.13,3.03
1990-02-13 01:00:00+00:00,0.0,0.0,0.0,23.1,3.1
1990-02-13 02:00:00+00:00,292.3,871.92,88.1,23.62,3.24
1990-02-13 03:00:00+00:00,492.05,791.44,124.45,25.27,3.66
1990-02-13 04:00:00+00:00,707.7,826.47,161.55,27.0,3.79
1990-02-13 05:00:00+00:00,893.5,952.37,122.2,28.65,3.38
1990-02-13 06:00:00+00:00,926.55,867.63,144.4,29.95,3.03
1990-02-13 07:00:00+00:00,956.15,884.9,133.75,30.57,2.34
1990-02-13 08:00:00+00:00,827.7,749.83,159.1,31.32,2.83
1990-02-13 09:00:00+00:00,702.3,740.39,116.7,31.48,3.38
1990-02-13 10:00:00+00:00,484.15,595.87,106.35,31.32,3.79
1990-02-13 11:00:00+00:00,255.55,432.75,68.75,30.59,4.21
1990-02-13 12:00:00+00:00,44.15,124.5,19.55,29.52,4.21
1990-02-13 13:00:00+00:00,0.0,0.0,0.0,28.37,3.52
1990-02-13 14:00:00+00:00,0.0,0.0,0.0,27.68,3.17
1990-02-13 15:00:00+00:00,0.0,0.0,0.0,27.36,3.1
1990-02-13 16:00:00+00:00,0.0,0.0,0.0,26.99,3.66
1990-02-13 17:00:00+00:00,0.0,0.0,0.0,26.3,4.0
1990-02-13 18:00:00+00:00,0.0,0.0,0.0,25.52,3.86
1990-02-13 19:00:00+00:00,0.0,0.0,0.0,25.35,3.93
1990-02-13 20:00:00+00:00,0.0,0.0,0.0,24.93,3.93
1990-02-13 21:00:00+00:00,0.0,0.0,0.0,24.56,3.72
1990-02-13 22:00:00+00:00,0.0,0.0,0.0,24.23,3.38
1990-02-13 23:00:00+00:00,0.0,0.0,0.0,23.95,3.1
1990-02-14 00:00:00+00:00,0.0,0.0,0.0,23.75,3.03
1990-02-14 01:00:00+00:00,0.0,0.0,0.0,23.59,3.03
1990-02-14 02:00:00+00:00,309.3,998.92,74.15,24.06,3.1
1990-02-14 03:00:00+00:00,548.7,964.28,99.35,25.79,3.52
1990-02-14 04:00:00+00:00,758.7,978.31,110.45,27.53,3.79
1990-02-14 05:00:00+00:00,873.3,875.25,162.7,29.03,3.38
1990-02-14 06:00:00+00:00,892.3,818.95,152.3,30.25,3.38
1990-02-14 07:00:00+00:00,884.25,781.45,156.3,30.75,3.24
1990-02-14 08:00:00+00:00,853.65,774.02,161.85,31.37,3.52
1990-02-14 09:00:00+00:00,690.6,704.88,131.7,31.75,3.72
1990-02-14 10:00:00+00:00,491.5,614.76,100.65,31.61,3.93
1990-02-14 11:00:00+00:00,254.7,423.9,71.1,30.96,4.48
1990-02-14 12:00:00+00:00,45.8,131.33,19.7,29.72,4.76
1990-02-14 13:00:00+00:00,0.0,0.0,0.0,28.58,4.21
1990-02-14 14:00:00+00:00,0.0,0.0,0.0,27.99,3.66
1990-02-14 15:00:00+00:00,0.0,0.0,0.0,27.76,4.0
1990-02-14 16:00:00+00:00,0.0,0.0,0.0,27.29,4.62
1990-02-14 17:00:00+00:00,0.0,0.0,0.0,26.58,4.41
1990-02-14 18:00:00+00:00,0.0,0.0,0.0,26.04,3.86
1990-02-14 19:00:00+00:00,0.0,0.0,0.0,25.78,3.52
1990-02-14 20:00:00+00:00,0.0,0.0,0.0,25.46,3.1
1990-02-14 21:00:00+00:00,0.0,0.0,0.0,25.21,2.83
1990-02-14 22:00:00+00:00,0.0,0.0,0.0,25.01,2.76
1990-02-14 23:00:00+00:00,0.0,0.0,0.0,24.84,2.69
1990-02-15 00:00:00+00:00,0.0,0.0,0.0,24.73,2.69
1990-02-15 01:00:00+00:00,0.0,0.0,0.0,24.67,2.62
1990-02-15 02:00:00+00:00,241.95,679.86,81.05,25.23,2.69
1990-02-15 03:00:00+00:00,465.95,734.76,122.4,26.5,3.1
1990-02-15 04:00:00+00:00,595.9,640.0,170.65,28.13,3.86
1990-02-15 05:00:00+00:00,483.35,299.98,239.2,29.27,3.86
1990-02-15 06:00:00+00:00,680.4,470.45,254.3,29.84,3.79
1990-02-15 07:00:00+00:00,900.95,799.09,154.85,29.6,3.66
1990-02-15 08:00:00+00:00,752.1,658.03,162.6,31.2,3.93
1990-02-15 09:00:00+00:00,431.0,328.56,169.85,29.14,4.76
1990-02-15 10:00:00+00:00,277.2,217.26,138.7,28.25,5.31
1990-02-15 11:00:00+00:00,129.65,107.7,82.85,27.51,5.1
1990-02-15 12:00:00+00:00,28.1,54.8,17.15,26.42,3.79
1990-02-15 13:00:00+00:00,0.0,0.0,0.0,26.0,3.59
1990-02-15 14:00:00+00:00,0.0,0.0,0.0,26.05,3.86
1990-02-15 15:00:00+00:00,0.0,0.0,0.0,26.02,4.28
1990-02-15 16:00:00+00:00,0.0,0.0,0.0,25.85,4.21
1990-02-15 17:00:00+00:00,0.0,0.0,0.0,25.6,3.86
1990-02-15 18:00:00+00:00,0.0,0.0,0.0,25.44,3.66
1990-02-15 19:00:00+00:00,0.0,0.0,0.0,25.3,3.52
1990-02-15 20:00:00+00:00,0.0,0.0,0.0,25.09,3.52
1990-02-15 21:00:00+00:00,0.0,0.0,0.0,24.91,3.52
1990-02-15 22:00:00+00:00,0.0,0.0,0.0,24.75,3.66
1990-02-15 23:00:00+00:00,0.0,0.0,0.0,24.65,3.52
1990-02-16 00:00:00+00:00,0.0,0.0,0.0,24.57,3.24
1990-02-16 01:00:00+00:00,0.0,0.0,0.0,24.51,3.1
1990-02-16 02:00:00+00:00,285.45,836.19,86.45,24.95,3.1
1990-02-16 03:00:00+00:00,425.2,585.06,150.7,26.26,4.41
1990-02-16 04:00:00+00:00,619.05,638.52,193.6,27.59,5.1
1990-02-16 05:00:00+00:00,764.9,689.76,202.1,29.13,5.03
1990-02-16 06:00:00+00:00,892.3,790.98,174.2,30.41,4.69
1990-02-16 07:00:00+00:00,762.2,586.65,213.2,31.46,4.76
1990-02-16 08:00:00+00:00,671.2,544.71,182.1,31.89,4.62
1990-02-16 09:00:00+00:00,589.35,544.23,155.75,32.05,4.76
1990-02-16 10:00:00+00:00,319.75,292.74,132.65,31.93,5.03
1990-02-16 11:00:00+00:00,213.1,289.4,86.95,31.19,5.1
1990-02-16 12:00:00+00:00,27.95,57.5,16.4,30.42,5.1
1990-02-16 13:00:00+00:00,0.0,0.0,0.0,29.37,4.97
1990-02-16 14:00:00+00:00,0.0,0.0,0.0,28.46,5.17
1990-02-16 15:00:00+00:00,0.0,0.0,0.0,27.65,5.38
1990-02-16 16:00:00+00:00,0.0,0.0,0.0,26.93,5.24
1990-02-16 17:00:00+00:00,0.0,0.0,0.0,26.48,5.24
1990-02-16 18:00:00+00:00,0.0,0.0,0.0,26.05,4.76
1990-02-16 19:00:00+00:00,0.0,0.0,0.0,26.01,4.83
1990-02-16 20:00:00+00:00,0.0,0.0,0.0,25.94,4.34
1990-02-16 21:00:00+00:00,0.0,0.0,0.0,25.9,3.93
1990-02-16 22:00:00+00:00,0.0,0.0,0.0,25.92,3.86
1990-02-16 23:00:00+00:00,0.0,0.0,0.0,25.9,3.79
1990-02-17 00:00:00+00:00,0.0,0.0,0.0,25.84,3.72
1990-02-17 01:00:00+00:00,0.0,0.0,0.0,25.86,3.66
1990-02-17 02:00:00+00:00,219.45,525.99,93.55,26.16,3.59
1990-02-17 03:00:00+00:00,350.75,421.16,152.45,27.09,5.1
1990-02-17 04:00:00+00:00,497.5,513.1,154.65,28.05,5.93
1990-02-17 05:00:00+00:00,697.25,568.29,232.4,28.93,6.0
1990-02-17 06:00:00+00:00,641.15,526.27,162.25,29.65,5.59
1990-02-17 07:00:00+00:00,596.7,405.67,216.2,30.09,4.9
1990-02-17 08:00:00+00:00,608.55,419.75,230.8,29.64,4.9
1990-02-17 09:00:00+00:00,268.65,186.02,120.1,27.66,5.59
1990-02-17 10:00:00+00:00,211.35,103.71,144.9,27.51,4.9
1990-02-17 11:00:00+00:00,108.05,51.12,85.7,26.31,4.97
1990-02-17 12:00:00+00:00,21.4,13.38,18.7,26.17,4.28
1990-02-17 13:00:00+00:00,0.0,0.0,0.0,26.08,4.69
1990-02-17 14:00:00+00:00,0.0,0.0,0.0,25.8,4.83
1990-02-17 15:00:00+00:00,0.0,0.0,0.0,25.67,4.76
1990-02-17 16:00:00+00:00,0.0,0.0,0.0,25.61,4.55
1990-02-17 17:00:00+00:00,0.0,0.0,0.0,25.54,4.62
1990-02-17 18:00:00+00:00,0.0,0.0,0.0,25.52,4.69
1990-02-17 19:00:00+00:00,0.0,0.0,0.0,25.74,4.62
1990-02-17 20:00:00+00:00,0.0,0.0,0.0,25.59,4.69
1990-02-17 21:00:00+00:00,0.0,0.0,0.0,25.49,4.69
1990-02-17 22:00:00+00:00,0.0,0.0,0.0,25.38,4.21
1990-02-17 23:00:00+00:00,0.0,0.0,0.0,25.35,4.0
1990-02-18 00:00:00+00:00,0.0,0.0,0.0,25.42,3.86
1990-02-18 01:00:00+00:00,0.0,0.0,0.0,25.42,3.72
1990-02-18 02:00:00+00:00,216.75,466.82,104.35,25.74,3.66
1990-02-18 03:00:00+00:00,332.1,406.74,139.9,26.62,5.31
1990-02-18 04:00:00+00:00,565.45,585.95,172.8,27.48,5.86
1990-02-18 05:00:00+00:00,562.6,470.71,176.6,28.69,5.93
1990-02-18 06:00:00+00:00,592.15,467.16,166.05,29.47,5.59
1990-02-18 07:00:00+00:00,732.4,613.96,155.25,29.39,5.86
1990-02-18 08:00:00+00:00,708.9,620.88,148.9,29.69,5.66
1990-02-18 09:00:00+00:00,597.4,578.03,134.75,29.89,5.66
1990-02-18 10:00:00+00:00,363.6,387.11,114.95,29.56,5.79
1990-02-18 11:00:00+00:00,180.35,269.21,62.3,29.24,5.24
1990-02-18 12:00:00+00:00,27.1,56.7,15.6,28.28,5.1
1990-02-18 13:00:00+00:00,0.0,0.0,0.0,27.67,4.48
1990-02-18 14:00:00+00:00,0.0,0.0,0.0,27.31,4.62
1990-02-18 15:00:00+00:00,0.0,0.0,0.0,26.96,4.76
1990-02-18 16:00:00+00:00,0.0,0.0,0.0,26.59,4.69
1990-02-18 17:00:00+00:00,0.0,0.0,0.0,26.25,4.28
1990-02-18 18:00:00+00:00,0.0,0.0,0.0,26.05,4.14
1990-02-18 19:00:00+00:00,0.0,0.0,0.0,25.86,3.72
1990-02-18 20:00:00+00:00,0.0,0.0,0.0,25.65,3.59
1990-02-18 21:00:00+00:00,0.0,0.0,0.0,25.48,3.52
1990-02-18 22:00:00+00:00,0.0,0.0,0.0,25.36,3.52
1990-02-18 23:00:00+00:00,0.0,0.0,0.0,25.26,3.52
1990-02-19 00:00:00+00:00,0.0,0.0,0.0,25.23,3.66
1990-02-19 01:00:00+00:00,0.0,0.0,0.0,25.1,3.66
1990-02-19 02:00:00+00:00,227.5,454.69,117.35,25.51,3.52
1990-02-19 03:00:00+00:00,355.6,438.14,147.8,26.65,4.76
1990-02-19 04:00:00+00:00,551.85,544.38,186.0,27.89,5.03
1990-02-19 05:00:00+00:00,744.1,678.67,186.15,28.92,4.76
1990-02-19 06:00:00+00:00,725.1,529.35,241.15,29.71,4.28
1990-02-19 07:00:00+00:00,595.0,389.33,228.2,30.61,3.93
1990-02-19 08:00:00+00:00,673.65,542.64,183.15,30.24,3.52
1990-02-19 09:00:00+00:00,381.95,253.62,178.5,30.34,4.07
1990-02-19 10:00:00+00:00,375.9,399.4,118.75,29.82,3.72
1990-02-19 11:00:00+00:00,160.75,217.64,65.05,29.24,4.48
1990-02-19 12:00:00+00:00,35.6,91.55,16.95,28.26,3.93
1990-02-19 13:00:00+00:00,0.0,0.0,0.0,27.91,3.17
1990-02-19 14:00:00+00:00,0.0,0.0,0.0,27.29,3.59
1990-02-19 15:00:00+00:00,0.0,0.0,0.0,26.93,3.86
1990-02-19 16:00:00+00:00,0.0,0.0,0.0,26.69,3.86
1990-02-19 17:00:00+00:00,0.0,0.0,0.0,26.42,3.72
1990-02-19 18:00:00+00:00,0.0,0.0,0.0,26.1,3.31
1990-02-19 19:00:00+00:00,0.0,0.0,0.0,25.9,3.45
1990-02-19 20:00:00+00:00,0.0,0.0,0.0,25.63,3.17
1990-02-19 21:00:00+00:00,0.0,0.0,0.0,25.45,2.97
1990-02-19 22:00:00+00:00,0.0,0.0,0.0,25.31,2.9
1990-02-19 23:00:00+00:00,0.0,0.0,0.0,25.11,2.83
1990-02-20 00:00:00+00:00,0.0,0.0,0.0,25.09,2.83
1990-02-20 01:00:00+00:00,0.0,0.0,0.0,24.92,2.69
1990-02-20 02:00:00+00:00,287.95,831.49,85.25,25.29,2.62
1990-02-20 03:00:00+00:00,404.05,627.04,105.55,26.57,3.66
1990-02-20 04:00:00+00:00,674.9,804.58,132.6,27.74,3.79
1990-02-20 05:00:00+00:00,769.45,744.54,155.8,29.08,3.79
1990-02-20 06:00:00+00:00,886.0,750.69,198.1,30.01,3.38
1990-02-20 07:00:00+00:00,807.8,681.05,164.75,30.68,3.52
1990-02-20 08:00:00+00:00,681.4,574.1,161.35,31.13,3.24
1990-02-20 09:00:00+00:00,600.25,558.15,151.55,30.98,3.66
1990-02-20 10:00:00+00:00,326.9,352.23,99.6,30.43,4.07
1990-02-20 11:00:00+00:00,170.9,228.85,70.0,29.63,3.24
1990-02-20 12:00:00+00:00,42.4,109.74,19.95,29.37,2.9
1990-02-20 13:00:00+00:00,0.0,0.0,0.0,28.72,2.76
1990-02-20 14:00:00+00:00,0.0,0.0,0.0,28.03,3.17
1990-02-20 15:00:00+00:00,0.0,0.0,0.0,27.48,3.59
1990-02-20 16:00:00+00:00,0.0,0.0,0.0,26.95,3.66
1990-02-20 17:00:00+00:00,0.0,0.0,0.0,26.54,3.38
1990-02-20 18:00:00+00:00,0.0,0.0,0.0,26.17,2.76
1990-02-20 19:00:00+00:00,0.0,0.0,0.0,25.95,1.93
1990-02-20 20:00:00+00:00,0.0,0.0,0.0,25.61,1.93
1990-02-20 21:00:00+00:00,0.0,0.0,0.0,25.31,1.93
1990-02-20 22:00:00+00:00,0.0,0.0,0.0,25.04,2.07
1990-02-20 23:00:00+00:00,0.0,0.0,0.0,24.81,2.21
1990-02-21 00:00:00+00:00,0.0,0.0,0.0,24.77,2.14
1990-02-21 01:00:00+00:00,0.0,0.0,0.0,24.76,2.07
1990-02-21 02:00:00+00:00,243.9,525.57,114.95,25.18,2.41
1990-02-21 03:00:00+00:00,429.2,556.44,163.3,26.13,3.45
1990-02-21 04:00:00+00:00,663.5,667.08,212.55,27.37,3.72
1990-02-21 05:00:00+00:00,822.8,779.81,178.45,28.83,3.66
1990-02-21 06:00:00+00:00,924.35,798.35,191.1,30.06,3.59
1990-02-21 07:00:00+00:00,921.7,813.11,152.3,31.03,3.31
1990-02-21 08:00:00+00:00,853.7,767.78,156.75,31.87,3.24
1990-02-21 09:00:00+00:00,716.65,736.23,123.55,32.37,3.1
1990-02-21 10:00:00+00:00,508.85,642.06,93.6,32.53,2.9
1990-02-21 11:00:00+00:00,263.75,438.9,69.75,32.25,2.62
1990-02-21 12:00:00+00:00,48.45,135.61,20.6,31.46,2.07
1990-02-21 13:00:00+00:00,0.0,0.0,0.0,30.03,2.07
1990-02-21 14:00:00+00:00,0.0,0.0,0.0,28.74,2.41
1990-02-21 15:00:00+00:00,0.0,0.0,0.0,27.98,2.62
1990-02-21 16:00:00+00:00,0.0,0.0,0.0,27.48,2.62
1990-02-21 17:00:00+00:00,0.0,0.0,0.0,27.03,2.9
1990-02-21 18:00:00+00:00,0.0,0.0,0.0,26.45,3.45
1990-02-21 19:00:00+00:00,0.0,0.0,0.0,26.06,3.45
1990-02-21 20:00:00+00:00,0.0,0.0,0.0,25.53,3.59
1990-02-21 21:00:00+00:00,0.0,0.0,0.0,25.15,3.38
1990-02-21 22:00:00+00:00,0.0,0.0,0.0,24.9,3.17
1990-02-21 23:00:00+00:00,0.0,0.0,0.0,24.71,3.03
1990-02-22 00:00:00+00:00,0.0,0.0,0.0,24.55,3.1
1990-02-22 01:00:00+00:00,0.0,0.0,0.0,24.46,3.31
1990-02-22 02:00:00+00:00,309.65,896.45,88.25,25.0,3.59
1990-02-22 03:00:00+00:00,561.7,948.29,106.8,26.59,4.41
1990-02-22 04:00:00+00:00,786.25,994.52,111.95,28.31,4.55
1990-02-22 05:00:00+00:00,929.25,946.79,144.95,30.0,4.21
1990-02-22 06:00:00+00:00,1000.85,951.22,125.2,31.44,3.72
1990-02-22 07:00:00+00:00,998.9,923.63,123.05,32.57,3.31
1990-02-22 08:00:00+00:00,886.65,825.68,135.6,33.19,3.38
1990-02-22 09:00:00+00:00,735.1,772.26,111.7,33.28,3.59
1990-02-22 10:00:00+00:00,500.95,618.87,99.85,33.07,0.0
1990-02-22 11:00:00+00:00,266.85,443.25,70.45,32.48,0.0
1990-02-22 12:00:00+00:00,49.65,139.72,20.85,31.55,3.17
1990-02-22 13:00:00+00:00,0.0,0.0,0.0,30.29,3.17
1990-02-22 14:00:00+00:00,0.0,0.0,0.0,29.32,4.0
1990-02-22 15:00:00+00:00,0.0,0.0,0.0,28.26,4.83
1990-02-22 16:00:00+00:00,0.0,0.0,0.0,27.06,5.03
1990-02-22 17:00:00+00:00,0.0,0.0,0.0,26.02,4.9
1990-02-22 18:00:00+00:00,0.0,0.0,0.0,25.23,4.76
1990-02-22 19:00:00+00:00,0.0,0.0,0.0,24.69,4.21
1990-02-22 20:00:00+00:00,0.0,0.0,0.0,24.19,3.79
1990-02-22 21:00:00+00:00,0.0,0.0,0.0,23.77,3.45
1990-02-22 22:00:00+00:00,0.0,0.0,0.0,23.42,3.24
1990-02-22 23:00:00+00:00,0.0,0.0,0.0,23.19,3.1
1990-02-23 00:00:00+00:00,0.0,0.0,0.0,23.0,3.1
1990-02-23 01:00:00+00:00,0.0,0.0,0.0,22.88,3.1
1990-02-23 02:00:00+00:00,339.75,1055.74,77.25,23.46,3.31
1990-02-23 03:00:00+00:00,589.2,1016.12,99.85,25.2,3.52
1990-02-23 04:00:00+00:00,811.2,1029.72,110.95,27.18,3.52
1990-02-23 05:00:00+00:00,958.7,1011.83,118.4,28.79,2.97
1990-02-23 06:00:00+00:00,1014.95,963.64,125.85,30.1,2.14
1990-02-23 07:00:00+00:00,1003.65,923.17,126.4,30.37,0.69
1990-02-23 08:00:00+00:00,913.45,875.53,115.45,31.09,1.1
1990-02-23 09:00:00+00:00,751.2,793.61,109.3,31.53,1.52
1990-02-23 10:00:00+00:00,531.2,676.58,91.8,31.6,1.72
1990-02-23 11:00:00+00:00,276.3,467.79,68.55,31.33,1.93
1990-02-23 12:00:00+00:00,51.15,145.28,21.1,30.53,2.34
1990-02-23 13:00:00+00:00,0.0,0.0,0.0,28.96,2.41
1990-02-23 14:00:00+00:00,0.0,0.0,0.0,27.84,2.55
1990-02-23 15:00:00+00:00,0.0,0.0,0.0,27.24,2.62
1990-02-23 16:00:00+00:00,0.0,0.0,0.0,26.88,2.48
1990-02-23 17:00:00+00:00,0.0,0.0,0.0,26.5,2.69
1990-02-23 18:00:00+00:00,0.0,0.0,0.0,26.02,3.24
1990-02-23 19:00:00+00:00,0.0,0.0,0.0,25.7,3.38
1990-02-23 20:00:00+00:00,0.0,0.0,0.0,25.22,3.38
1990-02-23 21:00:00+00:00,0.0,0.0,0.0,24.86,3.1
1990-02-23 22:00:00+00:00,0.0,0.0,0.0,24.55,2.9
1990-02-23 23:00:00+00:00,0.0,0.0,0.0,24.34,2.83
1990-02-24 00:00:00+00:00,0.0,0.0,0.0,24.19,2.9
1990-02-24 01:00:00+00:00,0.0,0.0,0.0,24.07,3.03
1990-02-24 02:00:00+00:00,324.35,984.81,77.8,24.67,2.97
1990-02-24 03:00:00+00:00,554.2,942.71,98.4,26.5,3.1
1990-02-24 04:00:00+00:00,775.05,970.85,112.85,28.42,3.03
1990-02-24 05:00:00+00:00,931.75,979.37,116.35,30.11,2.28
1990-02-24 06:00:00+00:00,1004.55,956.56,120.0,31.34,1.1
1990-02-24 07:00:00+00:00,997.0,923.04,118.05,32.01,0.62
1990-02-24 08:00:00+00:00,827.0,723.91,165.9,32.56,1.79
1990-02-24 09:00:00+00:00,550.85,422.14,208.75,32.55,2.76
1990-02-24 10:00:00+00:00,402.1,374.05,158.7,31.5,4.14
1990-02-24 11:00:00+00:00,197.0,253.66,84.1,30.27,4.55
1990-02-24 12:00:00+00:00,42.0,94.46,22.4,29.25,4.07
1990-02-24 13:00:00+00:00,0.0,0.0,0.0,28.38,2.97
1990-02-24 14:00:00+00:00,0.0,0.0,0.0,27.94,2.55
1990-02-24 15:00:00+00:00,0.0,0.0,0.0,27.84,2.62
1990-02-24 16:00:00+00:00,0.0,0.0,0.0,27.67,2.76
1990-02-24 17:00:00+00:00,0.0,0.0,0.0,27.34,3.24
1990-02-24 18:00:00+00:00,0.0,0.0,0.0,26.81,3.66
1990-02-24 19:00:00+00:00,0.0,0.0,0.0,26.79,3.59
1990-02-24 20:00:00+00:00,0.0,0.0,0.0,26.48,3.45
1990-02-24 21:00:00+00:00,0.0,0.0,0.0,26.21,3.31
1990-02-24 22:00:00+00:00,0.0,0.0,0.0,25.97,3.31
1990-02-24 23:00:00+00:00,0.0,0.0,0.0,25.76,3.31
1990-02-25 00:00:00+00:00,0.0,0.0,0.0,25.58,3.31
1990-02-25 01:00:00+00:00,32.85,0.0,32.85,25.42,3.24
1990-02-25 02:00:00+00:00,270.3,713.78,90.35,25.89,3.24
1990-02-25 03:00:00+00:00,467.05,638.29,157.2,27.31,4.34
1990-02-25 04:00:00+00:00,595.4,447.64,289.15,29.0,4.14
1990-02-25 05:00:00+00:00,812.0,783.9,157.7,30.38,3.79
1990-02-25 06:00:00+00:00,738.55,622.75,161.4,31.58,3.38
1990-02-25 07:00:00+00:00,636.8,436.4,220.4,31.87,3.24
1990-02-25 08:00:00+00:00,664.7,546.62,164.55,31.84,3.03
1990-02-25 09:00:00+00:00,571.1,505.23,160.9,32.12,3.1
1990-02-25 10:00:00+00:00,382.0,443.52,92.85,31.53,3.24
1990-02-25 11:00:00+00:00,223.95,347.76,68.85,30.66,2.83
1990-02-25 12:00:00+00:00,33.8,76.4,17.9,30.23,2.0
1990-02-25 13:00:00+00:00,0.0,0.0,0.0,28.56,2.28
1990-02-25 14:00:00+00:00,0.0,0.0,0.0,27.98,3.03
1990-02-25 15:00:00+00:00,0.0,0.0,0.0,27.7,3.17
1990-02-25 16:00:00+00:00,0.0,0.0,0.0,27.5,3.66
1990-02-25 17:00:00+00:00,0.0,0.0,0.0,27.19,4.07
1990-02-25 18:00:00+00:00,0.0,0.0,0.0,26.78,4.14
1990-02-25 19:00:00+00:00,0.0,0.0,0.0,26.79,3.52
1990-02-25 20:00:00+00:00,0.0,0.0,0.0,26.3,3.52
1990-02-25 21:00:00+00:00,0.0,0.0,0.0,25.96,3.59
1990-02-25 22:00:00+00:00,0.0,0.0,0.0,25.68,3.86
1990-02-25 23:00:00+00:00,0.0,0.0,0.0,25.57,4.21
1990-02-26 00:00:00+00:00,0.0,0.0,0.0,25.4,4.41
1990-02-26 01:00:00+00:00,42.05,0.0,42.05,25.29,4.62
1990-02-26 02:00:00+00:00,316.85,898.57,88.7,25.67,4.55
1990-02-26 03:00:00+00:00,555.05,879.44,126.4,27.14,6.07
1990-02-26 04:00:00+00:00,756.7,838.66,181.2,28.64,6.07
1990-02-26 05:00:00+00:00,900.2,883.93,160.55,30.18,5.86
1990-02-26 06:00:00+00:00,963.45,815.66,205.85,31.47,5.45
1990-02-26 07:00:00+00:00,953.65,830.95,159.2,32.2,5.03
1990-02-26 08:00:00+00:00,813.45,690.74,180.25,33.03,4.97
1990-02-26 09:00:00+00:00,658.95,584.92,183.2,33.46,4.76
1990-02-26 10:00:00+00:00,501.8,620.03,96.85,33.47,4.69
1990-02-26 11:00:00+00:00,256.85,412.88,72.35,33.1,4.55
1990-02-26 12:00:00+00:00,46.5,128.19,19.75,32.24,4.28
1990-02-26 13:00:00+00:00,0.0,0.0,0.0,30.94,4.14
1990-02-26 14:00:00+00:00,0.0,0.0,0.0,29.8,4.48
1990-02-26 15:00:00+00:00,0.0,0.0,0.0,28.84,4.83
1990-02-26 16:00:00+00:00,0.0,0.0,0.0,27.96,4.83
1990-02-26 17:00:00+00:00,0.0,0.0,0.0,27.26,4.62
1990-02-26 18:00:00+00:00,0.0,0.0,0.0,26.77,4.41
1990-02-26 19:00:00+00:00,0.0,0.0,0.0,26.6,4.21
1990-02-26 20:00:00+00:00,0.0,0.0,0.0,26.35,4.07
1990-02-26 21:00:00+00:00,0.0,0.0,0.0,26.12,3.93
1990-02-26 22:00:00+00:00,0.0,0.0,0.0,25.89,3.86
1990-02-26 23:00:00+00:00,0.0,0.0,0.0,25.85,3.79
1990-02-27 00:00:00+00:00,0.0,0.0,0.0,25.81,3.79
1990-02-27 01:00:00+00:00,34.3,0.0,34.3,25.83,3.66
1990-02-27 02:00:00+00:00,255.4,514.58,123.8,26.14,3.52
1990-02-27 03:00:00+00:00,454.9,666.42,128.75,27.35,4.55
1990-02-27 04:00:00+00:00,653.0,710.08,164.25,28.86,5.03
1990-02-27 05:00:00+00:00,832.8,834.16,133.05,30.26,5.1
1990-02-27 06:00:00+00:00,714.4,575.93,178.3,31.59,4.97
1990-02-27 07:00:00+00:00,843.05,674.98,196.45,31.93,4.55
1990-02-27 08:00:00+00:00,656.25,515.59,182.75,32.88,4.21
1990-02-27 09:00:00+00:00,647.75,636.38,129.25,32.9,4.21
1990-02-27 10:00:00+00:00,380.95,399.56,119.55,32.64,4.41
1990-02-27 11:00:00+00:00,233.4,363.43,70.7,31.88,4.28
1990-02-27 12:00:00+00:00,45.25,110.19,22.2,31.57,4.41
1990-02-27 13:00:00+00:00,0.0,0.0,0.0,30.69,4.41
1990-02-27 14:00:00+00:00,0.0,0.0,0.0,29.71,4.9
1990-02-27 15:00:00+00:00,0.0,0.0,0.0,28.82,4.76
1990-02-27 16:00:00+00:00,0.0,0.0,0.0,28.0,4.55
1990-02-27 17:00:00+00:00,0.0,0.0,0.0,27.33,4.21
1990-02-27 18:00:00+00:00,0.0,0.0,0.0,26.81,3.86
1990-02-27 19:00:00+00:00,0.0,0.0,0.0,26.38,4.0
1990-02-27 20:00:00+00:00,0.0,0.0,0.0,26.1,3.93
1990-02-27 21:00:00+00:00,0.0,0.0,0.0,25.98,3.86
1990-02-27 22:00:00+00:00,0.0,0.0,0.0,25.86,3.66
1990-02-27 23:00:00+00:00,0.0,0.0,0.0,25.91,3.45
1990-02-28 00:00:00+00:00,0.0,0.0,0.0,25.84,3.45
1990-02-28 01:00:00+00:00,38.2,0.0,38.2,25.92,3.66
1990-02-28 02:00:00+00:00,245.2,515.69,112.35,26.33,4.41
1990-02-28 03:00:00+00:00,410.2,596.42,117.1,27.44,5.38
1990-02-28 04:00:00+00:00,591.1,605.09,173.35,28.58,5.72
1990-02-28 05:00:00+00:00,770.85,730.0,156.95,29.91,5.66
1990-02-28 06:00:00+00:00,838.3,676.53,207.2,31.17,5.59
1990-02-28 07:00:00+00:00,775.4,567.46,230.75,31.67,5.1
1990-02-28 08:00:00+00:00,680.2,551.09,173.2,32.11,4.76
1990-02-28 09:00:00+00:00,637.45,621.71,130.05,32.05,4.83
1990-02-28 10:00:00+00:00,315.55,301.93,117.7,30.8,5.31
1990-02-28 11:00:00+00:00,165.95,230.13,62.75,30.77,4.97
1990-02-28 12:00:00+00:00,36.15,100.16,15.15,29.76,4.83
1990-02-28 13:00:00+00:00,0.0,0.0,0.0,29.04,4.83
1990-02-28 14:00:00+00:00,0.0,0.0,0.0,28.33,4.48
1990-02-28 15:00:00+00:00,0.0,0.0,0.0,27.78,4.07
1990-02-28 16:00:00+00:00,0.0,0.0,0.0,26.02,4.08
1990-02-28 17:00:00+00:00,0.0,0.0,0.0,26.03,3.91
1990-02-28 18:00:00+00:00,0.0,0.0,0.0,26.04,3.74
1990-02-28 19:00:00+00:00,0.0,0.0,0.0,26.05,3.57
1990-02-28 20:00:00+00:00,0.0,0.0,0.0,26.06,3.4
1990-02-28 21:00:00+00:00,0.0,0.0,0.0,26.07,3.23
1990-02-28 22:00:00+00:00,0.0,0.0,0.0,26.08,3.07
1990-02-28 23:00:00+00:00,0.0,0.0,0.0,26.09,2.9
1990-03-01 00:00:00+00:00,0.0,0.0,0.0,26.1,2.73
1990-03-01 01:00:00+00:00,47.4,0.0,47.4,26.11,2.56
1990-03-01 02:00:00+00:00,256.3,471.36,133.05,26.12,2.39
1990-03-01 03:00:00+00:00,472.8,589.05,180.9,26.13,2.23
1990-03-01 04:00:00+00:00,662.1,577.16,261.2,26.14,2.06
1990-03-01 05:00:00+00:00,867.15,746.36,236.4,26.15,1.89
1990-03-01 06:00:00+00:00,950.4,762.98,235.65,26.16,1.72
1990-03-01 07:00:00+00:00,976.1,835.44,171.25,26.17,1.55
1990-03-01 08:00:00+00:00,863.05,759.55,161.9,30.12,1.17
1990-03-01 09:00:00+00:00,664.15,572.8,195.2,30.35,2.0
1990-03-01 10:00:00+00:00,473.25,510.75,137.55,29.77,3.17
1990-03-01 11:00:00+00:00,246.65,346.48,90.8,28.8,3.93
1990-03-01 12:00:00+00:00,45.45,93.6,25.75,27.77,4.0
1990-03-01 13:00:00+00:00,0.0,0.0,0.0,26.97,3.45
1990-03-01 14:00:00+00:00,0.0,0.0,0.0,26.68,3.03
1990-03-01 15:00:00+00:00,0.0,0.0,0.0,26.64,2.48
1990-03-01 16:00:00+00:00,0.0,0.0,0.0,26.45,2.48
1990-03-01 17:00:00+00:00,0.0,0.0,0.0,26.11,2.83
1990-03-01 18:00:00+00:00,0.0,0.0,0.0,25.64,3.03
1990-03-01 19:00:00+00:00,0.0,0.0,0.0,25.38,2.21
1990-03-01 20:00:00+00:00,0.0,0.0,0.0,24.96,2.14
1990-03-01 21:00:00+00:00,0.0,0.0,0.0,24.71,2.0
1990-03-01 22:00:00+00:00,0.0,0.0,0.0,24.52,1.93
1990-03-01 23:00:00+00:00,0.0,0.0,0.0,24.39,1.79
1990-03-02 00:00:00+00:00,0.0,0.0,0.0,24.3,1.66
1990-03-02 01:00:00+00:00,35.25,0.0,35.25,24.25,1.59
1990-03-02 02:00:00+00:00,281.85,702.38,96.8,24.8,1.1
1990-03-02 03:00:00+00:00,531.25,823.2,121.6,25.94,0.83
1990-03-02 04:00:00+00:00,629.45,654.71,173.3,27.16,0.83
1990-03-02 05:00:00+00:00,842.55,777.36,184.0,28.13,1.31
1990-03-02 06:00:00+00:00,858.1,722.0,180.35,29.13,1.72
1990-03-02 07:00:00+00:00,927.4,788.18,166.7,30.06,2.0
1990-03-02 08:00:00+00:00,694.95,552.34,184.25,30.4,2.48
1990-03-02 09:00:00+00:00,467.5,318.15,206.65,30.12,2.9
1990-03-02 10:00:00+00:00,277.1,190.3,151.85,28.02,3.03
1990-03-02 11:00:00+00:00,121.95,86.03,83.2,27.46,2.28
1990-03-02 12:00:00+00:00,36.25,56.69,24.3,27.25,1.52
1990-03-02 13:00:00+00:00,0.0,0.0,0.0,27.02,0.55
1990-03-02 14:00:00+00:00,0.0,0.0,0.0,26.51,0.41
1990-03-02 15:00:00+00:00,0.0,0.0,0.0,26.13,1.31
1990-03-02 16:00:00+00:00,0.0,0.0,0.0,25.8,1.79
1990-03-02 17:00:00+00:00,0.0,0.0,0.0,25.65,1.93
1990-03-02 18:00:00+00:00,0.0,0.0,0.0,25.28,2.0
1990-03-02 19:00:00+00:00,0.0,0.0,0.0,25.51,2.28
1990-03-02 20:00:00+00:00,0.0,0.0,0.0,25.23,2.34
1990-03-02 21:00:00+00:00,0.0,0.0,0.0,24.97,2.28
1990-03-02 22:00:00+00:00,0.0,0.0,0.0,24.75,2.34
1990-03-02 23:00:00+00:00,0.0,0.0,0.0,24.54,2.34
1990-03-03 00:00:00+00:00,0.0,0.0,0.0,24.43,2.34
1990-03-03 01:00:00+00:00,36.55,0.0,36.55,24.32,2.41
1990-03-03 02:00:00+00:00,321.05,910.45,79.35,24.79,2.41
1990-03-03 03:00:00+00:00,563.65,912.69,107.55,25.89,2.41
1990-03-03 04:00:00+00:00,674.05,728.5,164.95,27.32,2.83
1990-03-03 05:00:00+00:00,774.25,702.47,177.7,28.38,2.97
1990-03-03 06:00:00+00:00,810.9,708.57,144.4,29.17,3.1
1990-03-03 07:00:00+00:00,818.95,662.01,178.9,29.68,3.17
1990-03-03 08:00:00+00:00,735.9,573.94,204.4,29.9,3.79
1990-03-03 09:00:00+00:00,632.0,599.95,139.4,29.72,4.34
1990-03-03 10:00:00+00:00,402.0,437.77,113.5,29.33,4.9
1990-03-03 11:00:00+00:00,195.65,276.96,70.75,28.58,4.21
1990-03-03 12:00:00+00:00,30.0,63.48,16.6,28.23,2.62
1990-03-03 13:00:00+00:00,0.0,0.0,0.0,27.69,1.66
1990-03-03 14:00:00+00:00,0.0,0.0,0.0,27.28,1.93
1990-03-03 15:00:00+00:00,0.0,0.0,0.0,26.84,2.34
1990-03-03 16:00:00+00:00,0.0,0.0,0.0,26.42,2.83
1990-03-03 17:00:00+00:00,0.0,0.0,0.0,26.04,3.17
1990-03-03 18:00:00+00:00,0.0,0.0,0.0,25.58,3.24
1990-03-03 19:00:00+00:00,0.0,0.0,0.0,24.96,3.59
1990-03-03 20:00:00+00:00,0.0,0.0,0.0,24.65,3.45
1990-03-03 21:00:00+00:00,0.0,0.0,0.0,24.31,3.31
1990-03-03 22:00:00+00:00,0.0,0.0,0.0,24.08,3.1
1990-03-03 23:00:00+00:00,0.0,0.0,0.0,23.91,2.69
1990-03-04 00:00:00+00:00,0.0,0.0,0.0,23.88,2.28
1990-03-04 01:00:00+00:00,38.35,0.0,38.35,23.86,2.0
1990-03-04 02:00:00+00:00,249.7,540.34,105.15,24.14,2.21
1990-03-04 03:00:00+00:00,498.15,708.68,142.5,25.23,2.76
1990-03-04 04:00:00+00:00,679.35,698.69,189.6,26.47,2.48
1990-03-04 05:00:00+00:00,853.2,803.05,169.6,27.69,1.93
1990-03-04 06:00:00+00:00,867.1,724.51,184.25,28.65,1.86
1990-03-04 07:00:00+00:00,845.1,708.73,158.7,29.22,1.86
1990-03-04 08:00:00+00:00,719.0,633.89,131.1,29.56,2.55
1990-03-04 09:00:00+00:00,594.8,543.93,147.6,29.2,3.45
1990-03-04 10:00:00+00:00,306.75,290.38,115.15,28.59,4.0
1990-03-04 11:00:00+00:00,152.1,168.0,76.25,28.14,4.14
1990-03-04 12:00:00+00:00,33.35,65.3,19.55,27.69,3.66
1990-03-04 13:00:00+00:00,0.0,0.0,0.0,27.19,3.31
1990-03-04 14:00:00+00:00,0.0,0.0,0.0,26.71,2.9
1990-03-04 15:00:00+00:00,0.0,0.0,0.0,26.43,2.62
1990-03-04 16:00:00+00:00,0.0,0.0,0.0,26.22,2.69
1990-03-04 17:00:00+00:00,0.0,0.0,0.0,25.95,2.9
1990-03-04 18:00:00+00:00,0.0,0.0,0.0,25.71,2.97
1990-03-04 19:00:00+00:00,0.0,0.0,0.0,25.54,2.83
1990-03-04 20:00:00+00:00,0.0,0.0,0.0,25.35,2.69
1990-03-04 21:00:00+00:00,0.0,0.0,0.0,25.14,2.62
1990-03-04 22:00:00+00:00,0.0,0.0,0.0,24.96,2.76
1990-03-04 23:00:00+00:00,0.0,0.0,0.0,24.77,2.9
1990-03-05 00:00:00+00:00,0.0,0.0,0.0,24.65,2.76
1990-03-05 01:00:00+00:00,34.05,0.0,34.05,24.55,2.55
1990-03-05 02:00:00+00:00,285.1,730.18,88.25,24.87,2.55
1990-03-05 03:00:00+00:00,493.0,664.21,158.25,25.91,3.17
1990-03-05 04:00:00+00:00,691.45,743.24,168.9,27.14,3.17
1990-03-05 05:00:00+00:00,767.35,672.65,193.4,28.18,2.97
1990-03-05 06:00:00+00:00,805.35,641.5,199.55,29.02,2.83
1990-03-05 07:00:00+00:00,690.4,500.1,205.25,29.33,2.62
1990-03-05 08:00:00+00:00,461.45,251.4,227.95,29.49,3.45
1990-03-05 09:00:00+00:00,409.45,253.15,201.05,26.81,4.76
1990-03-05 10:00:00+00:00,345.45,215.8,202.9,26.89,3.59
1990-03-05 11:00:00+00:00,143.2,50.56,120.35,27.42,3.03
1990-03-05 12:00:00+00:00,21.05,5.91,19.8,27.5,2.69
1990-03-05 13:00:00+00:00,0.0,0.0,0.0,26.78,3.03
1990-03-05 14:00:00+00:00,0.0,0.0,0.0,26.3,2.97
1990-03-05 15:00:00+00:00,0.0,0.0,0.0,26.05,2.9
1990-03-05 16:00:00+00:00,0.0,0.0,0.0,25.72,3.03
1990-03-05 17:00:00+00:00,0.0,0.0,0.0,25.32,3.17
1990-03-05 18:00:00+00:00,0.0,0.0,0.0,24.98,3.1
1990-03-05 19:00:00+00:00,0.0,0.0,0.0,25.16,3.03
1990-03-05 20:00:00+00:00,0.0,0.0,0.0,24.97,3.03
1990-03-05 21:00:00+00:00,0.0,0.0,0.0,24.76,2.97
1990-03-05 22:00:00+00:00,0.0,0.0,0.0,24.59,2.97
1990-03-05 23:00:00+00:00,0.0,0.0,0.0,24.45,2.76
1990-03-06 00:00:00+00:00,0.0,0.0,0.0,24.32,2.76
1990-03-06 01:00:00+00:00,44.1,0.0,44.1,24.22,2.76
1990-03-06 02:00:00+00:00,296.9,654.43,119.1,24.61,3.03
1990-03-06 03:00:00+00:00,414.85,439.71,192.3,25.7,3.45
1990-03-06 04:00:00+00:00,513.6,331.33,279.95,26.97,3.1
1990-03-06 05:00:00+00:00,617.95,370.29,301.25,27.83,2.62
1990-03-06 06:00:00+00:00,530.2,294.4,251.65,28.55,1.93
1990-03-06 07:00:00+00:00,642.8,376.15,277.3,28.94,2.62
1990-03-06 08:00:00+00:00,505.6,174.66,343.15,26.58,4.41
1990-03-06 09:00:00+00:00,433.15,192.49,274.5,26.7,3.59
1990-03-06 10:00:00+00:00,242.5,41.36,215.15,27.33,3.1
1990-03-06 11:00:00+00:00,87.55,14.37,81.05,26.7,3.52
1990-03-06 12:00:00+00:00,24.4,18.66,20.45,25.19,3.59
1990-03-06 13:00:00+00:00,0.0,0.0,0.0,24.91,3.59
1990-03-06 14:00:00+00:00,0.0,0.0,0.0,24.97,3.79
1990-03-06 15:00:00+00:00,0.0,0.0,0.0,24.92,4.07
1990-03-06 16:00:00+00:00,0.0,0.0,0.0,24.78,4.0
1990-03-06 17:00:00+00:00,0.0,0.0,0.0,24.54,3.86
1990-03-06 18:00:00+00:00,0.0,0.0,0.0,24.33,3.72
1990-03-06 19:00:00+00:00,0.0,0.0,0.0,24.26,3.1
1990-03-06 20:00:00+00:00,0.0,0.0,0.0,24.13,3.17
1990-03-06 21:00:00+00:00,0.0,0.0,0.0,23.99,3.24
1990-03-06 22:00:00+00:00,0.0,0.0,0.0,23.92,3.31
1990-03-06 23:00:00+00:00,0.0,0.0,0.0,23.95,3.17
1990-03-07 00:00:00+00:00,0.0,0.0,0.0,24.08,3.31
1990-03-07 01:00:00+00:00,45.6,0.0,45.6,24.13,3.1
1990-03-07 02:00:00+00:00,261.3,475.51,131.1,24.57,3.79
1990-03-07 03:00:00+00:00,439.8,458.4,206.8,25.49,4.9
1990-03-07 04:00:00+00:00,625.4,578.41,216.3,26.65,5.1
1990-03-07 05:00:00+00:00,727.6,664.86,157.65,27.88,5.03
1990-03-07 06:00:00+00:00,881.2,723.5,195.35,28.89,4.83
1990-03-07 07:00:00+00:00,780.15,608.74,187.7,29.76,4.55
1990-03-07 08:00:00+00:00,722.5,627.53,138.05,30.05,4.48
1990-03-07 09:00:00+00:00,469.9,418.71,124.4,29.52,4.55
1990-03-07 10:00:00+00:00,364.35,391.98,104.9,28.78,4.34
1990-03-07 11:00:00+00:00,249.7,394.52,71.1,28.94,4.07
1990-03-07 12:00:00+00:00,45.4,110.95,21.9,28.7,3.72
1990-03-07 13:00:00+00:00,0.0,0.0,0.0,27.85,3.17
1990-03-07 14:00:00+00:00,0.0,0.0,0.0,27.12,3.31
1990-03-07 15:00:00+00:00,0.0,0.0,0.0,26.46,3.86
1990-03-07 16:00:00+00:00,0.0,0.0,0.0,25.69,4.14
1990-03-07 17:00:00+00:00,0.0,0.0,0.0,25.03,4.07
1990-03-07 18:00:00+00:00,0.0,0.0,0.0,24.56,3.86
1990-03-07 19:00:00+00:00,0.0,0.0,0.0,24.09,3.59
1990-03-07 20:00:00+00:00,0.0,0.0,0.0,23.75,3.59
1990-03-07 21:00:00+00:00,0.0,0.0,0.0,23.48,3.52
1990-03-07 22:00:00+00:00,0.0,0.0,0.0,23.29,3.52
1990-03-07 23:00:00+00:00,0.0,0.0,0.0,23.15,3.52
1990-03-08 00:00:00+00:00,0.0,0.0,0.0,23.04,3.59
1990-03-08 01:00:00+00:00,39.2,0.0,39.2,22.96,3.79
1990-03-08 02:00:00+00:00,343.6,892.35,97.35,23.55,3.79
1990-03-08 03:00:00+00:00,558.2,838.87,130.0,24.88,4.41
1990-03-08 04:00:00+00:00,746.55,801.05,178.3,26.25,5.93
1990-03-08 05:00:00+00:00,903.05,825.35,193.9,27.27,5.17
1990-03-08 06:00:00+00:00,912.35,660.46,285.1,28.36,4.41
1990-03-08 07:00:00+00:00,1001.1,878.4,144.9,29.0,4.0
1990-03-08 08:00:00+00:00,913.0,845.64,124.4,29.82,4.07
1990-03-08 09:00:00+00:00,755.0,779.19,111.35,30.26,4.07
1990-03-08 10:00:00+00:00,517.2,632.84,97.95,30.36,3.93
1990-03-08 11:00:00+00:00,255.75,393.48,77.5,30.14,3.79
1990-03-08 12:00:00+00:00,50.35,139.69,20.75,29.24,3.52
1990-03-08 13:00:00+00:00,0.0,0.0,0.0,28.07,3.86
1990-03-08 14:00:00+00:00,0.0,0.0,0.0,27.14,4.48
1990-03-08 15:00:00+00:00,0.0,0.0,0.0,26.32,4.48
1990-03-08 16:00:00+00:00,0.0,0.0,0.0,25.74,4.34
1990-03-08 17:00:00+00:00,0.0,0.0,0.0,25.33,4.07
1990-03-08 18:00:00+00:00,0.0,0.0,0.0,25.07,3.72
1990-03-08 19:00:00+00:00,0.0,0.0,0.0,25.08,2.83
1990-03-08 20:00:00+00:00,0.0,0.0,0.0,24.89,2.76
1990-03-08 21:00:00+00:00,0.0,0.0,0.0,24.76,2.9
1990-03-08 22:00:00+00:00,0.0,0.0,0.0,24.67,2.9
1990-03-08 23:00:00+00:00,0.0,0.0,0.0,24.63,2.9
1990-03-09 00:00:00+00:00,0.0,0.0,0.0,24.65,2.9
1990-03-09 01:00:00+00:00,45.9,0.0,45.9,24.68,2.9
1990-03-09 02:00:00+00:00,211.4,359.56,111.4,25.08,3.03
1990-03-09 03:00:00+00:00,490.7,634.49,165.45,25.88,3.45
1990-03-09 04:00:00+00:00,546.6,430.79,240.1,27.22,4.69
1990-03-09 05:00:00+00:00,588.35,375.72,264.8,27.96,4.48
1990-03-09 06:00:00+00:00,564.55,318.57,261.45,28.51,4.0
1990-03-09 07:00:00+00:00,549.5,240.89,314.35,28.95,2.83
1990-03-09 08:00:00+00:00,365.45,91.14,280.35,27.61,3.45
1990-03-09 09:00:00+00:00,335.4,88.4,262.3,26.01,4.0
1990-03-09 10:00:00+00:00,169.05,28.28,150.3,26.27,3.59
1990-03-09 11:00:00+00:00,57.25,19.19,48.55,25.28,3.59
1990-03-09 12:00:00+00:00,15.2,0.0,15.2,24.82,3.1
1990-03-09 13:00:00+00:00,0.0,0.0,0.0,24.65,3.79
1990-03-09 14:00:00+00:00,0.0,0.0,0.0,24.51,3.72
1990-03-09 15:00:00+00:00,0.0,0.0,0.0,24.49,3.79
1990-03-09 16:00:00+00:00,0.0,0.0,0.0,24.36,3.66
1990-03-09 17:00:00+00:00,0.0,0.0,0.0,24.14,3.52
1990-03-09 18:00:00+00:00,0.0,0.0,0.0,23.96,3.17
1990-03-09 19:00:00+00:00,0.0,0.0,0.0,23.83,2.48
1990-03-09 20:00:00+00:00,0.0,0.0,0.0,23.8,2.62
1990-03-09 21:00:00+00:00,0.0,0.0,0.0,23.81,2.62
1990-03-09 22:00:00+00:00,0.0,0.0,0.0,23.84,2.76
1990-03-09 23:00:00+00:00,0.0,0.0,0.0,23.93,2.62
1990-03-10 00:00:00+00:00,0.0,0.0,0.0,23.83,2.76
1990-03-10 01:00:00+00:00,28.45,0.0,28.45,23.8,2.55
1990-03-10 02:00:00+00:00,112.4,39.24,101.4,23.92,2.62
1990-03-10 03:00:00+00:00,240.3,122.57,177.2,24.33,3.24
1990-03-10 04:00:00+00:00,451.75,191.86,314.85,25.18,3.72
1990-03-10 05:00:00+00:00,469.0,169.57,322.65,26.65,3.93
1990-03-10 06:00:00+00:00,691.8,344.76,363.2,27.57,3.52
1990-03-10 07:00:00+00:00,799.4,593.09,219.6,28.93,4.21
1990-03-10 08:00:00+00:00,705.6,506.9,231.75,29.47,3.93
1990-03-10 09:00:00+00:00,359.25,219.17,177.85,29.07,4.14
1990-03-10 10:00:00+00:00,130.8,32.63,109.15,26.93,4.76
1990-03-10 11:00:00+00:00,37.35,0.22,37.25,25.68,4.34
1990-03-10 12:00:00+00:00,9.3,0.0,9.3,25.07,4.0
1990-03-10 13:00:00+00:00,0.0,0.0,0.0,24.7,3.79
1990-03-10 14:00:00+00:00,0.0,0.0,0.0,24.38,4.07
1990-03-10 15:00:00+00:00,0.0,0.0,0.0,24.08,4.21
1990-03-10 16:00:00+00:00,0.0,0.0,0.0,23.87,4.14
1990-03-10 17:00:00+00:00,0.0,0.0,0.0,23.78,3.93
1990-03-10 18:00:00+00:00,0.0,0.0,0.0,23.77,3.31
1990-03-10 19:00:00+00:00,0.0,0.0,0.0,23.57,3.17
1990-03-10 20:00:00+00:00,0.0,0.0,0.0,23.49,2.97
1990-03-10 21:00:00+00:00,0.0,0.0,0.0,23.3,2.76
1990-03-10 22:00:00+00:00,0.0,0.0,0.0,23.25,2.83
1990-03-10 23:00:00+00:00,0.0,0.0,0.0,23.28,2.69
1990-03-11 00:00:00+00:00,0.0,0.0,0.0,23.26,2.69
1990-03-11 01:00:00+00:00,11.95,0.0,11.95,23.24,2.83
1990-03-11 02:00:00+00:00,62.1,2.83,61.3,23.29,3.03
1990-03-11 03:00:00+00:00,162.95,32.79,146.0,23.51,2.76
1990-03-11 04:00:00+00:00,288.1,82.58,229.0,23.93,2.97
1990-03-11 05:00:00+00:00,345.3,162.67,204.6,24.47,2.9
1990-03-11 06:00:00+00:00,391.9,135.22,262.8,24.96,2.62
1990-03-11 07:00:00+00:00,451.45,124.88,329.2,25.83,2.55
1990-03-11 08:00:00+00:00,251.85,79.82,177.15,26.8,2.21
1990-03-11 09:00:00+00:00,264.55,133.75,153.75,25.44,3.1
1990-03-11 10:00:00+00:00,168.2,81.03,114.4,25.47,3.79
1990-03-11 11:00:00+00:00,35.7,0.22,35.6,25.13,3.24
1990-03-11 12:00:00+00:00,9.8,0.24,9.75,24.71,2.83
1990-03-11 13:00:00+00:00,0.0,0.0,0.0,24.61,2.14
1990-03-11 14:00:00+00:00,0.0,0.0,0.0,24.39,1.79
1990-03-11 15:00:00+00:00,0.0,0.0,0.0,24.36,1.59
1990-03-11 16:00:00+00:00,0.0,0.0,0.0,24.39,2.21
1990-03-11 17:00:00+00:00,0.0,0.0,0.0,24.28,2.07
1990-03-11 18:00:00+00:00,0.0,0.0,0.0,24.21,2.28
1990-03-11 19:00:00+00:00,0.0,0.0,0.0,23.93,2.69
1990-03-11 20:00:00+00:00,0.0,0.0,0.0,23.8,2.34
1990-03-11 21:00:00+00:00,0.0,0.0,0.0,23.73,2.21
1990-03-11 22:00:00+00:00,0.0,0.0,0.0,23.61,2.07
1990-03-11 23:00:00+00:00,0.0,0.0,0.0,23.58,2.0
1990-03-12 00:00:00+00:00,0.0,0.0,0.0,23.57,2.21
1990-03-12 01:00:00+00:00,45.25,0.0,45.25,23.62,2.41
1990-03-12 02:00:00+00:00,176.5,247.79,105.95,24.05,2.34
1990-03-12 03:00:00+00:00,350.7,226.05,233.35,24.81,2.07
1990-03-12 04:00:00+00:00,566.4,477.16,223.95,25.89,2.14
1990-03-12 05:00:00+00:00,507.55,197.97,335.95,27.15,2.14
1990-03-12 06:00:00+00:00,679.5,384.11,312.15,27.86,1.66
1990-03-12 07:00:00+00:00,738.25,418.36,328.15,28.25,0.62
1990-03-12 08:00:00+00:00,578.2,322.68,275.9,28.89,0.97
1990-03-12 09:00:00+00:00,500.1,343.09,215.65,28.74,1.66
1990-03-12 10:00:00+00:00,128.2,16.56,117.2,28.16,1.93
1990-03-12 11:00:00+00:00,43.15,0.0,43.15,25.89,0.69
1990-03-12 12:00:00+00:00,4.05,0.0,4.05,25.32,1.03
1990-03-12 13:00:00+00:00,0.0,0.0,0.0,25.06,1.31
1990-03-12 14:00:00+00:00,0.0,0.0,0.0,24.92,1.59
1990-03-12 15:00:00+00:00,0.0,0.0,0.0,24.86,1.72
1990-03-12 16:00:00+00:00,0.0,0.0,0.0,24.87,1.79
1990-03-12 17:00:00+00:00,0.0,0.0,0.0,24.99,1.86
1990-03-12 18:00:00+00:00,0.0,0.0,0.0,24.84,1.79
1990-03-12 19:00:00+00:00,0.0,0.0,0.0,24.75,1.45
1990-03-12 20:00:00+00:00,0.0,0.0,0.0,24.63,1.45
1990-03-12 21:00:00+00:00,0.0,0.0,0.0,24.45,1.93
1990-03-12 22:00:00+00:00,0.0,0.0,0.0,24.38,2.21
1990-03-12 23:00:00+00:00,0.0,0.0,0.0,24.24,2.28
1990-03-13 00:00:00+00:00,0.0,0.0,0.0,24.23,1.79
1990-03-13 01:00:00+00:00,43.5,0.0,43.5,24.15,1.79
1990-03-13 02:00:00+00:00,204.1,261.9,128.95,24.47,1.52
1990-03-13 03:00:00+00:00,420.3,484.83,167.55,25.16,0.97
1990-03-13 04:00:00+00:00,552.0,408.98,257.65,26.33,0.55
1990-03-13 05:00:00+00:00,714.1,526.28,256.95,27.34,0.14
1990-03-13 06:00:00+00:00,700.35,457.54,262.05,28.08,0.83
1990-03-13 07:00:00+00:00,484.25,226.23,262.2,28.69,0.76
1990-03-13 08:00:00+00:00,584.2,459.64,153.15,28.58,1.66
1990-03-13 09:00:00+00:00,314.95,233.57,121.15,28.51,2.48
1990-03-13 10:00:00+00:00,183.65,49.5,150.75,26.92,1.79
1990-03-13 11:00:00+00:00,95.7,50.78,72.65,26.78,1.03
1990-03-13 12:00:00+00:00,22.85,29.05,16.7,26.7,0.62
1990-03-13 13:00:00+00:00,0.0,0.0,0.0,26.45,0.62
1990-03-13 14:00:00+00:00,0.0,0.0,0.0,25.85,1.31
1990-03-13 15:00:00+00:00,0.0,0.0,0.0,25.1,1.66
1990-03-13 16:00:00+00:00,0.0,0.0,0.0,24.99,1.79
1990-03-13 17:00:00+00:00,0.0,0.0,0.0,24.88,1.79
1990-03-13 18:00:00+00:00,0.0,0.0,0.0,24.84,1.52
1990-03-13 19:00:00+00:00,0.0,0.0,0.0,24.32,1.45
1990-03-13 20:00:00+00:00,0.0,0.0,0.0,24.27,1.45
1990-03-13 21:00:00+00:00,0.0,0.0,0.0,24.24,1.31
1990-03-13 22:00:00+00:00,0.0,0.0,0.0,24.23,1.31
1990-03-13 23:00:00+00:00,0.0,0.0,0.0,24.3,1.59
1990-03-14 00:00:00+00:00,0.0,0.0,0.0,24.17,1.38
1990-03-14 01:00:00+00:00,41.3,0.0,41.3,23.79,0.97
1990-03-14 02:00:00+00:00,292.25,697.13,90.65,25.12,0.69
1990-03-14 03:00:00+00:00,541.25,807.19,118.7,26.0,0.48
1990-03-14 04:00:00+00:00,693.9,736.34,162.45,27.02,0.21
1990-03-14 05:00:00+00:00,879.95,809.01,175.75,27.9,0.62
1990-03-14 06:00:00+00:00,669.45,414.18,272.05,28.74,0.9
1990-03-14 07:00:00+00:00,803.2,583.52,229.75,28.67,0.97
1990-03-14 08:00:00+00:00,641.8,488.98,182.8,29.14,2.07
1990-03-14 09:00:00+00:00,332.4,185.96,178.0,28.08,2.69
1990-03-14 10:00:00+00:00,175.35,54.29,139.25,26.92,2.76
1990-03-14 11:00:00+00:00,67.7,16.41,60.25,26.66,1.93
1990-03-14 12:00:00+00:00,23.0,24.58,17.8,26.03,1.52
1990-03-14 13:00:00+00:00,0.0,0.0,0.0,25.44,1.38
1990-03-14 14:00:00+00:00,0.0,0.0,0.0,25.28,1.38
1990-03-14 15:00:00+00:00,0.0,0.0,0.0,25.2,1.31
1990-03-14 16:00:00+00:00,0.0,0.0,0.0,25.16,1.38
1990-03-14 17:00:00+00:00,0.0,0.0,0.0,25.11,1.52
1990-03-14 18:00:00+00:00,0.0,0.0,0.0,24.96,1.52
1990-03-14 19:00:00+00:00,0.0,0.0,0.0,24.98,1.66
1990-03-14 20:00:00+00:00,0.0,0.0,0.0,24.98,2.14
1990-03-14 21:00:00+00:00,0.0,0.0,0.0,24.72,2.62
1990-03-14 22:00:00+00:00,0.0,0.0,0.0,24.54,2.55
1990-03-14 23:00:00+00:00,0.0,0.0,0.0,24.36,2.0
1990-03-15 00:00:00+00:00,0.0,0.0,0.0,24.35,1.86
1990-03-15 01:00:00+00:00,46.8,0.0,46.8,24.33,1.93
1990-03-15 02:00:00+00:00,270.55,446.25,140.5,24.62,2.14
1990-03-15 03:00:00+00:00,408.45,346.81,226.15,25.54,2.14
1990-03-15 04:00:00+00:00,621.55,540.66,230.25,26.53,2.41
1990-03-15 05:00:00+00:00,651.85,455.85,254.25,27.82,2.0
1990-03-15 06:00:00+00:00,552.6,165.15,393.9,28.54,1.1
1990-03-15 07:00:00+00:00,646.2,407.7,245.05,28.77,1.59
1990-03-15 08:00:00+00:00,506.85,241.45,280.0,28.83,2.55
1990-03-15 09:00:00+00:00,315.85,90.69,240.5,27.48,2.97
1990-03-15 10:00:00+00:00,159.9,26.83,142.05,27.3,2.76
1990-03-15 11:00:00+00:00,43.65,0.0,43.65,26.32,2.0
1990-03-15 12:00:00+00:00,5.0,0.0,5.0,25.28,1.79
1990-03-15 13:00:00+00:00,0.0,0.0,0.0,24.82,2.34
1990-03-15 14:00:00+00:00,0.0,0.0,0.0,24.47,2.34
1990-03-15 15:00:00+00:00,0.0,0.0,0.0,24.55,2.07
1990-03-15 16:00:00+00:00,0.0,0.0,0.0,24.51,2.14
1990-03-15 17:00:00+00:00,0.0,0.0,0.0,24.47,2.48
1990-03-15 18:00:00+00:00,0.0,0.0,0.0,24.37,2.83
1990-03-15 19:00:00+00:00,0.0,0.0,0.0,24.29,2.34
1990-03-15 20:00:00+00:00,0.0,0.0,0.0,24.13,2.34
1990-03-15 21:00:00+00:00,0.0,0.0,0.0,24.03,2.69
1990-03-15 22:00:00+00:00,0.0,0.0,0.0,23.99,2.62
1990-03-15 23:00:00+00:00,0.0,0.0,0.0,23.94,2.21
1990-03-16 00:00:00+00:00,0.0,0.0,0.0,23.93,1.86
1990-03-16 01:00:00+00:00,45.1,0.0,45.1,23.93,1.72
1990-03-16 02:00:00+00:00,142.1,31.5,132.85,24.2,1.66
1990-03-16 03:00:00+00:00,245.45,50.21,218.95,24.84,1.72
1990-03-16 04:00:00+00:00,188.05,11.78,179.5,25.63,1.79
1990-03-16 05:00:00+00:00,199.6,14.87,186.6,25.88,1.93
1990-03-16 06:00:00+00:00,330.0,24.83,306.1,26.16,2.34
1990-03-16 07:00:00+00:00,313.45,25.38,288.45,26.78,4.69
1990-03-16 08:00:00+00:00,214.35,2.29,212.2,26.7,4.55
1990-03-16 09:00:00+00:00,159.8,5.53,155.2,26.05,4.0
1990-03-16 10:00:00+00:00,73.25,3.01,71.25,25.8,3.79
1990-03-16 11:00:00+00:00,63.6,6.17,60.8,25.07,3.59
1990-03-16 12:00:00+00:00,11.1,0.0,11.1,24.95,3.72
1990-03-16 13:00:00+00:00,0.0,0.0,0.0,24.85,3.72
1990-03-16 14:00:00+00:00,0.0,0.0,0.0,24.76,3.52
1990-03-16 15:00:00+00:00,0.0,0.0,0.0,24.79,3.24
1990-03-16 16:00:00+00:00,0.0,0.0,0.0,24.89,3.1
1990-03-16 17:00:00+00:00,0.0,0.0,0.0,25.06,2.76
1990-03-16 18:00:00+00:00,0.0,0.0,0.0,25.03,2.41
1990-03-16 19:00:00+00:00,0.0,0.0,0.0,24.87,2.97
1990-03-16 20:00:00+00:00,0.0,0.0,0.0,24.82,2.9
1990-03-16 21:00:00+00:00,0.0,0.0,0.0,24.78,2.97
1990-03-16 22:00:00+00:00,0.0,0.0,0.0,24.73,2.97
1990-03-16 23:00:00+00:00,0.0,0.0,0.0,24.81,3.17
1990-03-17 00:00:00+00:00,0.0,0.0,0.0,24.82,2.97
1990-03-17 01:00:00+00:00,60.45,467.63,41.0,24.88,3.17
1990-03-17 02:00:00+00:00,251.6,302.43,162.1,25.19,3.17
1990-03-17 03:00:00+00:00,478.55,605.06,157.9,26.02,3.52
1990-03-17 04:00:00+00:00,477.15,373.17,205.6,26.89,3.31
1990-03-17 05:00:00+00:00,728.65,527.43,266.8,27.33,3.03
1990-03-17 06:00:00+00:00,781.5,453.56,344.35,28.44,3.03
1990-03-17 07:00:00+00:00,624.05,248.6,378.9,28.83,3.59
1990-03-17 08:00:00+00:00,421.35,120.82,307.65,28.58,3.72
1990-03-17 09:00:00+00:00,147.6,24.65,127.1,26.47,4.41
1990-03-17 10:00:00+00:00,115.85,2.55,114.15,25.97,3.38
1990-03-17 11:00:00+00:00,90.6,9.81,86.15,25.61,3.52
1990-03-17 12:00:00+00:00,13.85,0.0,13.85,25.35,3.79
1990-03-17 13:00:00+00:00,0.0,0.0,0.0,25.0,3.52
1990-03-17 14:00:00+00:00,0.0,0.0,0.0,24.77,3.72
1990-03-17 15:00:00+00:00,0.0,0.0,0.0,24.66,3.79
1990-03-17 16:00:00+00:00,0.0,0.0,0.0,24.61,3.79
1990-03-17 17:00:00+00:00,0.0,0.0,0.0,24.53,3.66
1990-03-17 18:00:00+00:00,0.0,0.0,0.0,24.47,3.59
1990-03-17 19:00:00+00:00,0.0,0.0,0.0,24.25,3.86
1990-03-17 20:00:00+00:00,0.0,0.0,0.0,24.13,3.79
1990-03-17 21:00:00+00:00,0.0,0.0,0.0,24.1,3.72
1990-03-17 22:00:00+00:00,0.0,0.0,0.0,24.02,3.59
1990-03-17 23:00:00+00:00,0.0,0.0,0.0,24.0,3.31
1990-03-18 00:00:00+00:00,0.0,0.0,0.0,24.02,3.1
1990-03-18 01:00:00+00:00,58.8,290.53,46.05,24.05,2.9
1990-03-18 02:00:00+00:00,177.95,142.19,135.55,24.38,3.24
1990-03-18 03:00:00+00:00,335.55,207.86,224.95,25.08,3.31
1990-03-18 04:00:00+00:00,549.75,330.24,308.8,26.21,3.1
1990-03-18 05:00:00+00:00,536.85,276.69,294.1,27.4,2.48
1990-03-18 06:00:00+00:00,836.45,605.28,252.25,27.98,1.45
1990-03-18 07:00:00+00:00,879.1,701.27,186.85,29.42,1.79
1990-03-18 08:00:00+00:00,541.35,338.26,222.8,29.49,1.86
1990-03-18 09:00:00+00:00,400.7,160.02,267.55,27.44,2.69
1990-03-18 10:00:00+00:00,145.75,23.44,130.15,26.84,1.86
1990-03-18 11:00:00+00:00,67.5,13.11,61.55,26.24,1.59
1990-03-18 12:00:00+00:00,6.15,0.0,6.15,25.78,0.69
1990-03-18 13:00:00+00:00,0.0,0.0,0.0,25.24,0.62
1990-03-18 14:00:00+00:00,0.0,0.0,0.0,25.19,0.9
1990-03-18 15:00:00+00:00,0.0,0.0,0.0,25.08,1.38
1990-03-18 16:00:00+00:00,0.0,0.0,0.0,24.92,1.66
1990-03-18 17:00:00+00:00,0.0,0.0,0.0,24.76,1.79
1990-03-18 18:00:00+00:00,0.0,0.0,0.0,24.64,1.66
1990-03-18 19:00:00+00:00,0.0,0.0,0.0,24.32,1.59
1990-03-18 20:00:00+00:00,0.0,0.0,0.0,24.19,1.79
1990-03-18 21:00:00+00:00,0.0,0.0,0.0,24.06,1.79
1990-03-18 22:00:00+00:00,0.0,0.0,0.0,23.98,1.93
1990-03-18 23:00:00+00:00,0.0,0.0,0.0,23.91,2.07
1990-03-19 00:00:00+00:00,0.0,0.0,0.0,23.81,2.14
1990-03-19 01:00:00+00:00,74.45,529.32,50.0,23.76,2.21
1990-03-19 02:00:00+00:00,233.8,286.74,147.65,24.14,2.34
1990-03-19 03:00:00+00:00,378.4,361.29,185.4,25.03,2.48
1990-03-19 04:00:00+00:00,563.35,427.87,250.35,26.03,2.48
1990-03-19 05:00:00+00:00,713.05,480.33,290.85,27.33,2.28
1990-03-19 06:00:00+00:00,801.35,567.62,252.75,28.43,2.21
1990-03-19 07:00:00+00:00,742.9,507.53,241.4,29.2,2.07
1990-03-19 08:00:00+00:00,709.55,580.76,162.25,29.48,1.72
1990-03-19 09:00:00+00:00,516.4,370.08,208.35,28.03,2.07
1990-03-19 10:00:00+00:00,256.05,159.62,149.8,27.14,2.83
1990-03-19 11:00:00+00:00,60.95,26.79,48.8,26.94,2.28
1990-03-19 12:00:00+00:00,8.85,6.41,7.5,26.56,1.1
1990-03-19 13:00:00+00:00,0.0,0.0,0.0,25.77,1.38
1990-03-19 14:00:00+00:00,0.0,0.0,0.0,25.35,1.17
1990-03-19 15:00:00+00:00,0.0,0.0,0.0,25.03,0.9
1990-03-19 16:00:00+00:00,0.0,0.0,0.0,24.83,1.1
1990-03-19 17:00:00+00:00,0.0,0.0,0.0,24.56,0.97
1990-03-19 18:00:00+00:00,0.0,0.0,0.0,24.42,0.97
1990-03-19 19:00:00+00:00,0.0,0.0,0.0,24.36,1.17
1990-03-19 20:00:00+00:00,0.0,0.0,0.0,24.29,1.45
1990-03-19 21:00:00+00:00,0.0,0.0,0.0,24.19,1.38
1990-03-19 22:00:00+00:00,0.0,0.0,0.0,24.22,1.45
1990-03-19 23:00:00+00:00,0.0,0.0,0.0,24.23,1.38
1990-03-20 00:00:00+00:00,0.0,0.0,0.0,24.0,1.1
1990-03-20 01:00:00+00:00,51.85,89.68,47.5,24.3,1.52
1990-03-20 02:00:00+00:00,136.5,100.76,106.0,24.69,1.79
1990-03-20 03:00:00+00:00,313.25,180.4,216.5,25.27,1.79
1990-03-20 04:00:00+00:00,459.9,259.41,269.65,26.2,1.72
1990-03-20 05:00:00+00:00,620.1,427.79,243.4,27.17,1.31
1990-03-20 06:00:00+00:00,636.1,414.0,235.45,28.07,0.21
1990-03-20 07:00:00+00:00,679.4,432.03,252.1,28.43,1.17
1990-03-20 08:00:00+00:00,507.65,206.0,313.4,28.7,1.24
1990-03-20 09:00:00+00:00,511.65,359.81,212.05,28.33,1.24
1990-03-20 10:00:00+00:00,271.6,159.84,165.2,27.04,2.28
1990-03-20 11:00:00+00:00,62.6,0.44,62.4,26.36,3.03
1990-03-20 12:00:00+00:00,5.6,2.62,5.05,25.57,1.52
1990-03-20 13:00:00+00:00,0.0,0.0,0.0,25.4,0.21
1990-03-20 14:00:00+00:00,0.0,0.0,0.0,25.14,0.28
1990-03-20 15:00:00+00:00,0.0,0.0,0.0,25.06,0.28
1990-03-20 16:00:00+00:00,0.0,0.0,0.0,25.12,0.28
1990-03-20 17:00:00+00:00,0.0,0.0,0.0,25.19,0.28
1990-03-20 18:00:00+00:00,0.0,0.0,0.0,25.31,0.28
1990-03-20 19:00:00+00:00,0.0,0.0,0.0,24.58,0.9
1990-03-20 20:00:00+00:00,0.0,0.0,0.0,24.79,0.62
1990-03-20 21:00:00+00:00,0.0,0.0,0.0,25.16,0.48
1990-03-20 22:00:00+00:00,0.0,0.0,0.0,25.23,0.34
1990-03-20 23:00:00+00:00,0.0,0.0,0.0,25.13,0.28
1990-03-21 00:00:00+00:00,0.0,0.0,0.0,24.17,0.9
1990-03-21 01:00:00+00:00,99.0,835.08,56.55,24.33,2.0
1990-03-21 02:00:00+00:00,271.45,458.6,131.6,24.79,2.48
1990-03-21 03:00:00+00:00,444.55,524.15,162.35,25.79,3.45
1990-03-21 04:00:00+00:00,612.0,584.56,182.2,26.79,4.41
1990-03-21 05:00:00+00:00,739.7,610.74,200.95,27.99,5.45
1990-03-21 06:00:00+00:00,675.95,390.98,297.1,28.79,5.72
1990-03-21 07:00:00+00:00,735.9,478.88,261.85,28.91,6.28
1990-03-21 08:00:00+00:00,746.35,559.99,218.0,29.01,5.79
1990-03-21 09:00:00+00:00,590.1,466.03,201.95,28.3,5.1
1990-03-21 10:00:00+00:00,219.65,134.83,129.9,28.81,4.14
1990-03-21 11:00:00+00:00,170.35,166.18,95.05,27.59,3.52
1990-03-21 12:00:00+00:00,21.7,12.87,19.0,27.18,2.48
1990-03-21 13:00:00+00:00,0.0,0.0,0.0,26.29,2.41
1990-03-21 14:00:00+00:00,0.0,0.0,0.0,25.47,2.0
1990-03-21 15:00:00+00:00,0.0,0.0,0.0,25.39,2.07
1990-03-21 16:00:00+00:00,0.0,0.0,0.0,25.27,1.79
1990-03-21 17:00:00+00:00,0.0,0.0,0.0,25.03,1.72
1990-03-21 18:00:00+00:00,0.0,0.0,0.0,24.9,2.28
1990-03-21 19:00:00+00:00,0.0,0.0,0.0,24.79,2.48
1990-03-21 20:00:00+00:00,0.0,0.0,0.0,24.74,2.48
1990-03-21 21:00:00+00:00,0.0,0.0,0.0,24.64,2.28
1990-03-21 22:00:00+00:00,0.0,0.0,0.0,24.58,2.28
1990-03-21 23:00:00+00:00,0.0,0.0,0.0,24.49,2.48
1990-03-22 00:00:00+00:00,0.0,0.0,0.0,24.47,3.24
1990-03-22 01:00:00+00:00,117.7,1176.52,55.15,24.57,3.59
1990-03-22 02:00:00+00:00,316.35,747.41,86.75,25.11,3.31
1990-03-22 03:00:00+00:00,580.8,849.18,121.85,26.01,3.66
1990-03-22 04:00:00+00:00,727.8,764.03,164.65,27.4,4.9
1990-03-22 05:00:00+00:00,755.25,583.33,239.8,28.28,4.28
1990-03-22 06:00:00+00:00,964.0,809.82,178.35,28.89,4.21
1990-03-22 07:00:00+00:00,879.4,699.88,186.0,29.41,3.1
1990-03-22 08:00:00+00:00,725.05,594.87,163.5,29.62,3.52
1990-03-22 09:00:00+00:00,483.05,397.63,151.8,28.78,3.72
1990-03-22 10:00:00+00:00,343.05,308.61,137.65,27.98,4.07
1990-03-22 11:00:00+00:00,137.7,116.26,85.05,27.76,3.24
1990-03-22 12:00:00+00:00,22.6,36.04,15.05,27.62,2.76
1990-03-22 13:00:00+00:00,0.0,0.0,0.0,26.03,2.69
1990-03-22 14:00:00+00:00,0.0,0.0,0.0,25.11,2.07
1990-03-22 15:00:00+00:00,0.0,0.0,0.0,24.89,2.07
1990-03-22 16:00:00+00:00,0.0,0.0,0.0,25.01,2.34
1990-03-22 17:00:00+00:00,0.0,0.0,0.0,25.03,2.28
1990-03-22 18:00:00+00:00,0.0,0.0,0.0,24.94,2.14
1990-03-22 19:00:00+00:00,0.0,0.0,0.0,24.53,2.55
1990-03-22 20:00:00+00:00,0.0,0.0,0.0,24.35,2.55
1990-03-22 21:00:00+00:00,0.0,0.0,0.0,24.32,2.28
1990-03-22 22:00:00+00:00,0.0,0.0,0.0,24.29,2.07
1990-03-22 23:00:00+00:00,0.0,0.0,0.0,24.29,2.0
1990-03-23 00:00:00+00:00,0.0,0.0,0.0,24.46,2.07
1990-03-23 01:00:00+00:00,102.3,927.91,50.8,24.63,2.41
1990-03-23 02:00:00+00:00,338.7,782.9,96.45,25.18,2.55
1990-03-23 03:00:00+00:00,585.85,872.33,112.6,26.36,3.24
1990-03-23 04:00:00+00:00,726.95,705.47,205.7,27.58,3.59
1990-03-23 05:00:00+00:00,789.3,693.41,175.55,28.31,3.24
1990-03-23 06:00:00+00:00,855.0,700.0,175.1,28.89,2.76
1990-03-23 07:00:00+00:00,697.1,509.52,191.9,29.21,3.31
1990-03-23 08:00:00+00:00,621.65,468.33,179.35,29.2,3.52
1990-03-23 09:00:00+00:00,523.8,463.34,137.75,28.91,3.52
1990-03-23 10:00:00+00:00,398.4,416.94,120.95,28.44,3.72
1990-03-23 11:00:00+00:00,156.3,155.66,85.85,28.1,4.0
1990-03-23 12:00:00+00:00,16.5,27.97,10.65,27.15,3.17
1990-03-23 13:00:00+00:00,0.0,0.0,0.0,26.91,1.66
1990-03-23 14:00:00+00:00,0.0,0.0,0.0,26.59,1.72
1990-03-23 15:00:00+00:00,0.0,0.0,0.0,26.29,1.52
1990-03-23 16:00:00+00:00,0.0,0.0,0.0,26.01,1.45
1990-03-23 17:00:00+00:00,0.0,0.0,0.0,25.89,1.52
1990-03-23 18:00:00+00:00,0.0,0.0,0.0,25.64,1.79
1990-03-23 19:00:00+00:00,0.0,0.0,0.0,25.67,2.62
1990-03-23 20:00:00+00:00,0.0,0.0,0.0,25.44,2.62
1990-03-23 21:00:00+00:00,0.0,0.0,0.0,25.27,2.62
1990-03-23 22:00:00+00:00,0.0,0.0,0.0,25.2,2.55
1990-03-23 23:00:00+00:00,0.0,0.0,0.0,25.17,2.07
1990-03-24 00:00:00+00:00,0.0,0.0,0.0,24.88,1.59
1990-03-24 01:00:00+00:00,100.6,1009.7,42.2,24.61,1.59
1990-03-24 02:00:00+00:00,308.1,646.56,106.6,25.17,1.86
1990-03-24 03:00:00+00:00,468.4,455.07,220.6,26.3,2.48
1990-03-24 04:00:00+00:00,732.4,782.52,152.85,27.21,2.34
1990-03-24 05:00:00+00:00,797.9,546.33,313.55,28.18,2.28
1990-03-24 06:00:00+00:00,777.5,512.82,278.85,28.8,2.34
1990-03-24 07:00:00+00:00,719.25,532.13,191.25,28.74,2.76
1990-03-24 08:00:00+00:00,536.95,343.99,211.95,27.59,2.83
1990-03-24 09:00:00+00:00,346.6,131.17,237.3,27.71,2.83
1990-03-24 10:00:00+00:00,248.6,144.97,152.15,27.65,2.69
1990-03-24 11:00:00+00:00,166.25,145.6,100.4,27.63,2.9
1990-03-24 12:00:00+00:00,34.3,73.54,18.95,27.5,3.03
1990-03-24 13:00:00+00:00,0.0,0.0,0.0,27.16,2.69
1990-03-24 14:00:00+00:00,0.0,0.0,0.0,26.89,2.34
1990-03-24 15:00:00+00:00,0.0,0.0,0.0,26.8,2.0
1990-03-24 16:00:00+00:00,0.0,0.0,0.0,26.59,1.79
1990-03-24 17:00:00+00:00,0.0,0.0,0.0,26.5,1.86
1990-03-24 18:00:00+00:00,0.0,0.0,0.0,26.2,2.07
1990-03-24 19:00:00+00:00,0.0,0.0,0.0,25.85,2.41
1990-03-24 20:00:00+00:00,0.0,0.0,0.0,25.68,2.41
1990-03-24 21:00:00+00:00,0.0,0.0,0.0,25.57,2.41
1990-03-24 22:00:00+00:00,0.0,0.0,0.0,25.58,2.55
1990-03-24 23:00:00+00:00,0.0,0.0,0.0,25.54,2.69
1990-03-25 00:00:00+00:00,0.0,0.0,0.0,25.5,2.83
1990-03-25 01:00:00+00:00,97.75,939.73,41.2,25.57,2.62
1990-03-25 02:00:00+00:00,316.35,704.93,95.1,26.24,3.17
1990-03-25 03:00:00+00:00,526.7,737.28,123.75,27.31,3.93
1990-03-25 04:00:00+00:00,647.5,673.48,147.55,28.41,4.14
1990-03-25 05:00:00+00:00,687.15,590.36,162.95,29.04,4.14
1990-03-25 06:00:00+00:00,966.8,837.42,151.65,29.39,4.21
1990-03-25 07:00:00+00:00,937.35,792.92,150.05,29.92,3.93
1990-03-25 08:00:00+00:00,839.2,733.29,146.15,30.02,3.86
1990-03-25 09:00:00+00:00,732.8,732.19,122.65,29.88,3.93
1990-03-25 10:00:00+00:00,500.45,603.29,99.2,29.49,3.79
1990-03-25 11:00:00+00:00,232.65,337.66,80.05,28.89,3.72
1990-03-25 12:00:00+00:00,40.25,83.52,22.85,28.15,3.31
1990-03-25 13:00:00+00:00,0.0,0.0,0.0,27.42,2.62
1990-03-25 14:00:00+00:00,0.0,0.0,0.0,26.84,2.55
1990-03-25 15:00:00+00:00,0.0,0.0,0.0,26.5,2.48
1990-03-25 16:00:00+00:00,0.0,0.0,0.0,26.25,2.41
1990-03-25 17:00:00+00:00,0.0,0.0,0.0,26.07,2.41
1990-03-25 18:00:00+00:00,0.0,0.0,0.0,25.98,2.34
1990-03-25 19:00:00+00:00,0.0,0.0,0.0,25.91,2.55
1990-03-25 20:00:00+00:00,0.0,0.0,0.0,25.78,2.55
1990-03-25 21:00:00+00:00,0.0,0.0,0.0,25.68,2.62
1990-03-25 22:00:00+00:00,0.0,0.0,0.0,25.6,2.62
1990-03-25 23:00:00+00:00,0.0,0.0,0.0,25.47,2.48
1990-03-26 00:00:00+00:00,0.0,0.0,0.0,25.42,2.48
1990-03-26 01:00:00+00:00,82.8,474.3,53.15,25.39,2.55
1990-03-26 02:00:00+00:00,301.65,578.06,118.95,25.78,2.9
1990-03-26 03:00:00+00:00,519.5,698.16,136.55,26.55,3.1
1990-03-26 04:00:00+00:00,677.2,655.89,189.2,27.31,3.45
1990-03-26 05:00:00+00:00,762.0,589.01,238.2,28.07,3.59
1990-03-26 06:00:00+00:00,829.45,628.65,216.9,28.49,3.72
1990-03-26 07:00:00+00:00,723.65,534.31,192.8,29.08,4.07
1990-03-26 08:00:00+00:00,762.7,624.86,171.95,29.02,3.86
1990-03-26 09:00:00+00:00,602.05,468.07,212.0,29.17,3.66
1990-03-26 10:00:00+00:00,379.25,334.43,156.9,28.93,3.31
1990-03-26 11:00:00+00:00,159.85,124.68,103.55,28.58,2.62
1990-03-26 12:00:00+00:00,25.55,25.01,20.35,28.05,2.14
1990-03-26 13:00:00+00:00,0.0,0.0,0.0,27.49,1.72
1990-03-26 14:00:00+00:00,0.0,0.0,0.0,27.0,1.79
1990-03-26 15:00:00+00:00,0.0,0.0,0.0,26.65,1.93
1990-03-26 16:00:00+00:00,0.0,0.0,0.0,26.32,1.79
1990-03-26 17:00:00+00:00,0.0,0.0,0.0,26.09,1.72
1990-03-26 18:00:00+00:00,0.0,0.0,0.0,25.83,1.86
1990-03-26 19:00:00+00:00,0.0,0.0,0.0,26.04,1.86
1990-03-26 20:00:00+00:00,0.0,0.0,0.0,25.89,1.86
1990-03-26 21:00:00+00:00,0.0,0.0,0.0,25.8,1.93
1990-03-26 22:00:00+00:00,0.0,0.0,0.0,25.7,1.93
1990-03-26 23:00:00+00:00,0.0,0.0,0.0,25.57,2.07
1990-03-27 00:00:00+00:00,0.0,0.0,0.0,25.47,1.93
1990-03-27 01:00:00+00:00,126.35,1141.21,52.35,25.49,1.86
1990-03-27 02:00:00+00:00,365.3,844.97,96.4,26.18,2.0
1990-03-27 03:00:00+00:00,554.9,788.53,120.85,27.37,2.34
1990-03-27 04:00:00+00:00,700.75,728.67,157.4,28.34,2.28
1990-03-27 05:00:00+00:00,779.1,670.74,181.75,28.97,2.28
1990-03-27 06:00:00+00:00,860.95,707.66,170.75,29.35,2.14
1990-03-27 07:00:00+00:00,837.75,673.42,168.3,29.56,2.14
1990-03-27 08:00:00+00:00,583.5,458.57,149.85,29.7,2.14
1990-03-27 09:00:00+00:00,590.5,512.08,163.8,29.41,2.0
1990-03-27 10:00:00+00:00,432.4,473.74,117.55,29.3,1.72
1990-03-27 11:00:00+00:00,223.75,357.85,62.3,29.09,1.52
1990-03-27 12:00:00+00:00,35.95,84.1,18.5,27.95,0.9
1990-03-27 13:00:00+00:00,0.0,0.0,0.0,27.24,0.48
1990-03-27 14:00:00+00:00,0.0,0.0,0.0,26.98,0.21
1990-03-27 15:00:00+00:00,0.0,0.0,0.0,27.18,0.14
1990-03-27 16:00:00+00:00,0.0,0.0,0.0,26.83,0.62
1990-03-27 17:00:00+00:00,0.0,0.0,0.0,25.99,0.9
1990-03-27 18:00:00+00:00,0.0,0.0,0.0,25.69,1.03
1990-03-27 19:00:00+00:00,0.0,0.0,0.0,25.58,1.59
1990-03-27 20:00:00+00:00,0.0,0.0,0.0,25.7,1.72
1990-03-27 21:00:00+00:00,0.0,0.0,0.0,25.64,1.86
1990-03-27 22:00:00+00:00,0.0,0.0,0.0,25.53,1.86
1990-03-27 23:00:00+00:00,0.0,0.0,0.0,25.49,1.86
1990-03-28 00:00:00+00:00,0.0,0.0,0.0,25.28,1.93
1990-03-28 01:00:00+00:00,130.35,1126.28,54.7,25.18,1.93
1990-03-28 02:00:00+00:00,367.2,856.75,92.7,25.8,1.79
1990-03-28 03:00:00+00:00,596.75,837.39,134.2,26.89,1.59
1990-03-28 04:00:00+00:00,790.3,863.86,144.75,28.09,1.24
1990-03-28 05:00:00+00:00,933.65,903.41,127.95,29.19,0.69
1990-03-28 06:00:00+00:00,832.3,680.54,167.95,29.88,0.41
1990-03-28 07:00:00+00:00,868.1,691.01,180.8,30.06,1.1
1990-03-28 08:00:00+00:00,866.8,784.59,124.7,30.32,1.1
1990-03-28 09:00:00+00:00,626.3,572.21,149.55,30.37,1.31
1990-03-28 10:00:00+00:00,382.3,391.98,121.9,30.13,1.79
1990-03-28 11:00:00+00:00,210.7,281.3,83.9,29.33,2.14
1990-03-28 12:00:00+00:00,28.75,53.37,17.7,28.47,2.0
1990-03-28 13:00:00+00:00,0.0,0.0,0.0,27.58,1.59
1990-03-28 14:00:00+00:00,0.0,0.0,0.0,27.33,1.66
1990-03-28 15:00:00+00:00,0.0,0.0,0.0,27.0,1.52
1990-03-28 16:00:00+00:00,0.0,0.0,0.0,26.59,2.0
1990-03-28 17:00:00+00:00,0.0,0.0,0.0,26.46,2.21
1990-03-28 18:00:00+00:00,0.0,0.0,0.0,26.3,2.0
1990-03-28 19:00:00+00:00,0.0,0.0,0.0,25.72,1.72
1990-03-28 20:00:00+00:00,0.0,0.0,0.0,25.61,1.79
1990-03-28 21:00:00+00:00,0.0,0.0,0.0,25.45,1.86
1990-03-28 22:00:00+00:00,0.0,0.0,0.0,25.21,2.07
1990-03-28 23:00:00+00:00,0.0,0.0,0.0,25.28,2.34
1990-03-29 00:00:00+00:00,0.0,0.0,0.0,25.38,2.34
1990-03-29 01:00:00+00:00,113.35,880.06,52.2,25.3,2.55
1990-03-29 02:00:00+00:00,339.45,707.98,111.1,25.63,2.83
1990-03-29 03:00:00+00:00,524.15,565.62,210.65,26.41,2.55
1990-03-29 04:00:00+00:00,644.5,613.34,185.2,27.27,2.14
1990-03-29 05:00:00+00:00,805.1,671.91,205.05,28.07,2.34
1990-03-29 06:00:00+00:00,850.9,697.35,169.55,28.89,2.76
1990-03-29 07:00:00+00:00,782.2,600.49,184.65,29.19,2.83
1990-03-29 08:00:00+00:00,769.65,636.85,167.2,29.37,2.9
1990-03-29 09:00:00+00:00,534.95,430.95,175.95,29.54,2.97
1990-03-29 10:00:00+00:00,320.75,250.16,154.65,28.79,2.62
1990-03-29 11:00:00+00:00,158.5,132.57,98.8,28.39,2.83
1990-03-29 12:00:00+00:00,24.4,33.15,17.55,27.64,2.62
1990-03-29 13:00:00+00:00,0.0,0.0,0.0,27.45,2.34
1990-03-29 14:00:00+00:00,0.0,0.0,0.0,27.33,2.34
1990-03-29 15:00:00+00:00,0.0,0.0,0.0,27.14,2.41
1990-03-29 16:00:00+00:00,0.0,0.0,0.0,26.91,2.28
1990-03-29 17:00:00+00:00,0.0,0.0,0.0,26.71,2.28
1990-03-29 18:00:00+00:00,0.0,0.0,0.0,26.52,2.28
1990-03-29 19:00:00+00:00,0.0,0.0,0.0,26.43,2.48
1990-03-29 20:00:00+00:00,0.0,0.0,0.0,26.25,2.41
1990-03-29 21:00:00+00:00,0.0,0.0,0.0,26.14,2.34
1990-03-29 22:00:00+00:00,0.0,0.0,0.0,25.71,2.28
1990-03-29 23:00:00+00:00,0.0,0.0,0.0,25.65,2.28
1990-03-30 00:00:00+00:00,0.0,0.0,0.0,25.46,2.28
1990-03-30 01:00:00+00:00,111.75,748.73,58.0,25.35,2.48
1990-03-30 02:00:00+00:00,287.8,553.82,108.0,25.56,3.03
1990-03-30 03:00:00+00:00,432.95,477.15,167.6,26.25,3.59
1990-03-30 04:00:00+00:00,681.45,660.4,185.9,27.03,3.31
1990-03-30 05:00:00+00:00,764.0,612.88,215.95,28.21,3.93
1990-03-30 06:00:00+00:00,849.95,586.45,276.5,28.9,4.28
1990-03-30 07:00:00+00:00,711.55,471.76,241.9,29.39,4.21
1990-03-30 08:00:00+00:00,769.75,653.91,151.1,29.38,4.28
1990-03-30 09:00:00+00:00,565.45,447.24,192.95,29.43,4.28
1990-03-30 10:00:00+00:00,316.45,267.77,138.75,29.07,4.28
1990-03-30 11:00:00+00:00,146.75,128.59,88.9,28.2,3.24
1990-03-30 12:00:00+00:00,24.45,40.5,16.1,27.58,2.83
1990-03-30 13:00:00+00:00,0.0,0.0,0.0,27.23,2.41
1990-03-30 14:00:00+00:00,0.0,0.0,0.0,26.97,2.69
1990-03-30 15:00:00+00:00,0.0,0.0,0.0,26.76,2.83
1990-03-30 16:00:00+00:00,0.0,0.0,0.0,26.59,2.9
1990-03-30 17:00:00+00:00,0.0,0.0,0.0,26.35,3.1
1990-03-30 18:00:00+00:00,0.0,0.0,0.0,26.18,2.9
1990-03-30 19:00:00+00:00,0.0,0.0,0.0,26.22,3.31
1990-03-30 20:00:00+00:00,0.0,0.0,0.0,26.03,3.59
1990-03-30 21:00:00+00:00,0.0,0.0,0.0,25.87,3.52
1990-03-30 22:00:00+00:00,0.0,0.0,0.0,25.74,3.38
1990-03-30 23:00:00+00:00,0.0,0.0,0.0,25.69,3.52
1990-03-31 00:00:00+00:00,0.0,0.0,0.0,25.64,3.52
1990-03-31 01:00:00+00:00,115.55,831.53,53.95,25.55,3.79
1990-03-31 02:00:00+00:00,251.3,454.32,102.85,25.92,3.59
1990-03-31 03:00:00+00:00,381.15,440.92,135.15,26.57,3.52
1990-03-31 04:00:00+00:00,602.5,505.74,222.25,27.17,3.86
1990-03-31 05:00:00+00:00,692.9,499.42,245.75,27.79,4.34
1990-03-31 06:00:00+00:00,791.65,468.79,332.9,28.3,4.55
1990-03-31 07:00:00+00:00,632.75,299.43,334.55,28.94,4.48
1990-03-31 08:00:00+00:00,623.65,368.76,274.75,27.9,4.48
1990-03-31 09:00:00+00:00,469.9,282.76,234.45,27.94,4.62
1990-03-31 10:00:00+00:00,308.8,257.67,137.9,27.9,4.41
1990-03-31 11:00:00+00:00,181.0,163.22,107.65,27.56,4.07
1990-03-31 12:00:00+00:00,29.9,57.12,18.15,26.25,4.21
1990-03-31 13:00:00+00:00,0.0,0.0,0.0,26.25,3.45
1990-03-31 14:00:00+00:00,0.0,0.0,0.0,25.83,3.52
1990-03-31 15:00:00+00:00,0.0,0.0,0.0,25.74,3.66
1990-03-31 16:00:00+00:00,0.0,0.0,0.0,24.43,4.3
1990-03-31 17:00:00+00:00,0.0,0.0,0.0,24.76,4.06
1990-03-31 18:00:00+00:00,0.0,0.0,0.0,25.09,3.82
1990-03-31 19:00:00+00:00,0.0,0.0,0.0,25.42,3.59
1990-03-31 20:00:00+00:00,0.0,0.0,0.0,25.75,3.35
1990-03-31 21:00:00+00:00,0.0,0.0,0.0,26.08,3.11
1990-03-31 22:00:00+00:00,0.0,0.0,0.0,26.41,2.88
1990-03-31 23:00:00+00:00,0.0,0.0,0.0,26.74,2.64
1990-04-01 00:00:00+00:00,0.0,0.0,0.0,27.07,2.4
1990-04-01 01:00:00+00:00,139.5,1146.73,54.55,27.4,2.17
1990-04-01 02:00:00+00:00,368.4,806.43,104.9,27.73,1.93
1990-04-01 03:00:00+00:00,589.0,740.24,176.0,28.06,1.69
1990-04-01 04:00:00+00:00,815.2,901.03,137.75,28.39,1.46
1990-04-01 05:00:00+00:00,860.85,768.98,172.35,28.72,1.22
1990-04-01 06:00:00+00:00,894.3,722.22,187.55,29.05,0.98
1990-04-01 07:00:00+00:00,866.65,694.19,175.3,29.39,0.75
1990-04-01 08:00:00+00:00,784.2,691.23,130.2,31.04,1.31
1990-04-01 09:00:00+00:00,639.15,590.99,147.05,30.89,1.52
1990-04-01 10:00:00+00:00,415.8,463.18,108.6,30.62,2.28
1990-04-01 11:00:00+00:00,188.65,262.13,70.85,30.12,2.97
1990-04-01 12:00:00+00:00,41.0,105.5,19.3,29.35,3.03
1990-04-01 13:00:00+00:00,0.0,0.0,0.0,28.48,3.1
1990-04-01 14:00:00+00:00,0.0,0.0,0.0,28.03,2.62
1990-04-01 15:00:00+00:00,0.0,0.0,0.0,27.88,2.07
1990-04-01 16:00:00+00:00,0.0,0.0,0.0,27.8,2.0
1990-04-01 17:00:00+00:00,0.0,0.0,0.0,27.48,2.21
1990-04-01 18:00:00+00:00,0.0,0.0,0.0,27.17,2.14
1990-04-01 19:00:00+00:00,0.0,0.0,0.0,26.75,2.07
1990-04-01 20:00:00+00:00,0.0,0.0,0.0,26.41,2.0
1990-04-01 21:00:00+00:00,0.0,0.0,0.0,26.21,2.0
1990-04-01 22:00:00+00:00,0.0,0.0,0.0,26.1,2.0
1990-04-01 23:00:00+00:00,0.0,0.0,0.0,25.9,2.07
1990-04-02 00:00:00+00:00,0.0,0.0,0.0,25.78,2.21
1990-04-02 01:00:00+00:00,144.5,1216.0,51.65,25.7,2.34
1990-04-02 02:00:00+00:00,380.15,883.47,89.65,26.17,2.41
1990-04-02 03:00:00+00:00,614.75,880.36,122.0,27.37,2.14
1990-04-02 04:00:00+00:00,828.65,918.22,136.95,28.58,1.45
1990-04-02 05:00:00+00:00,961.55,908.12,147.5,29.73,0.83
1990-04-02 06:00:00+00:00,1027.55,905.17,141.15,30.71,0.97
1990-04-02 07:00:00+00:00,938.95,782.8,159.1,31.18,1.1
1990-04-02 08:00:00+00:00,907.5,824.66,127.25,31.53,1.86
1990-04-02 09:00:00+00:00,678.65,623.05,160.0,31.59,2.69
1990-04-02 10:00:00+00:00,500.35,598.34,103.75,30.87,3.59
1990-04-02 11:00:00+00:00,225.05,346.51,69.5,30.13,3.86
1990-04-02 12:00:00+00:00,37.7,97.7,17.65,29.17,3.86
1990-04-02 13:00:00+00:00,0.0,0.0,0.0,28.43,3.24
1990-04-02 14:00:00+00:00,0.0,0.0,0.0,27.95,2.34
1990-04-02 15:00:00+00:00,0.0,0.0,0.0,27.6,2.07
1990-04-02 16:00:00+00:00,0.0,0.0,0.0,27.41,2.07
1990-04-02 17:00:00+00:00,0.0,0.0,0.0,27.24,2.14
1990-04-02 18:00:00+00:00,0.0,0.0,0.0,27.02,2.34
1990-04-02 19:00:00+00:00,0.0,0.0,0.0,26.73,1.86
1990-04-02 20:00:00+00:00,0.0,0.0,0.0,26.18,1.86
1990-04-02 21:00:00+00:00,0.0,0.0,0.0,25.76,2.14
1990-04-02 22:00:00+00:00,0.0,0.0,0.0,25.44,2.34
1990-04-02 23:00:00+00:00,0.0,0.0,0.0,25.32,2.34
1990-04-03 00:00:00+00:00,0.0,0.0,0.0,25.31,2.41
1990-04-03 01:00:00+00:00,143.9,1161.96,52.55,25.38,2.34
1990-04-03 02:00:00+00:00,353.85,716.47,116.8,26.07,2.21
1990-04-03 03:00:00+00:00,550.3,741.29,134.1,27.24,1.93
1990-04-03 04:00:00+00:00,724.45,745.66,161.7,28.43,1.24
1990-04-03 05:00:00+00:00,825.2,742.68,158.7,29.5,1.24
1990-04-03 06:00:00+00:00,918.15,792.27,141.8,30.29,1.59
1990-04-03 07:00:00+00:00,984.15,860.3,126.85,30.93,1.59
1990-04-03 08:00:00+00:00,751.95,611.34,173.55,31.32,2.14
1990-04-03 09:00:00+00:00,624.65,595.38,129.2,31.17,2.48
1990-04-03 10:00:00+00:00,375.1,399.46,110.5,30.81,2.83
1990-04-03 11:00:00+00:00,217.45,337.2,66.25,30.19,2.76
1990-04-03 12:00:00+00:00,40.3,111.84,17.4,29.65,2.55
1990-04-03 13:00:00+00:00,0.0,0.0,0.0,28.91,2.14
1990-04-03 14:00:00+00:00,0.0,0.0,0.0,28.47,2.21
1990-04-03 15:00:00+00:00,0.0,0.0,0.0,28.07,2.28
1990-04-03 16:00:00+00:00,0.0,0.0,0.0,27.86,2.41
1990-04-03 17:00:00+00:00,0.0,0.0,0.0,27.61,2.34
1990-04-03 18:00:00+00:00,0.0,0.0,0.0,27.32,2.21
1990-04-03 19:00:00+00:00,0.0,0.0,0.0,27.08,2.34
1990-04-03 20:00:00+00:00,0.0,0.0,0.0,26.76,2.48
1990-04-03 21:00:00+00:00,0.0,0.0,0.0,26.5,2.69
1990-04-03 22:00:00+00:00,0.0,0.0,0.0,26.34,2.62
1990-04-03 23:00:00+00:00,0.0,0.0,0.0,26.1,2.62
1990-04-04 00:00:00+00:00,0.0,0.0,0.0,25.95,2.62
1990-04-04 01:00:00+00:00,132.65,980.12,53.4,25.89,2.48
1990-04-04 02:00:00+00:00,382.0,839.83,102.45,26.44,3.03
1990-04-04 03:00:00+00:00,625.85,913.23,111.55,27.93,2.9
1990-04-04 04:00:00+00:00,737.4,765.55,158.6,29.23,2.83
1990-04-04 05:00:00+00:00,925.4,867.32,146.2,30.04,2.9
1990-04-04 06:00:00+00:00,974.15,824.48,165.75,30.91,3.1
1990-04-04 07:00:00+00:00,973.15,827.79,148.05,31.15,2.69
1990-04-04 08:00:00+00:00,862.6,762.23,141.5,31.5,2.9
1990-04-04 09:00:00+00:00,610.55,578.18,129.6,31.41,3.24
1990-04-04 10:00:00+00:00,451.7,511.99,112.8,30.85,3.52
1990-04-04 11:00:00+00:00,235.75,376.0,67.35,30.25,3.59
1990-04-04 12:00:00+00:00,40.0,102.8,19.0,29.51,3.45
1990-04-04 13:00:00+00:00,0.0,0.0,0.0,28.74,2.97
1990-04-04 14:00:00+00:00,0.0,0.0,0.0,28.18,3.1
1990-04-04 15:00:00+00:00,0.0,0.0,0.0,27.85,3.24
1990-04-04 16:00:00+00:00,0.0,0.0,0.0,27.62,3.17
1990-04-04 17:00:00+00:00,0.0,0.0,0.0,27.38,2.97
1990-04-04 18:00:00+00:00,0.0,0.0,0.0,27.18,2.83
1990-04-04 19:00:00+00:00,0.0,0.0,0.0,27.05,2.83
1990-04-04 20:00:00+00:00,0.0,0.0,0.0,26.82,2.9
1990-04-04 21:00:00+00:00,0.0,0.0,0.0,26.59,3.03
1990-04-04 22:00:00+00:00,0.0,0.0,0.0,26.4,3.03
1990-04-04 23:00:00+00:00,0.0,0.0,0.0,26.26,2.97
1990-04-05 00:00:00+00:00,0.0,0.0,0.0,26.06,2.9
1990-04-05 01:00:00+00:00,138.9,1038.19,52.65,25.96,2.9
1990-04-05 02:00:00+00:00,367.55,821.27,92.55,26.61,3.52
1990-04-05 03:00:00+00:00,579.25,811.04,121.15,27.8,3.66
1990-04-05 04:00:00+00:00,767.1,800.07,161.15,29.09,3.52
1990-04-05 05:00:00+00:00,872.15,780.19,170.5,30.07,3.52
1990-04-05 06:00:00+00:00,962.85,829.22,149.35,30.79,3.72
1990-04-05 07:00:00+00:00,866.55,713.44,155.3,31.24,3.93
1990-04-05 08:00:00+00:00,684.7,510.24,202.05,31.08,4.14
1990-04-05 09:00:00+00:00,536.45,454.54,158.5,30.52,4.34
1990-04-05 10:00:00+00:00,367.75,392.02,108.45,30.14,4.48
1990-04-05 11:00:00+00:00,214.65,337.1,63.85,29.69,4.14
1990-04-05 12:00:00+00:00,39.55,99.85,19.2,29.2,3.86
1990-04-05 13:00:00+00:00,0.0,0.0,0.0,28.48,3.24
1990-04-05 14:00:00+00:00,0.0,0.0,0.0,28.05,3.24
1990-04-05 15:00:00+00:00,0.0,0.0,0.0,27.72,3.38
1990-04-05 16:00:00+00:00,0.0,0.0,0.0,27.49,3.59
1990-04-05 17:00:00+00:00,0.0,0.0,0.0,27.34,3.72
1990-04-05 18:00:00+00:00,0.0,0.0,0.0,27.19,3.72
1990-04-05 19:00:00+00:00,0.0,0.0,0.0,27.0,3.79
1990-04-05 20:00:00+00:00,0.0,0.0,0.0,26.86,3.86
1990-04-05 21:00:00+00:00,0.0,0.0,0.0,26.81,3.86
1990-04-05 22:00:00+00:00,0.0,0.0,0.0,26.65,3.66
1990-04-05 23:00:00+00:00,0.0,0.0,0.0,26.66,3.59
1990-04-06 00:00:00+00:00,0.0,0.0,0.0,26.51,3.38
1990-04-06 01:00:00+00:00,94.55,380.53,62.1,26.58,3.17
1990-04-06 02:00:00+00:00,258.8,347.1,141.9,27.01,3.66
1990-04-06 03:00:00+00:00,476.6,532.25,175.1,27.95,3.93
1990-04-06 04:00:00+00:00,715.45,714.78,173.2,28.96,4.14
1990-04-06 05:00:00+00:00,846.65,748.83,172.55,29.76,4.41
1990-04-06 06:00:00+00:00,928.5,772.57,170.2,30.17,4.69
1990-04-06 07:00:00+00:00,939.45,779.33,162.4,30.68,4.83
1990-04-06 08:00:00+00:00,755.95,652.75,138.6,30.68,4.9
1990-04-06 09:00:00+00:00,580.45,502.7,162.65,30.55,4.83
1990-04-06 10:00:00+00:00,355.35,398.3,92.1,30.25,4.55
1990-04-06 11:00:00+00:00,198.55,276.63,74.95,29.73,4.0
1990-04-06 12:00:00+00:00,38.85,96.64,19.2,29.29,3.66
1990-04-06 13:00:00+00:00,0.0,0.0,0.0,28.62,3.24
1990-04-06 14:00:00+00:00,0.0,0.0,0.0,28.13,3.38
1990-04-06 15:00:00+00:00,0.0,0.0,0.0,27.74,3.52
1990-04-06 16:00:00+00:00,0.0,0.0,0.0,27.54,3.72
1990-04-06 17:00:00+00:00,0.0,0.0,0.0,27.36,3.79
1990-04-06 18:00:00+00:00,0.0,0.0,0.0,27.16,3.93
1990-04-06 19:00:00+00:00,0.0,0.0,0.0,27.21,4.41
1990-04-06 20:00:00+00:00,0.0,0.0,0.0,27.24,4.48
1990-04-06 21:00:00+00:00,0.0,0.0,0.0,27.23,4.48
1990-04-06 22:00:00+00:00,0.0,0.0,0.0,27.25,4.34
1990-04-06 23:00:00+00:00,0.0,0.0,0.0,27.21,4.21
1990-04-07 00:00:00+00:00,0.0,0.0,0.0,27.25,4.0
1990-04-07 01:00:00+00:00,109.0,543.76,61.45,27.32,3.86
1990-04-07 02:00:00+00:00,346.55,648.35,126.95,27.82,3.93
1990-04-07 03:00:00+00:00,589.5,801.61,134.15,28.98,4.83
1990-04-07 04:00:00+00:00,736.45,719.36,189.85,29.92,4.83
1990-04-07 05:00:00+00:00,934.25,864.68,155.15,30.51,5.1
1990-04-07 06:00:00+00:00,942.0,762.7,193.05,31.05,5.38
1990-04-07 07:00:00+00:00,756.0,608.42,149.3,31.2,5.17
1990-04-07 08:00:00+00:00,712.6,570.76,172.9,30.89,4.76
1990-04-07 09:00:00+00:00,611.65,561.57,145.15,30.84,4.55
1990-04-07 10:00:00+00:00,344.8,365.69,103.3,30.61,4.28
1990-04-07 11:00:00+00:00,224.2,333.44,75.4,30.02,4.0
1990-04-07 12:00:00+00:00,42.1,115.1,18.75,29.45,4.14
1990-04-07 13:00:00+00:00,0.0,0.0,0.0,28.69,3.72
1990-04-07 14:00:00+00:00,0.0,0.0,0.0,28.16,3.66
1990-04-07 15:00:00+00:00,0.0,0.0,0.0,27.82,3.66
1990-04-07 16:00:00+00:00,0.0,0.0,0.0,27.56,3.79
1990-04-07 17:00:00+00:00,0.0,0.0,0.0,27.35,3.79
1990-04-07 18:00:00+00:00,0.0,0.0,0.0,27.22,3.79
1990-04-07 19:00:00+00:00,0.0,0.0,0.0,27.24,4.07
1990-04-07 20:00:00+00:00,0.0,0.0,0.0,27.15,4.0
1990-04-07 21:00:00+00:00,0.0,0.0,0.0,27.15,4.0
1990-04-07 22:00:00+00:00,0.0,0.0,0.0,27.28,4.0
1990-04-07 23:00:00+00:00,0.0,0.0,0.0,27.33,3.93
1990-04-08 00:00:00+00:00,0.0,0.0,0.0,27.31,3.66
1990-04-08 01:00:00+00:00,111.6,577.61,59.85,27.3,3.31
1990-04-08 02:00:00+00:00,310.45,547.74,123.9,27.75,3.79
1990-04-08 03:00:00+00:00,560.95,683.74,171.5,28.77,4.14
1990-04-08 04:00:00+00:00,711.45,645.33,220.35,29.87,4.28
1990-04-08 05:00:00+00:00,959.25,920.54,129.1,30.54,4.41
1990-04-08 06:00:00+00:00,962.95,822.96,154.5,31.23,4.55
1990-04-08 07:00:00+00:00,879.55,709.92,171.6,31.45,4.28
1990-04-08 08:00:00+00:00,788.75,652.41,172.0,31.15,4.07
1990-04-08 09:00:00+00:00,629.85,622.86,112.7,30.95,4.14
1990-04-08 10:00:00+00:00,387.15,450.02,90.2,30.31,3.86
1990-04-08 11:00:00+00:00,231.2,369.42,66.55,29.79,3.93
1990-04-08 12:00:00+00:00,40.55,109.93,18.3,29.43,3.93
1990-04-08 13:00:00+00:00,0.0,0.0,0.0,28.84,3.66
1990-04-08 14:00:00+00:00,0.0,0.0,0.0,28.36,3.52
1990-04-08 15:00:00+00:00,0.0,0.0,0.0,28.01,3.59
1990-04-08 16:00:00+00:00,0.0,0.0,0.0,27.76,3.59
1990-04-08 17:00:00+00:00,0.0,0.0,0.0,27.54,3.59
1990-04-08 18:00:00+00:00,0.0,0.0,0.0,27.4,3.66
1990-04-08 19:00:00+00:00,0.0,0.0,0.0,27.26,3.72
1990-04-08 20:00:00+00:00,0.0,0.0,0.0,27.09,4.07
1990-04-08 21:00:00+00:00,0.0,0.0,0.0,26.87,3.86
1990-04-08 22:00:00+00:00,0.0,0.0,0.0,26.76,3.66
1990-04-08 23:00:00+00:00,0.0,0.0,0.0,26.76,3.66
1990-04-09 00:00:00+00:00,0.0,0.0,0.0,26.91,3.38
1990-04-09 01:00:00+00:00,102.6,464.5,60.0,27.03,3.03
1990-04-09 02:00:00+00:00,302.95,544.8,116.4,27.52,3.38
1990-04-09 03:00:00+00:00,528.8,679.32,140.85,28.23,3.38
1990-04-09 04:00:00+00:00,706.2,680.4,187.65,29.15,3.59
1990-04-09 05:00:00+00:00,914.5,823.52,171.25,30.07,3.79
1990-04-09 06:00:00+00:00,924.55,795.9,142.4,30.69,4.14
1990-04-09 07:00:00+00:00,845.5,671.51,175.85,31.06,4.14
1990-04-09 08:00:00+00:00,539.0,378.12,181.65,31.18,4.34
1990-04-09 09:00:00+00:00,499.1,409.91,158.95,30.58,4.28
1990-04-09 10:00:00+00:00,385.75,434.33,99.4,29.79,3.93
1990-04-09 11:00:00+00:00,214.2,340.23,62.75,29.65,3.59
1990-04-09 12:00:00+00:00,42.75,116.37,19.25,29.29,3.59
1990-04-09 13:00:00+00:00,0.0,0.0,0.0,28.62,3.72
1990-04-09 14:00:00+00:00,0.0,0.0,0.0,28.09,3.93
1990-04-09 15:00:00+00:00,0.0,0.0,0.0,27.76,3.86
1990-04-09 16:00:00+00:00,0.0,0.0,0.0,27.49,3.66
1990-04-09 17:00:00+00:00,0.0,0.0,0.0,27.31,3.38
1990-04-09 18:00:00+00:00,0.0,0.0,0.0,27.08,3.31
1990-04-09 19:00:00+00:00,0.0,0.0,0.0,27.02,3.1
1990-04-09 20:00:00+00:00,0.0,0.0,0.0,26.74,3.17
1990-04-09 21:00:00+00:00,0.0,0.0,0.0,26.24,3.38
1990-04-09 22:00:00+00:00,0.0,0.0,0.0,26.07,3.52
1990-04-09 23:00:00+00:00,0.0,0.0,0.0,25.79,3.45
1990-04-10 00:00:00+00:00,0.0,0.0,0.0,25.62,3.52
1990-04-10 01:00:00+00:00,134.3,804.92,58.8,25.66,3.38
1990-04-10 02:00:00+00:00,315.55,526.99,134.15,26.22,3.52
1990-04-10 03:00:00+00:00,584.95,794.97,129.8,27.23,3.79
1990-04-10 04:00:00+00:00,743.4,801.1,132.0,28.29,3.86
1990-04-10 05:00:00+00:00,829.9,712.68,186.2,29.31,3.86
1990-04-10 06:00:00+00:00,983.25,853.24,144.5,30.1,4.14
1990-04-10 07:00:00+00:00,833.05,625.4,209.4,30.64,4.48
1990-04-10 08:00:00+00:00,841.35,709.11,171.4,30.45,4.69
1990-04-10 09:00:00+00:00,626.75,568.59,155.2,30.78,4.9
1990-04-10 10:00:00+00:00,296.65,283.35,110.0,30.32,4.62
1990-04-10 11:00:00+00:00,157.2,204.24,66.4,29.63,4.48
1990-04-10 12:00:00+00:00,26.0,52.11,15.5,28.86,3.86
1990-04-10 13:00:00+00:00,0.0,0.0,0.0,28.34,3.45
1990-04-10 14:00:00+00:00,0.0,0.0,0.0,27.93,3.17
1990-04-10 15:00:00+00:00,0.0,0.0,0.0,27.69,3.31
1990-04-10 16:00:00+00:00,0.0,0.0,0.0,27.48,3.38
1990-04-10 17:00:00+00:00,0.0,0.0,0.0,27.39,3.45
1990-04-10 18:00:00+00:00,0.0,0.0,0.0,27.17,3.45
1990-04-10 19:00:00+00:00,0.0,0.0,0.0,27.09,3.79
1990-04-10 20:00:00+00:00,0.0,0.0,0.0,26.99,3.86
1990-04-10 21:00:00+00:00,0.0,0.0,0.0,26.84,3.86
1990-04-10 22:00:00+00:00,0.0,0.0,0.0,26.72,3.72
1990-04-10 23:00:00+00:00,0.0,0.0,0.0,26.59,3.52
1990-04-11 00:00:00+00:00,0.0,0.0,0.0,26.37,3.24
1990-04-11 01:00:00+00:00,141.95,849.73,60.5,26.24,3.31
1990-04-11 02:00:00+00:00,366.0,745.57,108.05,27.02,3.86
1990-04-11 03:00:00+00:00,562.15,722.19,147.65,28.16,4.14
1990-04-11 04:00:00+00:00,601.55,558.35,174.85,29.0,4.28
1990-04-11 05:00:00+00:00,710.2,605.97,162.5,29.55,4.48
1990-04-11 06:00:00+00:00,822.35,648.96,184.25,30.06,4.62
1990-04-11 07:00:00+00:00,767.65,562.12,207.15,30.34,4.55
1990-04-11 08:00:00+00:00,754.4,591.3,195.95,30.45,4.55
1990-04-11 09:00:00+00:00,469.25,366.79,165.25,30.04,4.76
1990-04-11 10:00:00+00:00,314.9,268.94,137.9,29.52,5.38
1990-04-11 11:00:00+00:00,164.65,150.67,97.75,29.22,4.83
1990-04-11 12:00:00+00:00,32.35,73.36,17.6,28.71,4.97
1990-04-11 13:00:00+00:00,0.0,0.0,0.0,28.11,4.07
1990-04-11 14:00:00+00:00,0.0,0.0,0.0,27.75,4.0
1990-04-11 15:00:00+00:00,0.0,0.0,0.0,27.58,3.79
1990-04-11 16:00:00+00:00,0.0,0.0,0.0,27.49,3.66
1990-04-11 17:00:00+00:00,0.0,0.0,0.0,27.44,3.59
1990-04-11 18:00:00+00:00,0.0,0.0,0.0,27.31,3.52
1990-04-11 19:00:00+00:00,0.0,0.0,0.0,27.16,3.45
1990-04-11 20:00:00+00:00,0.0,0.0,0.0,27.03,3.38
1990-04-11 21:00:00+00:00,0.0,0.0,0.0,26.89,3.38
1990-04-11 22:00:00+00:00,0.0,0.0,0.0,26.78,3.38
1990-04-11 23:00:00+00:00,0.0,0.0,0.0,26.74,3.17
1990-04-12 00:00:00+00:00,0.0,0.0,0.0,26.71,3.17
1990-04-12 01:00:00+00:00,128.9,738.69,56.6,26.68,3.03
1990-04-12 02:00:00+00:00,363.8,744.47,104.95,27.34,3.86
1990-04-12 03:00:00+00:00,524.3,677.29,134.65,28.61,4.34
1990-04-12 04:00:00+00:00,755.3,799.28,143.7,29.59,4.41
1990-04-12 05:00:00+00:00,818.0,739.6,149.1,30.45,4.62
1990-04-12 06:00:00+00:00,837.05,612.47,234.7,30.8,4.76
1990-04-12 07:00:00+00:00,704.6,551.25,155.0,30.98,4.69
1990-04-12 08:00:00+00:00,638.15,458.92,204.9,30.7,4.76
1990-04-12 09:00:00+00:00,537.55,485.04,135.8,30.54,4.55
1990-04-12 10:00:00+00:00,317.5,274.82,136.8,30.44,4.41
1990-04-12 11:00:00+00:00,192.25,279.29,68.4,29.76,4.41
1990-04-12 12:00:00+00:00,36.75,78.26,21.05,29.16,4.34
1990-04-12 13:00:00+00:00,0.0,0.0,0.0,28.52,3.66
1990-04-12 14:00:00+00:00,0.0,0.0,0.0,28.14,3.52
1990-04-12 15:00:00+00:00,0.0,0.0,0.0,27.86,3.52
1990-04-12 16:00:00+00:00,0.0,0.0,0.0,27.66,3.52
1990-04-12 17:00:00+00:00,0.0,0.0,0.0,27.49,3.38
1990-04-12 18:00:00+00:00,0.0,0.0,0.0,27.34,3.45
1990-04-12 19:00:00+00:00,0.0,0.0,0.0,27.28,3.66
1990-04-12 20:00:00+00:00,0.0,0.0,0.0,27.13,3.52
1990-04-12 21:00:00+00:00,0.0,0.0,0.0,26.88,3.52
1990-04-12 22:00:00+00:00,0.0,0.0,0.0,26.61,3.52
1990-04-12 23:00:00+00:00,0.0,0.0,0.0,26.33,3.52
1990-04-13 00:00:00+00:00,0.0,0.0,0.0,26.2,3.38
1990-04-13 01:00:00+00:00,151.25,939.28,57.45,26.2,3.1
1990-04-13 02:00:00+00:00,364.75,755.21,100.9,27.05,4.07
1990-04-13 03:00:00+00:00,611.7,839.63,127.55,28.29,4.28
1990-04-13 04:00:00+00:00,802.45,859.08,144.3,29.43,4.34
1990-04-13 05:00:00+00:00,816.0,704.96,178.05,30.27,4.48
1990-04-13 06:00:00+00:00,875.1,677.13,209.05,30.63,4.62
1990-04-13 07:00:00+00:00,818.9,636.81,184.1,31.05,4.48
1990-04-13 08:00:00+00:00,524.25,397.33,149.3,31.03,4.55
1990-04-13 09:00:00+00:00,402.35,324.93,133.4,30.32,4.62
1990-04-13 10:00:00+00:00,323.45,291.21,132.15,29.85,4.34
1990-04-13 11:00:00+00:00,146.95,185.38,64.85,29.52,4.48
1990-04-13 12:00:00+00:00,26.25,64.43,13.35,28.94,4.07
1990-04-13 13:00:00+00:00,0.0,0.0,0.0,28.34,3.79
1990-04-13 14:00:00+00:00,0.0,0.0,0.0,27.99,3.45
1990-04-13 15:00:00+00:00,0.0,0.0,0.0,27.77,3.17
1990-04-13 16:00:00+00:00,0.0,0.0,0.0,27.55,3.03
1990-04-13 17:00:00+00:00,0.0,0.0,0.0,27.43,2.83
1990-04-13 18:00:00+00:00,0.0,0.0,0.0,27.23,2.55
1990-04-13 19:00:00+00:00,0.0,0.0,0.0,27.17,2.97
1990-04-13 20:00:00+00:00,0.0,0.0,0.0,26.73,2.76
1990-04-13 21:00:00+00:00,0.0,0.0,0.0,26.46,2.69
1990-04-13 22:00:00+00:00,0.0,0.0,0.0,26.37,2.97
1990-04-13 23:00:00+00:00,0.0,0.0,0.0,26.43,3.03
1990-04-14 00:00:00+00:00,0.0,0.0,0.0,26.4,3.1
1990-04-14 01:00:00+00:00,130.95,486.18,81.45,26.51,2.97
1990-04-14 02:00:00+00:00,302.3,448.28,144.95,27.23,3.45
1990-04-14 03:00:00+00:00,562.4,627.81,199.6,28.12,3.93
1990-04-14 04:00:00+00:00,761.0,749.56,186.1,29.14,4.0
1990-04-14 05:00:00+00:00,879.75,719.22,228.55,30.02,3.86
1990-04-14 06:00:00+00:00,795.2,540.94,263.05,30.66,3.66
1990-04-14 07:00:00+00:00,641.2,362.61,279.8,31.07,3.93
1990-04-14 08:00:00+00:00,555.2,298.12,274.0,30.66,4.07
1990-04-14 09:00:00+00:00,327.25,140.0,211.45,30.62,4.07
1990-04-14 10:00:00+00:00,262.75,147.27,166.1,30.09,3.72
1990-04-14 11:00:00+00:00,109.25,45.44,89.15,29.84,3.24
1990-04-14 12:00:00+00:00,11.2,13.01,8.6,29.41,2.48
1990-04-14 13:00:00+00:00,0.0,0.0,0.0,27.74,1.72
1990-04-14 14:00:00+00:00,0.0,0.0,0.0,27.07,2.34
1990-04-14 15:00:00+00:00,0.0,0.0,0.0,26.67,2.34
1990-04-14 16:00:00+00:00,0.0,0.0,0.0,26.48,2.0
1990-04-14 17:00:00+00:00,0.0,0.0,0.0,26.39,1.72
1990-04-14 18:00:00+00:00,0.0,0.0,0.0,26.33,1.72
1990-04-14 19:00:00+00:00,0.0,0.0,0.0,25.84,2.07
1990-04-14 20:00:00+00:00,0.0,0.0,0.0,25.87,1.93
1990-04-14 21:00:00+00:00,0.0,0.0,0.0,25.84,1.86
1990-04-14 22:00:00+00:00,0.0,0.0,0.0,25.74,1.66
1990-04-14 23:00:00+00:00,0.0,0.0,0.0,25.71,1.59
1990-04-15 00:00:00+00:00,0.0,0.0,0.0,25.7,1.59
1990-04-15 01:00:00+00:00,135.95,791.01,53.9,25.88,1.45
1990-04-15 02:00:00+00:00,323.05,573.46,120.85,26.47,1.86
1990-04-15 03:00:00+00:00,556.3,656.79,175.95,27.48,2.07
1990-04-15 04:00:00+00:00,730.25,721.54,176.25,28.65,2.21
1990-04-15 05:00:00+00:00,920.65,857.7,143.7,29.53,2.34
1990-04-15 06:00:00+00:00,892.9,704.39,199.9,30.33,2.76
1990-04-15 07:00:00+00:00,793.8,562.21,233.6,31.19,3.17
1990-04-15 08:00:00+00:00,710.55,523.61,216.9,31.04,3.38
1990-04-15 09:00:00+00:00,501.4,344.38,216.75,30.71,3.38
1990-04-15 10:00:00+00:00,372.65,312.36,167.85,29.43,3.17
1990-04-15 11:00:00+00:00,134.2,97.0,91.35,29.28,2.28
1990-04-15 12:00:00+00:00,21.75,17.05,18.35,29.12,3.17
1990-04-15 13:00:00+00:00,0.0,0.0,0.0,28.61,2.76
1990-04-15 14:00:00+00:00,0.0,0.0,0.0,28.3,2.55
1990-04-15 15:00:00+00:00,0.0,0.0,0.0,28.07,2.21
1990-04-15 16:00:00+00:00,0.0,0.0,0.0,27.79,2.07
1990-04-15 17:00:00+00:00,0.0,0.0,0.0,27.47,2.21
1990-04-15 18:00:00+00:00,0.0,0.0,0.0,27.16,2.21
1990-04-15 19:00:00+00:00,0.0,0.0,0.0,27.11,2.14
1990-04-15 20:00:00+00:00,0.0,0.0,0.0,26.95,2.28
1990-04-15 21:00:00+00:00,0.0,0.0,0.0,26.54,2.69
1990-04-15 22:00:00+00:00,0.0,0.0,0.0,26.12,2.76
1990-04-15 23:00:00+00:00,0.0,0.0,0.0,26.05,2.62
1990-04-16 00:00:00+00:00,0.0,0.0,0.0,25.96,2.41
1990-04-16 01:00:00+00:00,119.75,464.48,70.7,25.93,2.41
1990-04-16 02:00:00+00:00,323.6,549.22,129.1,26.6,3.1
1990-04-16 03:00:00+00:00,553.3,618.68,194.3,27.58,4.28
1990-04-16 04:00:00+00:00,664.75,541.39,248.65,28.42,3.93
1990-04-16 05:00:00+00:00,806.55,633.83,232.15,28.99,3.03
1990-04-16 06:00:00+00:00,885.65,619.81,275.85,29.87,3.72
1990-04-16 07:00:00+00:00,617.05,385.48,233.05,30.31,3.24
1990-04-16 08:00:00+00:00,565.8,331.64,253.3,29.58,3.38
1990-04-16 09:00:00+00:00,307.3,97.04,227.15,29.47,4.21
1990-04-16 10:00:00+00:00,216.45,60.46,176.85,29.11,4.14
1990-04-16 11:00:00+00:00,92.7,18.7,84.45,28.71,4.0
1990-04-16 12:00:00+00:00,15.0,0.0,15.0,28.23,4.21
1990-04-16 13:00:00+00:00,0.0,0.0,0.0,27.34,4.28
1990-04-16 14:00:00+00:00,0.0,0.0,0.0,26.81,3.93
1990-04-16 15:00:00+00:00,0.0,0.0,0.0,26.58,3.72
1990-04-16 16:00:00+00:00,0.0,0.0,0.0,26.45,3.52
1990-04-16 17:00:00+00:00,0.0,0.0,0.0,26.38,3.66
1990-04-16 18:00:00+00:00,0.0,0.0,0.0,26.07,3.93
1990-04-16 19:00:00+00:00,0.0,0.0,0.0,26.04,4.48
1990-04-16 20:00:00+00:00,0.0,0.0,0.0,26.08,4.48
1990-04-16 21:00:00+00:00,0.0,0.0,0.0,25.87,3.72
1990-04-16 22:00:00+00:00,0.0,0.0,0.0,25.59,3.31
1990-04-16 23:00:00+00:00,0.0,0.0,0.0,25.2,3.03
1990-04-17 00:00:00+00:00,0.0,0.0,0.0,25.02,3.1
1990-04-17 01:00:00+00:00,124.95,489.13,72.4,25.02,3.38
1990-04-17 02:00:00+00:00,287.45,402.8,144.2,25.55,3.24
1990-04-17 03:00:00+00:00,461.6,451.77,198.95,26.14,3.52
1990-04-17 04:00:00+00:00,460.65,304.17,226.65,26.68,4.0
1990-04-17 05:00:00+00:00,405.5,95.25,319.15,26.74,4.0
1990-04-17 06:00:00+00:00,738.25,358.04,386.0,27.15,3.93
1990-04-17 07:00:00+00:00,654.15,222.47,432.6,28.96,4.83
1990-04-17 08:00:00+00:00,436.0,137.72,306.3,29.16,5.1
1990-04-17 09:00:00+00:00,374.6,199.68,209.8,28.54,4.97
1990-04-17 10:00:00+00:00,306.85,223.41,160.65,28.58,4.97
1990-04-17 11:00:00+00:00,130.05,88.17,91.2,27.54,4.9
1990-04-17 12:00:00+00:00,18.3,18.62,14.6,26.93,4.14
1990-04-17 13:00:00+00:00,0.0,0.0,0.0,26.64,3.52
1990-04-17 14:00:00+00:00,0.0,0.0,0.0,26.57,3.72
1990-04-17 15:00:00+00:00,0.0,0.0,0.0,26.71,3.72
1990-04-17 16:00:00+00:00,0.0,0.0,0.0,26.59,3.86
1990-04-17 17:00:00+00:00,0.0,0.0,0.0,26.38,3.93
1990-04-17 18:00:00+00:00,0.0,0.0,0.0,25.83,4.34
1990-04-17 19:00:00+00:00,0.0,0.0,0.0,25.91,3.38
1990-04-17 20:00:00+00:00,0.0,0.0,0.0,25.54,3.31
1990-04-17 21:00:00+00:00,0.0,0.0,0.0,25.45,3.52
1990-04-17 22:00:00+00:00,0.0,0.0,0.0,25.41,4.0
1990-04-17 23:00:00+00:00,0.0,0.0,0.0,25.06,4.14
1990-04-18 00:00:00+00:00,0.0,0.0,0.0,25.18,4.28
1990-04-18 01:00:00+00:00,59.35,53.56,53.5,25.55,4.34
1990-04-18 02:00:00+00:00,130.4,45.51,114.15,25.7,4.62
1990-04-18 03:00:00+00:00,272.9,128.25,198.2,26.24,4.07
1990-04-18 04:00:00+00:00,373.7,96.95,299.05,26.55,4.41
1990-04-18 05:00:00+00:00,668.05,407.84,298.2,27.04,4.41
1990-04-18 06:00:00+00:00,232.25,19.06,213.5,27.87,4.34
1990-04-18 07:00:00+00:00,386.05,90.36,296.1,26.76,2.34
1990-04-18 08:00:00+00:00,307.4,60.77,250.2,26.88,1.86
1990-04-18 09:00:00+00:00,206.95,15.4,194.25,26.21,2.83
1990-04-18 10:00:00+00:00,58.1,0.0,58.1,26.02,3.17
1990-04-18 11:00:00+00:00,52.2,0.0,52.2,25.88,3.45
1990-04-18 12:00:00+00:00,10.0,0.0,10.0,25.99,3.38
1990-04-18 13:00:00+00:00,0.0,0.0,0.0,25.95,3.31
1990-04-18 14:00:00+00:00,0.0,0.0,0.0,26.0,3.17
1990-04-18 15:00:00+00:00,0.0,0.0,0.0,26.09,3.24
1990-04-18 16:00:00+00:00,0.0,0.0,0.0,26.18,3.38
1990-04-18 17:00:00+00:00,0.0,0.0,0.0,26.16,3.59
1990-04-18 18:00:00+00:00,0.0,0.0,0.0,26.06,3.93
1990-04-18 19:00:00+00:00,0.0,0.0,0.0,25.27,3.59
1990-04-18 20:00:00+00:00,0.0,0.0,0.0,25.54,3.45
1990-04-18 21:00:00+00:00,0.0,0.0,0.0,25.86,2.62
1990-04-18 22:00:00+00:00,0.0,0.0,0.0,25.14,2.48
1990-04-18 23:00:00+00:00,0.0,0.0,0.0,24.86,2.14
1990-04-19 00:00:00+00:00,0.0,0.0,0.0,25.17,2.14
1990-04-19 01:00:00+00:00,120.15,401.44,75.6,25.39,1.86
1990-04-19 02:00:00+00:00,332.2,622.9,108.9,26.03,1.79
1990-04-19 03:00:00+00:00,518.05,587.35,175.35,27.2,2.14
1990-04-19 04:00:00+00:00,661.95,618.42,185.4,28.34,2.48
1990-04-19 05:00:00+00:00,699.0,538.26,210.75,29.15,2.62
1990-04-19 06:00:00+00:00,663.8,440.49,230.5,29.55,2.9
1990-04-19 07:00:00+00:00,769.55,574.99,197.35,29.89,2.83
1990-04-19 08:00:00+00:00,688.05,491.98,225.25,30.03,2.83
1990-04-19 09:00:00+00:00,563.9,464.49,181.15,30.09,2.83
1990-04-19 10:00:00+00:00,400.55,406.52,135.05,30.03,3.03
1990-04-19 11:00:00+00:00,160.85,165.84,87.95,29.56,2.48
1990-04-19 12:00:00+00:00,25.05,46.21,15.9,28.51,1.79
1990-04-19 13:00:00+00:00,0.0,0.0,0.0,28.2,1.45
1990-04-19 14:00:00+00:00,0.0,0.0,0.0,27.89,1.24
1990-04-19 15:00:00+00:00,0.0,0.0,0.0,27.33,1.66
1990-04-19 16:00:00+00:00,0.0,0.0,0.0,26.86,1.86
1990-04-19 17:00:00+00:00,0.0,0.0,0.0,26.53,2.0
1990-04-19 18:00:00+00:00,0.0,0.0,0.0,26.22,2.0
1990-04-19 19:00:00+00:00,0.0,0.0,0.0,26.42,1.66
1990-04-19 20:00:00+00:00,0.0,0.0,0.0,26.12,1.72
1990-04-19 21:00:00+00:00,0.0,0.0,0.0,25.7,1.59
1990-04-19 22:00:00+00:00,0.0,0.0,0.0,25.44,1.72
1990-04-19 23:00:00+00:00,0.0,0.0,0.0,25.33,1.38
1990-04-20 00:00:00+00:00,0.0,0.0,0.0,25.24,1.38
1990-04-20 01:00:00+00:00,146.2,690.0,68.45,25.36,1.52
1990-04-20 02:00:00+00:00,357.7,625.28,132.7,26.1,1.52
1990-04-20 03:00:00+00:00,569.2,685.79,168.4,27.15,1.38
1990-04-20 04:00:00+00:00,701.6,678.46,178.4,28.3,1.59
1990-04-20 05:00:00+00:00,667.25,486.06,226.25,29.18,1.59
1990-04-20 06:00:00+00:00,844.3,589.8,264.2,29.55,1.59
1990-04-20 07:00:00+00:00,719.4,430.51,291.15,29.94,2.0
1990-04-20 08:00:00+00:00,718.45,566.05,186.3,29.49,2.28
1990-04-20 09:00:00+00:00,452.55,341.65,171.25,29.47,3.17
1990-04-20 10:00:00+00:00,307.4,241.39,149.9,28.59,2.34
1990-04-20 11:00:00+00:00,148.95,168.77,74.85,28.63,2.14
1990-04-20 12:00:00+00:00,29.45,58.17,17.95,28.47,1.52
1990-04-20 13:00:00+00:00,0.0,0.0,0.0,28.07,1.31
1990-04-20 14:00:00+00:00,0.0,0.0,0.0,27.4,1.79
1990-04-20 15:00:00+00:00,0.0,0.0,0.0,26.62,2.34
1990-04-20 16:00:00+00:00,0.0,0.0,0.0,26.24,2.34
1990-04-20 17:00:00+00:00,0.0,0.0,0.0,26.13,1.79
1990-04-20 18:00:00+00:00,0.0,0.0,0.0,25.91,1.52
1990-04-20 19:00:00+00:00,0.0,0.0,0.0,25.75,3.1
1990-04-20 20:00:00+00:00,0.0,0.0,0.0,25.54,2.62
1990-04-20 21:00:00+00:00,0.0,0.0,0.0,25.49,2.28
1990-04-20 22:00:00+00:00,0.0,0.0,0.0,25.49,2.14
1990-04-20 23:00:00+00:00,0.0,0.0,0.0,25.47,2.07
1990-04-21 00:00:00+00:00,0.0,0.0,0.0,25.25,2.07
1990-04-21 01:00:00+00:00,141.25,607.84,71.75,25.28,2.0
1990-04-21 02:00:00+00:00,360.2,657.22,122.85,25.72,2.14
1990-04-21 03:00:00+00:00,569.15,643.89,192.25,26.86,1.79
1990-04-21 04:00:00+00:00,795.05,817.63,164.1,28.11,1.17
1990-04-21 05:00:00+00:00,850.75,737.85,181.2,29.23,0.76
1990-04-21 06:00:00+00:00,871.6,705.48,177.85,29.9,1.24
1990-04-21 07:00:00+00:00,829.2,639.19,193.65,30.32,2.34
1990-04-21 08:00:00+00:00,744.8,554.12,224.2,30.4,2.9
1990-04-21 09:00:00+00:00,495.85,390.31,174.75,30.07,2.83
1990-04-21 10:00:00+00:00,232.4,165.08,124.8,29.4,2.48
1990-04-21 11:00:00+00:00,140.4,134.53,81.4,29.09,1.93
1990-04-21 12:00:00+00:00,26.8,23.3,22.2,28.86,1.59
1990-04-21 13:00:00+00:00,0.0,0.0,0.0,28.46,0.97
1990-04-21 14:00:00+00:00,0.0,0.0,0.0,28.04,1.17
1990-04-21 15:00:00+00:00,0.0,0.0,0.0,27.46,1.52
1990-04-21 16:00:00+00:00,0.0,0.0,0.0,27.08,1.72
1990-04-21 17:00:00+00:00,0.0,0.0,0.0,26.52,1.86
1990-04-21 18:00:00+00:00,0.0,0.0,0.0,26.31,1.72
1990-04-21 19:00:00+00:00,0.0,0.0,0.0,26.31,0.9
1990-04-21 20:00:00+00:00,0.0,0.0,0.0,26.69,0.55
1990-04-21 21:00:00+00:00,0.0,0.0,0.0,26.6,0.62
1990-04-21 22:00:00+00:00,0.0,0.0,0.0,25.86,0.97
1990-04-21 23:00:00+00:00,0.0,0.0,0.0,25.38,1.24
1990-04-22 00:00:00+00:00,0.0,0.0,0.0,25.22,1.38
1990-04-22 01:00:00+00:00,103.55,128.07,88.7,25.34,1.24
1990-04-22 02:00:00+00:00,301.6,402.88,155.6,26.85,1.1
1990-04-22 03:00:00+00:00,510.7,553.47,186.25,27.76,1.52
1990-04-22 04:00:00+00:00,720.55,733.73,154.0,28.61,2.0
1990-04-22 05:00:00+00:00,804.6,722.56,148.85,29.61,2.48
1990-04-22 06:00:00+00:00,852.8,702.48,162.15,30.09,3.03
1990-04-22 07:00:00+00:00,715.45,540.37,178.4,30.38,2.9
1990-04-22 08:00:00+00:00,656.6,505.07,182.4,30.38,3.03
1990-04-22 09:00:00+00:00,544.6,481.75,148.6,30.31,3.03
1990-04-22 10:00:00+00:00,413.5,451.87,119.25,30.03,2.83
1990-04-22 11:00:00+00:00,213.15,322.56,71.85,29.8,2.41
1990-04-22 12:00:00+00:00,37.35,85.72,20.45,29.4,2.0
1990-04-22 13:00:00+00:00,0.0,0.0,0.0,28.8,1.72
1990-04-22 14:00:00+00:00,0.0,0.0,0.0,28.3,1.72
1990-04-22 15:00:00+00:00,0.0,0.0,0.0,27.84,1.86
1990-04-22 16:00:00+00:00,0.0,0.0,0.0,27.45,2.0
1990-04-22 17:00:00+00:00,0.0,0.0,0.0,27.1,2.21
1990-04-22 18:00:00+00:00,0.0,0.0,0.0,26.83,2.28
1990-04-22 19:00:00+00:00,0.0,0.0,0.0,26.91,2.28
1990-04-22 20:00:00+00:00,0.0,0.0,0.0,26.77,2.41
1990-04-22 21:00:00+00:00,0.0,0.0,0.0,26.65,2.48
1990-04-22 22:00:00+00:00,0.0,0.0,0.0,26.53,2.48
1990-04-22 23:00:00+00:00,0.0,0.0,0.0,26.47,2.41
1990-04-23 00:00:00+00:00,0.0,0.0,0.0,26.47,2.21
1990-04-23 01:00:00+00:00,133.9,526.72,72.0,26.47,2.0
1990-04-23 02:00:00+00:00,385.8,745.61,114.7,27.16,2.28
1990-04-23 03:00:00+00:00,536.1,674.42,140.2,28.52,2.41
1990-04-23 04:00:00+00:00,729.0,739.74,157.5,29.51,2.34
1990-04-23 05:00:00+00:00,763.7,664.56,160.55,30.33,2.28
1990-04-23 06:00:00+00:00,765.95,512.82,261.9,30.73,2.34
1990-04-23 07:00:00+00:00,765.3,600.34,168.95,31.04,1.93
1990-04-23 08:00:00+00:00,662.85,495.29,198.15,31.13,2.07
1990-04-23 09:00:00+00:00,569.3,543.64,122.8,31.1,1.93
1990-04-23 10:00:00+00:00,410.4,441.93,122.9,30.9,1.66
1990-04-23 11:00:00+00:00,169.3,248.07,60.75,30.59,1.31
1990-04-23 12:00:00+00:00,28.35,73.64,13.85,30.13,0.9
1990-04-23 13:00:00+00:00,0.0,0.0,0.0,29.55,1.1
1990-04-23 14:00:00+00:00,0.0,0.0,0.0,28.92,1.31
1990-04-23 15:00:00+00:00,0.0,0.0,0.0,28.52,1.66
1990-04-23 16:00:00+00:00,0.0,0.0,0.0,28.22,2.14
1990-04-23 17:00:00+00:00,0.0,0.0,0.0,27.94,2.48
1990-04-23 18:00:00+00:00,0.0,0.0,0.0,27.66,2.76
1990-04-23 19:00:00+00:00,0.0,0.0,0.0,27.52,2.48
1990-04-23 20:00:00+00:00,0.0,0.0,0.0,27.29,2.55
1990-04-23 21:00:00+00:00,0.0,0.0,0.0,26.91,2.55
1990-04-23 22:00:00+00:00,0.0,0.0,0.0,26.8,2.62
1990-04-23 23:00:00+00:00,0.0,0.0,0.0,26.78,2.76
1990-04-24 00:00:00+00:00,0.0,0.0,0.0,26.53,2.76
1990-04-24 01:00:00+00:00,151.45,769.09,59.9,26.75,2.62
1990-04-24 02:00:00+00:00,364.55,647.03,128.55,27.32,3.03
1990-04-24 03:00:00+00:00,575.4,714.21,155.6,28.33,2.76
1990-04-24 04:00:00+00:00,771.1,806.66,147.6,29.25,2.97
1990-04-24 05:00:00+00:00,826.4,701.34,189.85,30.16,3.24
1990-04-24 06:00:00+00:00,902.0,751.31,163.75,30.7,3.59
1990-04-24 07:00:00+00:00,860.9,695.83,170.05,30.95,3.24
1990-04-24 08:00:00+00:00,722.75,597.54,162.5,31.0,3.59
1990-04-24 09:00:00+00:00,534.9,474.45,145.55,30.6,3.72
1990-04-24 10:00:00+00:00,346.25,360.89,111.7,30.34,3.66
1990-04-24 11:00:00+00:00,168.7,228.43,68.85,29.99,3.24
1990-04-24 12:00:00+00:00,35.5,92.78,17.25,29.33,3.03
1990-04-24 13:00:00+00:00,0.0,0.0,0.0,28.65,2.97
1990-04-24 14:00:00+00:00,0.0,0.0,0.0,28.08,2.97
1990-04-24 15:00:00+00:00,0.0,0.0,0.0,27.65,3.1
1990-04-24 16:00:00+00:00,0.0,0.0,0.0,27.32,3.24
1990-04-24 17:00:00+00:00,0.0,0.0,0.0,27.03,3.45
1990-04-24 18:00:00+00:00,0.0,0.0,0.0,26.82,3.59
1990-04-24 19:00:00+00:00,0.0,0.0,0.0,27.22,3.38
1990-04-24 20:00:00+00:00,0.0,0.0,0.0,27.17,3.79
1990-04-24 21:00:00+00:00,0.0,0.0,0.0,27.16,4.21
1990-04-24 22:00:00+00:00,0.0,0.0,0.0,27.22,4.14
1990-04-24 23:00:00+00:00,0.0,0.0,0.0,27.22,4.0
1990-04-25 00:00:00+00:00,0.0,0.0,0.0,27.23,3.93
1990-04-25 01:00:00+00:00,136.55,538.98,71.6,27.36,3.79
1990-04-25 02:00:00+00:00,370.05,696.2,115.35,28.0,4.34
1990-04-25 03:00:00+00:00,582.2,771.38,128.25,28.95,5.31
1990-04-25 04:00:00+00:00,778.9,819.38,145.3,29.8,5.52
1990-04-25 05:00:00+00:00,864.35,785.05,151.85,30.44,5.66
1990-04-25 06:00:00+00:00,945.1,756.59,201.9,30.72,5.79
1990-04-25 07:00:00+00:00,822.05,598.76,227.9,31.0,5.1
1990-04-25 08:00:00+00:00,749.3,583.08,203.0,30.86,5.1
1990-04-25 09:00:00+00:00,641.9,545.41,194.7,30.7,5.17
1990-04-25 10:00:00+00:00,418.6,389.11,165.95,30.43,5.17
1990-04-25 11:00:00+00:00,203.35,252.94,92.9,29.84,5.17
1990-04-25 12:00:00+00:00,36.25,73.03,21.9,29.24,4.97
1990-04-25 13:00:00+00:00,0.0,0.0,0.0,28.64,4.34
1990-04-25 14:00:00+00:00,0.0,0.0,0.0,28.26,4.41
1990-04-25 15:00:00+00:00,0.0,0.0,0.0,28.1,4.69
1990-04-25 16:00:00+00:00,0.0,0.0,0.0,27.97,4.62
1990-04-25 17:00:00+00:00,0.0,0.0,0.0,27.88,4.62
1990-04-25 18:00:00+00:00,0.0,0.0,0.0,27.77,4.69
1990-04-25 19:00:00+00:00,0.0,0.0,0.0,27.81,4.76
1990-04-25 20:00:00+00:00,0.0,0.0,0.0,27.78,4.69
1990-04-25 21:00:00+00:00,0.0,0.0,0.0,27.7,4.55
1990-04-25 22:00:00+00:00,0.0,0.0,0.0,27.56,4.41
1990-04-25 23:00:00+00:00,0.0,0.0,0.0,27.49,4.41
1990-04-26 00:00:00+00:00,0.0,0.0,0.0,27.58,4.34
1990-04-26 01:00:00+00:00,147.05,444.95,92.8,27.72,4.21
1990-04-26 02:00:00+00:00,340.5,456.0,173.2,28.33,4.55
1990-04-26 03:00:00+00:00,499.6,480.19,216.7,29.28,5.38
1990-04-26 04:00:00+00:00,718.55,554.78,289.4,29.97,5.24
1990-04-26 05:00:00+00:00,850.75,624.51,284.0,30.63,5.38
1990-04-26 06:00:00+00:00,893.3,577.07,326.65,31.11,5.52
1990-04-26 07:00:00+00:00,873.05,542.23,335.3,31.21,6.34
1990-04-26 08:00:00+00:00,706.45,516.37,223.0,31.18,6.48
1990-04-26 09:00:00+00:00,540.2,388.23,222.15,30.88,6.48
1990-04-26 10:00:00+00:00,357.65,292.97,167.6,30.48,6.34
1990-04-26 11:00:00+00:00,209.8,272.79,90.8,29.99,6.07
1990-04-26 12:00:00+00:00,33.1,60.35,21.25,29.49,5.45
1990-04-26 13:00:00+00:00,0.0,0.0,0.0,28.92,4.97
1990-04-26 14:00:00+00:00,0.0,0.0,0.0,28.53,5.03
1990-04-26 15:00:00+00:00,0.0,0.0,0.0,28.29,4.97
1990-04-26 16:00:00+00:00,0.0,0.0,0.0,28.16,4.97
1990-04-26 17:00:00+00:00,0.0,0.0,0.0,28.01,5.03
1990-04-26 18:00:00+00:00,0.0,0.0,0.0,27.85,5.1
1990-04-26 19:00:00+00:00,0.0,0.0,0.0,27.74,5.31
1990-04-26 20:00:00+00:00,0.0,0.0,0.0,27.65,5.31
1990-04-26 21:00:00+00:00,0.0,0.0,0.0,27.59,5.31
1990-04-26 22:00:00+00:00,0.0,0.0,0.0,27.55,5.17
1990-04-26 23:00:00+00:00,0.0,0.0,0.0,27.59,5.1
1990-04-27 00:00:00+00:00,0.0,0.0,0.0,27.68,5.17
1990-04-27 01:00:00+00:00,149.35,688.6,64.45,27.73,5.17
1990-04-27 02:00:00+00:00,365.15,709.6,104.1,28.33,6.14
1990-04-27 03:00:00+00:00,540.6,591.69,191.65,29.21,6.55
1990-04-27 04:00:00+00:00,792.7,782.47,187.25,29.91,6.69
1990-04-27 05:00:00+00:00,927.25,867.91,139.7,30.62,6.76
1990-04-27 06:00:00+00:00,913.45,777.8,150.0,31.04,6.9
1990-04-27 07:00:00+00:00,899.15,779.8,126.25,31.1,6.9
1990-04-27 08:00:00+00:00,734.75,594.3,178.75,31.13,7.03
1990-04-27 09:00:00+00:00,661.35,667.84,114.7,30.87,6.9
1990-04-27 10:00:00+00:00,445.8,508.88,116.0,30.58,7.03
1990-04-27 11:00:00+00:00,217.95,322.04,77.6,30.12,7.03
1990-04-27 12:00:00+00:00,39.4,106.02,18.6,29.42,6.83
1990-04-27 13:00:00+00:00,0.0,0.0,0.0,28.72,5.86
1990-04-27 14:00:00+00:00,0.0,0.0,0.0,28.3,5.59
1990-04-27 15:00:00+00:00,0.0,0.0,0.0,28.19,5.52
1990-04-27 16:00:00+00:00,0.0,0.0,0.0,28.08,5.59
1990-04-27 17:00:00+00:00,0.0,0.0,0.0,27.96,5.66
1990-04-27 18:00:00+00:00,0.0,0.0,0.0,27.84,5.66
1990-04-27 19:00:00+00:00,0.0,0.0,0.0,28.02,6.07
1990-04-27 20:00:00+00:00,0.0,0.0,0.0,27.88,6.0
1990-04-27 21:00:00+00:00,0.0,0.0,0.0,27.88,6.07
1990-04-27 22:00:00+00:00,0.0,0.0,0.0,27.78,6.07
1990-04-27 23:00:00+00:00,0.0,0.0,0.0,27.6,5.93
1990-04-28 00:00:00+00:00,0.0,0.0,0.0,27.53,5.66
1990-04-28 01:00:00+00:00,133.4,560.14,63.6,27.51,5.38
1990-04-28 02:00:00+00:00,334.4,594.99,114.95,28.08,5.93
1990-04-28 03:00:00+00:00,539.65,645.51,158.6,28.94,6.76
1990-04-28 04:00:00+00:00,651.6,551.71,224.6,29.73,6.83
1990-04-28 05:00:00+00:00,689.4,471.92,261.25,30.37,6.97
1990-04-28 06:00:00+00:00,874.4,695.88,191.65,30.57,6.9
1990-04-28 07:00:00+00:00,887.7,723.19,171.35,30.86,6.97
1990-04-28 08:00:00+00:00,780.55,644.01,178.5,30.97,7.17
1990-04-28 09:00:00+00:00,656.65,655.81,120.3,30.76,7.1
1990-04-28 10:00:00+00:00,430.6,477.45,121.45,30.46,7.17
1990-04-28 11:00:00+00:00,231.35,369.52,70.45,29.88,6.83
1990-04-28 12:00:00+00:00,38.75,100.21,19.1,29.28,6.76
1990-04-28 13:00:00+00:00,0.0,0.0,0.0,28.66,6.07
1990-04-28 14:00:00+00:00,0.0,0.0,0.0,28.34,5.72
1990-04-28 15:00:00+00:00,0.0,0.0,0.0,28.16,5.59
1990-04-28 16:00:00+00:00,0.0,0.0,0.0,28.1,5.52
1990-04-28 17:00:00+00:00,0.0,0.0,0.0,28.03,5.59
1990-04-28 18:00:00+00:00,0.0,0.0,0.0,27.87,5.59
1990-04-28 19:00:00+00:00,0.0,0.0,0.0,27.88,5.93
1990-04-28 20:00:00+00:00,0.0,0.0,0.0,27.72,5.79
1990-04-28 21:00:00+00:00,0.0,0.0,0.0,27.55,5.79
1990-04-28 22:00:00+00:00,0.0,0.0,0.0,27.45,5.66
1990-04-28 23:00:00+00:00,0.0,0.0,0.0,27.43,5.52
1990-04-29 00:00:00+00:00,0.0,0.0,0.0,27.38,5.45
1990-04-29 01:00:00+00:00,135.8,476.25,75.85,27.49,5.45
1990-04-29 02:00:00+00:00,389.85,773.02,104.05,28.19,6.21
1990-04-29 03:00:00+00:00,616.0,827.17,127.3,29.18,6.34
1990-04-29 04:00:00+00:00,804.4,876.64,125.8,30.02,6.34
1990-04-29 05:00:00+00:00,922.7,856.93,145.4,30.69,6.41
1990-04-29 06:00:00+00:00,913.45,775.99,152.45,31.13,6.48
1990-04-29 07:00:00+00:00,942.2,810.22,140.15,31.19,6.41
1990-04-29 08:00:00+00:00,732.55,637.92,136.65,31.27,6.69
1990-04-29 09:00:00+00:00,643.45,659.0,104.95,30.84,6.76
1990-04-29 10:00:00+00:00,485.25,609.27,91.1,30.57,6.83
1990-04-29 11:00:00+00:00,239.8,406.16,63.1,30.09,6.83
1990-04-29 12:00:00+00:00,40.8,116.08,18.05,29.38,6.62
1990-04-29 13:00:00+00:00,0.0,0.0,0.0,28.7,6.14
1990-04-29 14:00:00+00:00,0.0,0.0,0.0,28.27,6.14
1990-04-29 15:00:00+00:00,0.0,0.0,0.0,28.05,6.0
1990-04-29 16:00:00+00:00,0.0,0.0,0.0,27.95,6.0
1990-04-29 17:00:00+00:00,0.0,0.0,0.0,27.83,5.93
1990-04-29 18:00:00+00:00,0.0,0.0,0.0,27.72,6.0
1990-04-29 19:00:00+00:00,0.0,0.0,0.0,27.68,5.93
1990-04-29 20:00:00+00:00,0.0,0.0,0.0,27.56,5.93
1990-04-29 21:00:00+00:00,0.0,0.0,0.0,27.48,5.86
1990-04-29 22:00:00+00:00,0.0,0.0,0.0,27.4,5.79
1990-04-29 23:00:00+00:00,0.0,0.0,0.0,27.34,5.79
1990-04-30 00:00:00+00:00,0.0,0.0,0.0,27.42,5.79
1990-04-30 01:00:00+00:00,148.95,655.43,65.65,27.43,5.72
1990-04-30 02:00:00+00:00,390.1,777.89,101.85,28.01,6.28
1990-04-30 03:00:00+00:00,609.9,787.55,144.25,28.89,6.55
1990-04-30 04:00:00+00:00,743.2,684.66,213.15,29.64,6.48
1990-04-30 05:00:00+00:00,940.35,884.0,138.7,30.22,6.48
1990-04-30 06:00:00+00:00,978.1,833.09,161.5,30.8,6.55
1990-04-30 07:00:00+00:00,966.55,845.12,130.5,31.12,6.76
1990-04-30 08:00:00+00:00,866.2,799.22,120.2,31.13,6.69
1990-04-30 09:00:00+00:00,704.2,725.46,111.9,31.0,6.69
1990-04-30 10:00:00+00:00,483.05,602.54,93.6,30.56,6.69
1990-04-30 11:00:00+00:00,243.3,408.1,65.9,29.95,6.76
1990-04-30 12:00:00+00:00,41.8,119.68,18.35,29.12,6.69
1990-04-30 13:00:00+00:00,0.0,0.0,0.0,28.42,6.07
1990-04-30 14:00:00+00:00,0.0,0.0,0.0,28.09,6.14
1990-04-30 15:00:00+00:00,0.0,0.0,0.0,27.93,6.28
1990-04-30 16:00:00+00:00,0.0,0.0,0.0,27.09,7.12
1990-04-30 17:00:00+00:00,0.0,0.0,0.0,27.2,6.73
1990-04-30 18:00:00+00:00,0.0,0.0,0.0,27.31,6.34
1990-04-30 19:00:00+00:00,0.0,0.0,0.0,27.42,5.95
1990-04-30 20:00:00+00:00,0.0,0.0,0.0,27.53,5.57
1990-04-30 21:00:00+00:00,0.0,0.0,0.0,27.64,5.18
1990-04-30 22:00:00+00:00,0.0,0.0,0.0,27.75,4.79
1990-04-30 23:00:00+00:00,0.0,0.0,0.0,27.86,4.4
1990-05-01 00:00:00+00:00,0.0,0.0,0.0,27.97,4.01
1990-05-01 01:00:00+00:00,137.55,572.29,64.15,28.08,3.62
1990-05-01 02:00:00+00:00,336.75,520.01,143.65,28.19,3.24
1990-05-01 03:00:00+00:00,519.85,579.46,177.0,28.3,2.85
1990-05-01 04:00:00+00:00,663.1,591.04,205.5,28.41,2.46
1990-05-01 05:00:00+00:00,707.7,548.32,210.6,28.52,2.07
1990-05-01 06:00:00+00:00,896.6,782.74,129.75,28.63,1.68
1990-05-01 07:00:00+00:00,904.05,752.68,159.95,28.74,1.3
1990-05-01 08:00:00+00:00,747.1,654.56,136.6,30.91,2.69
1990-05-01 09:00:00+00:00,492.95,365.67,194.65,29.83,3.66
1990-05-01 10:00:00+00:00,269.7,160.89,165.8,29.68,3.86
1990-05-01 11:00:00+00:00,120.05,94.39,79.05,29.31,3.86
1990-05-01 12:00:00+00:00,15.4,9.7,13.5,28.87,3.38
1990-05-01 13:00:00+00:00,0.0,0.0,0.0,28.42,2.76
1990-05-01 14:00:00+00:00,0.0,0.0,0.0,28.18,2.62
1990-05-01 15:00:00+00:00,0.0,0.0,0.0,27.99,2.41
1990-05-01 16:00:00+00:00,0.0,0.0,0.0,27.72,2.69
1990-05-01 17:00:00+00:00,0.0,0.0,0.0,27.23,2.41
1990-05-01 18:00:00+00:00,0.0,0.0,0.0,27.08,2.48
1990-05-01 19:00:00+00:00,0.0,0.0,0.0,26.17,3.79
1990-05-01 20:00:00+00:00,0.0,0.0,0.0,26.13,3.17
1990-05-01 21:00:00+00:00,0.0,0.0,0.0,26.21,3.38
1990-05-01 22:00:00+00:00,0.0,0.0,0.0,26.35,3.31
1990-05-01 23:00:00+00:00,0.0,0.0,0.0,26.49,2.9
1990-05-02 00:00:00+00:00,0.0,0.0,0.0,26.42,3.52
1990-05-02 01:00:00+00:00,111.6,189.39,87.1,26.12,3.52
1990-05-02 02:00:00+00:00,251.9,153.46,194.8,26.65,3.66
1990-05-02 03:00:00+00:00,357.0,173.64,254.2,27.51,4.14
1990-05-02 04:00:00+00:00,414.1,156.61,292.85,28.24,4.14
1990-05-02 05:00:00+00:00,483.85,131.58,364.6,28.87,4.55
1990-05-02 06:00:00+00:00,720.5,407.34,321.65,27.46,4.76
1990-05-02 07:00:00+00:00,657.8,307.61,353.9,29.76,4.28
1990-05-02 08:00:00+00:00,707.25,430.28,306.25,29.7,4.48
1990-05-02 09:00:00+00:00,354.4,130.97,247.65,29.81,4.97
1990-05-02 10:00:00+00:00,252.4,110.81,180.9,29.21,4.76
1990-05-02 11:00:00+00:00,103.3,54.72,79.55,28.99,4.97
1990-05-02 12:00:00+00:00,19.0,7.66,17.5,28.58,3.72
1990-05-02 13:00:00+00:00,0.0,0.0,0.0,28.17,3.79
1990-05-02 14:00:00+00:00,0.0,0.0,0.0,27.7,4.07
1990-05-02 15:00:00+00:00,0.0,0.0,0.0,27.38,4.14
1990-05-02 16:00:00+00:00,0.0,0.0,0.0,27.21,3.93
1990-05-02 17:00:00+00:00,0.0,0.0,0.0,27.1,3.59
1990-05-02 18:00:00+00:00,0.0,0.0,0.0,27.09,3.79
1990-05-02 19:00:00+00:00,0.0,0.0,0.0,27.44,4.14
1990-05-02 20:00:00+00:00,0.0,0.0,0.0,27.49,4.21
1990-05-02 21:00:00+00:00,0.0,0.0,0.0,27.12,4.48
1990-05-02 22:00:00+00:00,0.0,0.0,0.0,26.77,4.21
1990-05-02 23:00:00+00:00,0.0,0.0,0.0,26.67,4.55
1990-05-03 00:00:00+00:00,0.0,0.0,0.0,26.53,4.62
1990-05-03 01:00:00+00:00,145.6,550.9,73.75,26.65,4.55
1990-05-03 02:00:00+00:00,302.6,501.4,115.7,27.42,5.31
1990-05-03 03:00:00+00:00,438.15,364.91,222.0,28.3,5.52
1990-05-03 04:00:00+00:00,719.1,750.84,137.8,28.99,6.0
1990-05-03 05:00:00+00:00,814.45,603.34,267.85,29.33,6.07
1990-05-03 06:00:00+00:00,514.85,175.35,343.25,29.48,5.72
1990-05-03 07:00:00+00:00,496.8,190.73,308.5,28.86,5.72
1990-05-03 08:00:00+00:00,505.6,206.72,313.1,29.06,5.52
1990-05-03 09:00:00+00:00,367.35,146.86,247.75,27.71,5.31
1990-05-03 10:00:00+00:00,109.2,6.13,105.25,27.59,5.1
1990-05-03 11:00:00+00:00,99.3,26.74,87.7,27.7,4.69
1990-05-03 12:00:00+00:00,21.35,10.97,19.2,27.55,5.24
1990-05-03 13:00:00+00:00,0.0,0.0,0.0,27.04,5.52
1990-05-03 14:00:00+00:00,0.0,0.0,0.0,26.96,4.97
1990-05-03 15:00:00+00:00,0.0,0.0,0.0,27.02,4.83
1990-05-03 16:00:00+00:00,0.0,0.0,0.0,27.24,4.41
1990-05-03 17:00:00+00:00,0.0,0.0,0.0,27.28,4.34
1990-05-03 18:00:00+00:00,0.0,0.0,0.0,27.24,4.14
1990-05-03 19:00:00+00:00,0.0,0.0,0.0,27.01,4.21
1990-05-03 20:00:00+00:00,0.0,0.0,0.0,26.97,4.34
1990-05-03 21:00:00+00:00,0.0,0.0,0.0,26.84,4.55
1990-05-03 22:00:00+00:00,0.0,0.0,0.0,26.67,4.55
1990-05-03 23:00:00+00:00,0.0,0.0,0.0,26.56,4.28
1990-05-04 00:00:00+00:00,0.0,0.0,0.0,26.51,4.34
1990-05-04 01:00:00+00:00,74.9,94.73,62.45,26.55,4.9
1990-05-04 02:00:00+00:00,203.65,144.22,149.8,26.96,5.31
1990-05-04 03:00:00+00:00,339.15,148.08,251.4,27.77,5.45
1990-05-04 04:00:00+00:00,455.5,178.59,317.25,28.46,5.59
1990-05-04 05:00:00+00:00,704.35,548.15,207.95,28.92,5.72
1990-05-04 06:00:00+00:00,794.2,589.6,217.55,29.38,5.86
1990-05-04 07:00:00+00:00,718.0,472.77,251.6,30.46,4.48
1990-05-04 08:00:00+00:00,646.05,410.91,263.7,30.41,4.55
1990-05-04 09:00:00+00:00,526.6,426.42,179.6,30.34,4.76
1990-05-04 10:00:00+00:00,339.25,294.07,149.8,30.03,5.03
1990-05-04 11:00:00+00:00,172.4,197.45,86.8,29.6,5.03
1990-05-04 12:00:00+00:00,29.05,40.57,21.1,29.04,5.31
1990-05-04 13:00:00+00:00,0.0,0.0,0.0,28.2,5.17
1990-05-04 14:00:00+00:00,0.0,0.0,0.0,27.63,5.03
1990-05-04 15:00:00+00:00,0.0,0.0,0.0,27.35,4.76
1990-05-04 16:00:00+00:00,0.0,0.0,0.0,27.25,4.48
1990-05-04 17:00:00+00:00,0.0,0.0,0.0,27.12,4.28
1990-05-04 18:00:00+00:00,0.0,0.0,0.0,26.93,4.14
1990-05-04 19:00:00+00:00,0.0,0.0,0.0,26.86,3.79
1990-05-04 20:00:00+00:00,0.0,0.0,0.0,26.65,3.79
1990-05-04 21:00:00+00:00,0.0,0.0,0.0,26.45,3.72
1990-05-04 22:00:00+00:00,0.0,0.0,0.0,26.39,3.31
1990-05-04 23:00:00+00:00,0.0,0.0,0.0,26.32,3.31
1990-05-05 00:00:00+00:00,0.0,0.0,0.0,26.27,3.52
1990-05-05 01:00:00+00:00,157.75,525.77,88.15,26.37,3.66
1990-05-05 02:00:00+00:00,304.25,343.08,175.95,27.19,4.97
1990-05-05 03:00:00+00:00,477.9,528.33,164.7,27.86,5.17
1990-05-05 04:00:00+00:00,565.35,492.19,184.4,28.6,5.38
1990-05-05 05:00:00+00:00,755.15,608.77,204.1,29.1,5.52
1990-05-05 06:00:00+00:00,760.5,432.92,337.35,29.77,5.45
1990-05-05 07:00:00+00:00,716.3,344.33,376.85,30.59,4.34
1990-05-05 08:00:00+00:00,355.35,96.37,265.75,28.84,4.34
1990-05-05 09:00:00+00:00,374.7,168.62,237.6,29.02,4.69
1990-05-05 10:00:00+00:00,315.2,168.16,206.95,28.98,4.55
1990-05-05 11:00:00+00:00,112.5,36.58,96.65,29.11,4.97
1990-05-05 12:00:00+00:00,17.8,7.91,16.25,28.4,4.9
1990-05-05 13:00:00+00:00,0.0,0.0,0.0,27.67,3.66
1990-05-05 14:00:00+00:00,0.0,0.0,0.0,27.45,3.45
1990-05-05 15:00:00+00:00,0.0,0.0,0.0,27.2,3.17
1990-05-05 16:00:00+00:00,0.0,0.0,0.0,27.06,3.1
1990-05-05 17:00:00+00:00,0.0,0.0,0.0,26.86,3.24
1990-05-05 18:00:00+00:00,0.0,0.0,0.0,26.75,3.31
1990-05-05 19:00:00+00:00,0.0,0.0,0.0,26.61,3.93
1990-05-05 20:00:00+00:00,0.0,0.0,0.0,26.57,3.79
1990-05-05 21:00:00+00:00,0.0,0.0,0.0,26.64,3.66
1990-05-05 22:00:00+00:00,0.0,0.0,0.0,26.61,3.17
1990-05-05 23:00:00+00:00,0.0,0.0,0.0,26.42,3.03
1990-05-06 00:00:00+00:00,0.0,0.0,0.0,26.17,3.45
1990-05-06 01:00:00+00:00,108.1,214.59,79.5,26.37,3.59
1990-05-06 02:00:00+00:00,300.3,376.25,159.4,26.74,4.07
1990-05-06 03:00:00+00:00,457.2,500.19,160.6,27.66,4.21
1990-05-06 04:00:00+00:00,626.95,499.39,240.5,28.3,4.21
1990-05-06 05:00:00+00:00,730.05,530.36,250.2,28.74,4.48
1990-05-06 06:00:00+00:00,761.85,501.48,272.0,28.99,4.69
1990-05-06 07:00:00+00:00,683.8,389.86,299.75,29.68,4.14
1990-05-06 08:00:00+00:00,572.1,261.73,328.95,29.81,4.0
1990-05-06 09:00:00+00:00,362.25,142.53,246.45,29.48,3.79
1990-05-06 10:00:00+00:00,258.6,85.58,203.55,29.38,3.72
1990-05-06 11:00:00+00:00,107.45,47.22,87.0,29.08,4.41
1990-05-06 12:00:00+00:00,16.8,1.78,16.45,27.43,3.66
1990-05-06 13:00:00+00:00,0.0,0.0,0.0,27.09,3.79
1990-05-06 14:00:00+00:00,0.0,0.0,0.0,26.86,3.79
1990-05-06 15:00:00+00:00,0.0,0.0,0.0,26.71,3.72
1990-05-06 16:00:00+00:00,0.0,0.0,0.0,26.6,3.72
1990-05-06 17:00:00+00:00,0.0,0.0,0.0,26.42,3.72
1990-05-06 18:00:00+00:00,0.0,0.0,0.0,26.28,4.14
1990-05-06 19:00:00+00:00,0.0,0.0,0.0,26.21,4.62
1990-05-06 20:00:00+00:00,0.0,0.0,0.0,26.18,4.55
1990-05-06 21:00:00+00:00,0.0,0.0,0.0,26.05,4.21
1990-05-06 22:00:00+00:00,0.0,0.0,0.0,25.97,3.93
1990-05-06 23:00:00+00:00,0.0,0.0,0.0,26.04,3.66
1990-05-07 00:00:00+00:00,0.0,0.0,0.0,26.1,3.86
1990-05-07 01:00:00+00:00,104.0,110.35,89.2,26.15,3.52
1990-05-07 02:00:00+00:00,266.9,236.42,178.25,26.58,3.79
1990-05-07 03:00:00+00:00,383.6,182.6,275.3,27.51,4.0
1990-05-07 04:00:00+00:00,492.75,248.89,300.2,28.14,4.28
1990-05-07 05:00:00+00:00,700.65,445.37,297.9,28.6,3.93
1990-05-07 06:00:00+00:00,380.05,67.66,314.0,29.18,3.66
1990-05-07 07:00:00+00:00,519.3,246.81,276.35,28.87,4.07
1990-05-07 08:00:00+00:00,306.3,74.55,237.1,29.03,4.0
1990-05-07 09:00:00+00:00,284.45,78.59,220.65,27.87,4.0
1990-05-07 10:00:00+00:00,70.95,0.47,70.65,27.87,3.93
1990-05-07 11:00:00+00:00,69.1,2.43,68.05,27.43,3.66
1990-05-07 12:00:00+00:00,22.4,18.34,18.8,27.46,3.86
1990-05-07 13:00:00+00:00,0.0,0.0,0.0,27.47,3.93
1990-05-07 14:00:00+00:00,0.0,0.0,0.0,27.42,4.07
1990-05-07 15:00:00+00:00,0.0,0.0,0.0,27.39,4.48
1990-05-07 16:00:00+00:00,0.0,0.0,0.0,27.36,4.69
1990-05-07 17:00:00+00:00,0.0,0.0,0.0,27.31,4.69
1990-05-07 18:00:00+00:00,0.0,0.0,0.0,27.27,4.69
1990-05-07 19:00:00+00:00,0.0,0.0,0.0,27.09,4.62
1990-05-07 20:00:00+00:00,0.0,0.0,0.0,27.01,4.83
1990-05-07 21:00:00+00:00,0.0,0.0,0.0,26.99,4.55
1990-05-07 22:00:00+00:00,0.0,0.0,0.0,26.95,4.28
1990-05-07 23:00:00+00:00,0.0,0.0,0.0,26.92,4.07
1990-05-08 00:00:00+00:00,0.0,0.0,0.0,26.89,4.14
1990-05-08 01:00:00+00:00,122.1,338.0,76.5,26.91,4.34
1990-05-08 02:00:00+00:00,325.3,512.14,133.05,27.4,5.17
1990-05-08 03:00:00+00:00,465.05,466.06,188.6,28.15,6.07
1990-05-08 04:00:00+00:00,530.8,424.62,202.4,28.71,6.34
1990-05-08 05:00:00+00:00,743.5,613.46,189.05,29.05,6.34
1990-05-08 06:00:00+00:00,801.75,640.13,177.3,29.41,6.21
1990-05-08 07:00:00+00:00,778.4,602.12,186.15,29.94,6.14
1990-05-08 08:00:00+00:00,616.4,476.79,174.15,29.98,6.28
1990-05-08 09:00:00+00:00,445.2,325.39,181.25,29.71,6.28
1990-05-08 10:00:00+00:00,234.8,100.79,170.05,29.45,6.14
1990-05-08 11:00:00+00:00,129.1,79.5,94.7,29.06,5.66
1990-05-08 12:00:00+00:00,27.2,23.67,22.55,28.66,5.79
1990-05-08 13:00:00+00:00,0.0,0.0,0.0,28.18,5.59
1990-05-08 14:00:00+00:00,0.0,0.0,0.0,27.95,5.59
1990-05-08 15:00:00+00:00,0.0,0.0,0.0,27.87,5.72
1990-05-08 16:00:00+00:00,0.0,0.0,0.0,27.88,5.86
1990-05-08 17:00:00+00:00,0.0,0.0,0.0,27.83,5.72
1990-05-08 18:00:00+00:00,0.0,0.0,0.0,27.72,5.59
1990-05-08 19:00:00+00:00,0.0,0.0,0.0,27.81,5.93
1990-05-08 20:00:00+00:00,0.0,0.0,0.0,27.71,5.86
1990-05-08 21:00:00+00:00,0.0,0.0,0.0,27.64,5.79
1990-05-08 22:00:00+00:00,0.0,0.0,0.0,27.53,5.72
1990-05-08 23:00:00+00:00,0.0,0.0,0.0,27.52,5.59
1990-05-09 00:00:00+00:00,0.0,0.0,0.0,27.6,5.38
1990-05-09 01:00:00+00:00,140.6,467.75,77.15,27.66,5.1
1990-05-09 02:00:00+00:00,298.35,469.71,121.85,28.16,5.38
1990-05-09 03:00:00+00:00,477.3,541.47,156.1,28.93,6.34
1990-05-09 04:00:00+00:00,579.2,547.19,156.15,29.48,6.62
1990-05-09 05:00:00+00:00,772.4,665.39,171.35,29.82,6.76
1990-05-09 06:00:00+00:00,809.8,698.42,128.95,30.38,6.62
1990-05-09 07:00:00+00:00,817.9,693.53,136.25,30.46,6.69
1990-05-09 08:00:00+00:00,633.55,519.51,152.05,30.62,6.76
1990-05-09 09:00:00+00:00,511.65,456.83,141.35,30.4,6.9
1990-05-09 10:00:00+00:00,439.25,532.32,97.5,30.18,6.76
1990-05-09 11:00:00+00:00,190.85,299.58,61.25,29.89,6.83
1990-05-09 12:00:00+00:00,39.15,104.25,18.65,29.4,6.62
1990-05-09 13:00:00+00:00,0.0,0.0,0.0,28.82,6.07
1990-05-09 14:00:00+00:00,0.0,0.0,0.0,28.57,5.86
1990-05-09 15:00:00+00:00,0.0,0.0,0.0,28.4,5.59
1990-05-09 16:00:00+00:00,0.0,0.0,0.0,28.28,5.66
1990-05-09 17:00:00+00:00,0.0,0.0,0.0,28.26,5.72
1990-05-09 18:00:00+00:00,0.0,0.0,0.0,28.21,5.79
1990-05-09 19:00:00+00:00,0.0,0.0,0.0,28.3,5.93
1990-05-09 20:00:00+00:00,0.0,0.0,0.0,28.23,6.14
1990-05-09 21:00:00+00:00,0.0,0.0,0.0,28.23,6.14
1990-05-09 22:00:00+00:00,0.0,0.0,0.0,28.19,5.93
1990-05-09 23:00:00+00:00,0.0,0.0,0.0,28.16,5.59
1990-05-10 00:00:00+00:00,0.0,0.0,0.0,28.12,5.24
1990-05-10 01:00:00+00:00,140.35,340.71,93.9,28.21,5.17
1990-05-10 02:00:00+00:00,319.05,393.26,171.15,28.78,5.38
1990-05-10 03:00:00+00:00,412.05,273.44,249.85,29.47,6.62
1990-05-10 04:00:00+00:00,399.7,183.03,258.25,29.88,6.62
1990-05-10 05:00:00+00:00,644.9,324.84,351.65,29.96,6.41
1990-05-10 06:00:00+00:00,673.95,320.9,361.35,30.52,6.55
1990-05-10 07:00:00+00:00,826.35,608.07,229.15,30.61,6.14
1990-05-10 08:00:00+00:00,707.15,556.3,191.95,30.96,6.0
1990-05-10 09:00:00+00:00,504.25,422.78,161.8,30.7,5.79
1990-05-10 10:00:00+00:00,362.6,340.78,143.95,30.36,6.07
1990-05-10 11:00:00+00:00,177.05,158.85,108.35,30.13,6.21
1990-05-10 12:00:00+00:00,30.1,19.56,26.25,29.61,5.79
1990-05-10 13:00:00+00:00,0.0,0.0,0.0,29.03,5.45
1990-05-10 14:00:00+00:00,0.0,0.0,0.0,28.72,5.52
1990-05-10 15:00:00+00:00,0.0,0.0,0.0,28.62,5.31
1990-05-10 16:00:00+00:00,0.0,0.0,0.0,28.57,5.17
1990-05-10 17:00:00+00:00,0.0,0.0,0.0,28.61,5.38
1990-05-10 18:00:00+00:00,0.0,0.0,0.0,28.57,5.45
1990-05-10 19:00:00+00:00,0.0,0.0,0.0,28.7,6.0
1990-05-10 20:00:00+00:00,0.0,0.0,0.0,28.65,5.79
1990-05-10 21:00:00+00:00,0.0,0.0,0.0,28.52,5.66
1990-05-10 22:00:00+00:00,0.0,0.0,0.0,28.42,5.45
1990-05-10 23:00:00+00:00,0.0,0.0,0.0,28.42,5.17
1990-05-11 00:00:00+00:00,0.0,0.0,0.0,28.4,4.97
1990-05-11 01:00:00+00:00,123.95,263.2,87.9,28.47,4.83
1990-05-11 02:00:00+00:00,320.4,486.1,137.45,28.99,4.76
1990-05-11 03:00:00+00:00,482.2,465.5,206.1,29.79,6.14
1990-05-11 04:00:00+00:00,615.9,463.7,257.7,30.41,6.48
1990-05-11 05:00:00+00:00,776.6,606.07,229.8,30.7,6.9
1990-05-11 06:00:00+00:00,549.3,173.56,380.35,31.02,7.03
1990-05-11 07:00:00+00:00,557.35,139.55,420.4,30.63,7.03
1990-05-11 08:00:00+00:00,404.4,110.33,302.3,30.45,7.03
1990-05-11 09:00:00+00:00,428.6,177.6,284.85,30.04,6.83
1990-05-11 10:00:00+00:00,238.8,74.7,190.9,29.92,7.24
1990-05-11 11:00:00+00:00,113.8,55.04,90.0,29.42,6.9
1990-05-11 12:00:00+00:00,22.2,25.62,17.15,28.99,6.21
1990-05-11 13:00:00+00:00,0.0,0.0,0.0,28.69,5.79
1990-05-11 14:00:00+00:00,0.0,0.0,0.0,28.59,5.52
1990-05-11 15:00:00+00:00,0.0,0.0,0.0,28.52,5.59
1990-05-11 16:00:00+00:00,0.0,0.0,0.0,28.4,5.79
1990-05-11 17:00:00+00:00,0.0,0.0,0.0,28.28,6.14
1990-05-11 18:00:00+00:00,0.0,0.0,0.0,28.26,6.48
1990-05-11 19:00:00+00:00,0.0,0.0,0.0,28.31,6.76
1990-05-11 20:00:00+00:00,0.0,0.0,0.0,28.16,6.76
1990-05-11 21:00:00+00:00,0.0,0.0,0.0,28.07,6.69
1990-05-11 22:00:00+00:00,0.0,0.0,0.0,28.02,6.62
1990-05-11 23:00:00+00:00,0.0,0.0,0.0,28.02,6.28
1990-05-12 00:00:00+00:00,0.0,0.0,0.0,27.91,5.93
1990-05-12 01:00:00+00:00,124.55,224.65,93.65,27.96,6.07
1990-05-12 02:00:00+00:00,242.95,206.85,165.05,28.51,6.9
1990-05-12 03:00:00+00:00,532.95,521.81,223.5,29.03,7.1
1990-05-12 04:00:00+00:00,706.95,650.17,204.95,29.84,7.24
1990-05-12 05:00:00+00:00,715.15,580.29,191.95,30.21,7.38
1990-05-12 06:00:00+00:00,710.1,493.15,230.4,30.26,7.66
1990-05-12 07:00:00+00:00,616.35,367.32,256.15,30.65,7.72
1990-05-12 08:00:00+00:00,498.95,262.84,255.9,30.57,7.59
1990-05-12 09:00:00+00:00,433.65,291.21,198.1,30.37,7.24
1990-05-12 10:00:00+00:00,386.4,354.72,159.05,30.16,6.83
1990-05-12 11:00:00+00:00,165.5,152.3,99.65,29.89,7.03
1990-05-12 12:00:00+00:00,28.75,27.1,23.4,29.2,7.03
1990-05-12 13:00:00+00:00,0.0,0.0,0.0,28.61,6.69
1990-05-12 14:00:00+00:00,0.0,0.0,0.0,28.35,6.48
1990-05-12 15:00:00+00:00,0.0,0.0,0.0,28.25,6.34
1990-05-12 16:00:00+00:00,0.0,0.0,0.0,28.23,6.14
1990-05-12 17:00:00+00:00,0.0,0.0,0.0,28.11,5.86
1990-05-12 18:00:00+00:00,0.0,0.0,0.0,27.98,5.66
1990-05-12 19:00:00+00:00,0.0,0.0,0.0,28.35,6.41
1990-05-12 20:00:00+00:00,0.0,0.0,0.0,28.26,6.41
1990-05-12 21:00:00+00:00,0.0,0.0,0.0,28.14,6.21
1990-05-12 22:00:00+00:00,0.0,0.0,0.0,28.02,6.0
1990-05-12 23:00:00+00:00,0.0,0.0,0.0,27.98,5.72
1990-05-13 00:00:00+00:00,0.0,0.0,0.0,27.95,5.59
1990-05-13 01:00:00+00:00,135.5,295.86,94.65,28.02,5.66
1990-05-13 02:00:00+00:00,307.95,392.67,160.0,28.55,6.69
1990-05-13 03:00:00+00:00,542.1,577.84,199.5,29.17,7.24
1990-05-13 04:00:00+00:00,690.8,598.81,228.7,29.82,7.93
1990-05-13 05:00:00+00:00,849.15,652.38,261.35,29.58,8.14
1990-05-13 06:00:00+00:00,361.95,91.36,273.15,29.79,8.41
1990-05-13 07:00:00+00:00,414.6,109.15,307.65,27.41,5.93
1990-05-13 08:00:00+00:00,214.5,14.66,200.95,27.75,5.45
1990-05-13 09:00:00+00:00,326.1,86.11,256.5,27.9,5.93
1990-05-13 10:00:00+00:00,118.7,2.03,117.4,28.26,6.62
1990-05-13 11:00:00+00:00,64.75,0.0,64.75,28.09,5.86
1990-05-13 12:00:00+00:00,17.2,1.26,16.95,27.94,5.66
1990-05-13 13:00:00+00:00,0.0,0.0,0.0,27.75,5.66
1990-05-13 14:00:00+00:00,0.0,0.0,0.0,27.57,5.38
1990-05-13 15:00:00+00:00,0.0,0.0,0.0,27.46,5.24
1990-05-13 16:00:00+00:00,0.0,0.0,0.0,27.06,5.79
1990-05-13 17:00:00+00:00,0.0,0.0,0.0,26.64,5.66
1990-05-13 18:00:00+00:00,0.0,0.0,0.0,26.12,5.72
1990-05-13 19:00:00+00:00,0.0,0.0,0.0,26.63,6.69
1990-05-13 20:00:00+00:00,0.0,0.0,0.0,26.52,6.34
1990-05-13 21:00:00+00:00,0.0,0.0,0.0,26.53,5.93
1990-05-13 22:00:00+00:00,0.0,0.0,0.0,26.63,6.34
1990-05-13 23:00:00+00:00,0.0,0.0,0.0,26.68,6.41
1990-05-14 00:00:00+00:00,0.0,0.0,0.0,26.45,6.55
1990-05-14 01:00:00+00:00,98.5,83.72,86.9,26.44,6.41
1990-05-14 02:00:00+00:00,206.7,105.2,167.05,26.9,6.97
1990-05-14 03:00:00+00:00,406.4,287.24,236.15,27.41,7.24
1990-05-14 04:00:00+00:00,625.55,417.37,303.65,28.45,7.52
1990-05-14 05:00:00+00:00,638.05,416.43,263.1,29.31,7.66
1990-05-14 06:00:00+00:00,817.95,547.89,285.8,29.64,7.66
1990-05-14 07:00:00+00:00,706.25,410.37,304.45,29.98,7.72
1990-05-14 08:00:00+00:00,723.55,544.76,220.55,29.89,7.79
1990-05-14 09:00:00+00:00,538.3,415.64,202.55,29.91,7.86
1990-05-14 10:00:00+00:00,303.9,216.53,165.25,29.62,7.72
1990-05-14 11:00:00+00:00,187.05,197.76,101.55,29.15,7.52
1990-05-14 12:00:00+00:00,31.45,50.5,21.45,28.78,7.59
1990-05-14 13:00:00+00:00,0.0,0.0,0.0,28.29,7.1
1990-05-14 14:00:00+00:00,0.0,0.0,0.0,28.01,6.76
1990-05-14 15:00:00+00:00,0.0,0.0,0.0,27.9,6.34
1990-05-14 16:00:00+00:00,0.0,0.0,0.0,27.78,6.21
1990-05-14 17:00:00+00:00,0.0,0.0,0.0,27.75,6.14
1990-05-14 18:00:00+00:00,0.0,0.0,0.0,27.76,5.86
1990-05-14 19:00:00+00:00,0.0,0.0,0.0,27.72,5.45
1990-05-14 20:00:00+00:00,0.0,0.0,0.0,27.57,5.38
1990-05-14 21:00:00+00:00,0.0,0.0,0.0,27.54,5.52
1990-05-14 22:00:00+00:00,0.0,0.0,0.0,27.55,5.93
1990-05-14 23:00:00+00:00,0.0,0.0,0.0,27.63,6.0
1990-05-15 00:00:00+00:00,0.0,0.0,0.0,27.67,6.0
1990-05-15 01:00:00+00:00,156.3,585.72,74.9,27.69,6.14
1990-05-15 02:00:00+00:00,333.9,472.01,155.95,28.27,7.45
1990-05-15 03:00:00+00:00,491.65,462.61,217.55,28.79,7.72
1990-05-15 04:00:00+00:00,676.8,524.78,272.3,29.24,7.86
1990-05-15 05:00:00+00:00,774.3,591.23,242.35,29.76,7.93
1990-05-15 06:00:00+00:00,846.55,591.17,272.8,30.07,7.79
1990-05-15 07:00:00+00:00,693.9,465.32,238.65,30.2,7.79
1990-05-15 08:00:00+00:00,648.9,490.15,196.65,29.84,7.66
1990-05-15 09:00:00+00:00,427.25,263.47,214.55,29.71,7.66
1990-05-15 10:00:00+00:00,341.65,271.62,167.8,29.26,7.52
1990-05-15 11:00:00+00:00,163.9,162.59,93.6,28.98,7.59
1990-05-15 12:00:00+00:00,25.35,29.74,19.45,28.51,7.17
1990-05-15 13:00:00+00:00,0.0,0.0,0.0,28.1,6.62
1990-05-15 14:00:00+00:00,0.0,0.0,0.0,27.96,6.48
1990-05-15 15:00:00+00:00,0.0,0.0,0.0,27.91,6.55
1990-05-15 16:00:00+00:00,0.0,0.0,0.0,27.84,6.48
1990-05-15 17:00:00+00:00,0.0,0.0,0.0,27.79,6.34
1990-05-15 18:00:00+00:00,0.0,0.0,0.0,27.62,6.28
1990-05-15 19:00:00+00:00,0.0,0.0,0.0,27.75,6.07
1990-05-15 20:00:00+00:00,0.0,0.0,0.0,27.6,5.79
1990-05-15 21:00:00+00:00,0.0,0.0,0.0,27.46,5.86
1990-05-15 22:00:00+00:00,0.0,0.0,0.0,27.41,6.0
1990-05-15 23:00:00+00:00,0.0,0.0,0.0,27.37,6.07
1990-05-16 00:00:00+00:00,0.0,0.0,0.0,27.41,6.07
1990-05-16 01:00:00+00:00,182.4,844.64,64.7,27.43,6.14
1990-05-16 02:00:00+00:00,370.85,667.16,119.3,28.1,6.97
1990-05-16 03:00:00+00:00,583.2,691.43,173.7,28.81,7.38
1990-05-16 04:00:00+00:00,740.95,736.52,173.6,29.48,7.72
1990-05-16 05:00:00+00:00,898.1,816.5,164.0,29.88,7.79
1990-05-16 06:00:00+00:00,863.35,683.35,200.65,30.29,7.72
1990-05-16 07:00:00+00:00,932.05,829.73,120.9,30.19,7.17
1990-05-16 08:00:00+00:00,800.45,685.72,168.2,30.38,7.17
1990-05-16 09:00:00+00:00,622.6,556.95,173.25,30.21,7.1
1990-05-16 10:00:00+00:00,457.8,561.25,98.7,29.88,6.9
1990-05-16 11:00:00+00:00,239.95,404.92,64.85,29.42,6.28
1990-05-16 12:00:00+00:00,43.25,122.49,18.9,28.83,5.79
1990-05-16 13:00:00+00:00,0.0,0.0,0.0,28.15,5.17
1990-05-16 14:00:00+00:00,0.0,0.0,0.0,27.81,4.97
1990-05-16 15:00:00+00:00,0.0,0.0,0.0,27.69,4.83
1990-05-16 16:00:00+00:00,0.0,0.0,0.0,27.67,4.83
1990-05-16 17:00:00+00:00,0.0,0.0,0.0,27.61,4.76
1990-05-16 18:00:00+00:00,0.0,0.0,0.0,27.53,4.69
1990-05-16 19:00:00+00:00,0.0,0.0,0.0,27.45,5.45
1990-05-16 20:00:00+00:00,0.0,0.0,0.0,27.35,5.45
1990-05-16 21:00:00+00:00,0.0,0.0,0.0,27.38,5.59
1990-05-16 22:00:00+00:00,0.0,0.0,0.0,27.46,5.66
1990-05-16 23:00:00+00:00,0.0,0.0,0.0,27.47,5.66
1990-05-17 00:00:00+00:00,0.0,0.0,0.0,27.5,5.52
1990-05-17 01:00:00+00:00,146.05,526.59,72.5,27.57,5.24
1990-05-17 02:00:00+00:00,349.55,641.04,107.85,28.25,6.14
1990-05-17 03:00:00+00:00,536.65,615.24,172.45,29.07,5.93
1990-05-17 04:00:00+00:00,678.9,627.51,195.85,29.82,5.72
1990-05-17 05:00:00+00:00,859.4,783.39,155.6,30.27,5.66
1990-05-17 06:00:00+00:00,955.8,833.82,147.8,30.85,6.0
1990-05-17 07:00:00+00:00,890.1,719.85,186.9,31.09,5.66
1990-05-17 08:00:00+00:00,806.0,711.05,150.85,31.19,5.59
1990-05-17 09:00:00+00:00,679.2,703.48,111.95,31.16,5.52
1990-05-17 10:00:00+00:00,469.4,593.18,90.0,30.93,5.45
1990-05-17 11:00:00+00:00,238.45,392.24,68.8,30.24,5.45
1990-05-17 12:00:00+00:00,43.75,110.69,21.7,29.37,4.97
1990-05-17 13:00:00+00:00,0.0,0.0,0.0,28.53,4.41
1990-05-17 14:00:00+00:00,0.0,0.0,0.0,27.98,4.48
1990-05-17 15:00:00+00:00,0.0,0.0,0.0,27.7,4.55
1990-05-17 16:00:00+00:00,0.0,0.0,0.0,27.48,4.83
1990-05-17 17:00:00+00:00,0.0,0.0,0.0,27.46,5.1
1990-05-17 18:00:00+00:00,0.0,0.0,0.0,27.38,5.24
1990-05-17 19:00:00+00:00,0.0,0.0,0.0,27.38,5.72
1990-05-17 20:00:00+00:00,0.0,0.0,0.0,27.4,5.79
1990-05-17 21:00:00+00:00,0.0,0.0,0.0,27.37,5.86
1990-05-17 22:00:00+00:00,0.0,0.0,0.0,27.44,5.79
1990-05-17 23:00:00+00:00,0.0,0.0,0.0,27.48,5.52
1990-05-18 00:00:00+00:00,0.0,0.0,0.0,27.54,5.24
1990-05-18 01:00:00+00:00,148.7,519.48,76.0,27.7,5.1
1990-05-18 02:00:00+00:00,393.85,798.8,92.7,28.38,6.0
1990-05-18 03:00:00+00:00,542.2,634.58,166.75,29.34,6.55
1990-05-18 04:00:00+00:00,686.45,681.57,162.15,29.93,6.34
1990-05-18 05:00:00+00:00,748.8,649.98,165.3,30.29,6.34
1990-05-18 06:00:00+00:00,758.0,580.05,196.35,30.55,6.21
1990-05-18 07:00:00+00:00,787.8,624.86,177.85,30.77,5.86
1990-05-18 08:00:00+00:00,754.2,674.82,132.85,30.96,5.79
1990-05-18 09:00:00+00:00,550.85,467.24,174.3,30.97,5.86
1990-05-18 10:00:00+00:00,357.1,373.15,118.5,30.68,6.14
1990-05-18 11:00:00+00:00,183.7,221.09,88.05,30.14,5.93
1990-05-18 12:00:00+00:00,29.3,46.83,19.95,29.47,5.52
1990-05-18 13:00:00+00:00,0.0,0.0,0.0,28.88,4.69
1990-05-18 14:00:00+00:00,0.0,0.0,0.0,28.49,4.55
1990-05-18 15:00:00+00:00,0.0,0.0,0.0,28.2,4.48
1990-05-18 16:00:00+00:00,0.0,0.0,0.0,27.98,4.48
1990-05-18 17:00:00+00:00,0.0,0.0,0.0,27.8,4.69
1990-05-18 18:00:00+00:00,0.0,0.0,0.0,27.66,4.76
1990-05-18 19:00:00+00:00,0.0,0.0,0.0,27.95,4.97
1990-05-18 20:00:00+00:00,0.0,0.0,0.0,27.83,4.76
1990-05-18 21:00:00+00:00,0.0,0.0,0.0,27.74,4.62
1990-05-18 22:00:00+00:00,0.0,0.0,0.0,27.64,4.41
1990-05-18 23:00:00+00:00,0.0,0.0,0.0,27.51,4.41
1990-05-19 00:00:00+00:00,0.0,0.0,0.0,27.36,4.34
1990-05-19 01:00:00+00:00,134.4,432.68,73.75,27.46,4.41
1990-05-19 02:00:00+00:00,365.65,663.94,115.4,27.96,5.38
1990-05-19 03:00:00+00:00,532.35,642.74,152.3,28.86,5.52
1990-05-19 04:00:00+00:00,723.25,729.23,162.7,29.57,5.72
1990-05-19 05:00:00+00:00,822.45,726.24,171.0,30.16,6.14
1990-05-19 06:00:00+00:00,759.1,629.65,149.9,29.66,6.9
1990-05-19 07:00:00+00:00,745.2,587.65,172.0,30.05,6.0
1990-05-19 08:00:00+00:00,641.1,457.05,220.55,30.18,5.59
1990-05-19 09:00:00+00:00,541.25,386.22,230.15,30.26,5.59
1990-05-19 10:00:00+00:00,378.3,388.42,130.0,30.12,5.59
1990-05-19 11:00:00+00:00,165.45,181.5,86.9,29.74,6.14
1990-05-19 12:00:00+00:00,28.55,30.98,22.35,28.7,6.0
1990-05-19 13:00:00+00:00,0.0,0.0,0.0,27.83,5.17
1990-05-19 14:00:00+00:00,0.0,0.0,0.0,27.36,5.31
1990-05-19 15:00:00+00:00,0.0,0.0,0.0,27.07,4.97
1990-05-19 16:00:00+00:00,0.0,0.0,0.0,26.89,4.9
1990-05-19 17:00:00+00:00,0.0,0.0,0.0,26.87,4.83
1990-05-19 18:00:00+00:00,0.0,0.0,0.0,26.95,5.1
1990-05-19 19:00:00+00:00,0.0,0.0,0.0,27.03,5.93
1990-05-19 20:00:00+00:00,0.0,0.0,0.0,26.97,5.93
1990-05-19 21:00:00+00:00,0.0,0.0,0.0,26.74,5.59
1990-05-19 22:00:00+00:00,0.0,0.0,0.0,26.53,5.17
1990-05-19 23:00:00+00:00,0.0,0.0,0.0,26.46,5.45
1990-05-20 00:00:00+00:00,0.0,0.0,0.0,26.35,6.48
1990-05-20 01:00:00+00:00,78.95,116.85,62.55,26.5,6.28
1990-05-20 02:00:00+00:00,213.25,167.2,150.25,26.89,6.69
1990-05-20 03:00:00+00:00,374.3,222.71,242.7,27.41,6.69
1990-05-20 04:00:00+00:00,546.3,382.31,252.65,28.0,6.62
1990-05-20 05:00:00+00:00,681.7,441.76,285.75,28.52,6.55
1990-05-20 06:00:00+00:00,488.45,268.32,229.05,29.02,6.76
1990-05-20 07:00:00+00:00,588.9,309.07,287.65,28.21,7.1
1990-05-20 08:00:00+00:00,428.15,183.73,259.2,28.86,7.17
1990-05-20 09:00:00+00:00,379.65,183.27,232.1,29.14,6.97
1990-05-20 10:00:00+00:00,241.25,157.95,140.3,29.14,6.69
1990-05-20 11:00:00+00:00,112.95,79.92,78.35,28.78,6.62
1990-05-20 12:00:00+00:00,23.15,25.92,17.95,28.31,6.14
1990-05-20 13:00:00+00:00,0.0,0.0,0.0,27.92,6.07
1990-05-20 14:00:00+00:00,0.0,0.0,0.0,27.52,5.93
1990-05-20 15:00:00+00:00,0.0,0.0,0.0,27.21,5.86
1990-05-20 16:00:00+00:00,0.0,0.0,0.0,26.94,5.66
1990-05-20 17:00:00+00:00,0.0,0.0,0.0,26.76,5.52
1990-05-20 18:00:00+00:00,0.0,0.0,0.0,26.65,5.52
1990-05-20 19:00:00+00:00,0.0,0.0,0.0,27.13,5.86
1990-05-20 20:00:00+00:00,0.0,0.0,0.0,26.95,5.72
1990-05-20 21:00:00+00:00,0.0,0.0,0.0,26.8,5.38
1990-05-20 22:00:00+00:00,0.0,0.0,0.0,26.68,5.38
1990-05-20 23:00:00+00:00,0.0,0.0,0.0,26.41,5.45
1990-05-21 00:00:00+00:00,0.0,0.0,0.0,26.16,5.38
1990-05-21 01:00:00+00:00,111.5,269.79,73.6,26.1,5.52
1990-05-21 02:00:00+00:00,301.7,423.36,142.25,26.48,5.66
1990-05-21 03:00:00+00:00,447.95,488.16,159.7,27.36,6.28
1990-05-21 04:00:00+00:00,705.1,733.1,142.45,28.32,6.28
1990-05-21 05:00:00+00:00,690.15,541.55,205.15,29.23,6.41
1990-05-21 06:00:00+00:00,777.45,613.97,184.35,29.51,6.48
1990-05-21 07:00:00+00:00,726.35,555.96,184.85,29.4,7.31
1990-05-21 08:00:00+00:00,605.75,445.6,196.25,28.9,7.52
1990-05-21 09:00:00+00:00,421.0,318.62,164.6,29.35,7.31
1990-05-21 10:00:00+00:00,279.05,216.82,140.5,29.2,7.38
1990-05-21 11:00:00+00:00,155.2,190.47,72.7,28.9,7.31
1990-05-21 12:00:00+00:00,22.2,41.52,13.85,28.4,6.9
1990-05-21 13:00:00+00:00,0.0,0.0,0.0,27.9,6.21
1990-05-21 14:00:00+00:00,0.0,0.0,0.0,27.65,5.79
1990-05-21 15:00:00+00:00,0.0,0.0,0.0,27.33,6.41
1990-05-21 16:00:00+00:00,0.0,0.0,0.0,26.73,6.76
1990-05-21 17:00:00+00:00,0.0,0.0,0.0,26.71,6.34
1990-05-21 18:00:00+00:00,0.0,0.0,0.0,26.84,6.07
1990-05-21 19:00:00+00:00,0.0,0.0,0.0,27.3,6.28
1990-05-21 20:00:00+00:00,0.0,0.0,0.0,27.16,6.28
1990-05-21 21:00:00+00:00,0.0,0.0,0.0,27.11,6.14
1990-05-21 22:00:00+00:00,0.0,0.0,0.0,27.03,5.93
1990-05-21 23:00:00+00:00,0.0,0.0,0.0,27.09,6.07
1990-05-22 00:00:00+00:00,0.0,0.0,0.0,27.07,5.79
1990-05-22 01:00:00+00:00,134.05,463.85,68.85,27.17,5.72
1990-05-22 02:00:00+00:00,334.05,605.31,106.2,27.61,7.17
1990-05-22 03:00:00+00:00,477.55,579.71,135.5,28.33,7.66
1990-05-22 04:00:00+00:00,673.7,634.6,187.05,29.0,7.45
1990-05-22 05:00:00+00:00,759.5,558.87,259.4,29.77,7.66
1990-05-22 06:00:00+00:00,808.05,624.34,205.4,30.14,8.0
1990-05-22 07:00:00+00:00,821.65,642.3,196.5,30.32,8.14
1990-05-22 08:00:00+00:00,672.05,533.52,182.05,30.45,8.41
1990-05-22 09:00:00+00:00,528.35,504.17,122.8,30.14,8.48
1990-05-22 10:00:00+00:00,354.35,335.71,139.85,29.75,8.55
1990-05-22 11:00:00+00:00,199.05,306.9,66.05,29.16,8.07
1990-05-22 12:00:00+00:00,35.3,82.56,18.65,28.69,8.28
1990-05-22 13:00:00+00:00,0.0,0.0,0.0,28.14,7.03
1990-05-22 14:00:00+00:00,0.0,0.0,0.0,27.79,6.76
1990-05-22 15:00:00+00:00,0.0,0.0,0.0,27.61,6.55
1990-05-22 16:00:00+00:00,0.0,0.0,0.0,27.55,6.55
1990-05-22 17:00:00+00:00,0.0,0.0,0.0,27.59,6.34
1990-05-22 18:00:00+00:00,0.0,0.0,0.0,27.57,6.21
1990-05-22 19:00:00+00:00,0.0,0.0,0.0,27.48,6.9
1990-05-22 20:00:00+00:00,0.0,0.0,0.0,27.39,7.1
1990-05-22 21:00:00+00:00,0.0,0.0,0.0,27.33,7.03
1990-05-22 22:00:00+00:00,0.0,0.0,0.0,27.37,7.1
1990-05-22 23:00:00+00:00,0.0,0.0,0.0,27.33,6.62
1990-05-23 00:00:00+00:00,0.0,0.0,0.0,27.32,6.41
1990-05-23 01:00:00+00:00,153.95,622.33,66.45,27.42,6.21
1990-05-23 02:00:00+00:00,363.7,663.25,114.2,28.02,7.17
1990-05-23 03:00:00+00:00,489.65,566.69,155.55,28.81,7.79
1990-05-23 04:00:00+00:00,591.55,561.19,161.55,29.21,7.93
1990-05-23 05:00:00+00:00,823.65,759.3,144.75,29.49,7.93
1990-05-23 06:00:00+00:00,662.25,421.1,256.1,30.23,8.41
1990-05-23 07:00:00+00:00,726.55,532.07,209.05,29.9,8.62
1990-05-23 08:00:00+00:00,694.95,609.38,135.6,29.93,8.62
1990-05-23 09:00:00+00:00,590.8,545.72,152.0,29.92,8.76
1990-05-23 10:00:00+00:00,400.05,476.53,95.6,29.83,8.76
1990-05-23 11:00:00+00:00,219.2,327.02,77.4,29.45,8.55
1990-05-23 12:00:00+00:00,43.05,116.69,19.45,29.03,8.21
1990-05-23 13:00:00+00:00,0.0,0.0,0.0,28.39,7.31
1990-05-23 14:00:00+00:00,0.0,0.0,0.0,28.04,6.76
1990-05-23 15:00:00+00:00,0.0,0.0,0.0,27.91,6.62
1990-05-23 16:00:00+00:00,0.0,0.0,0.0,27.83,6.55
1990-05-23 17:00:00+00:00,0.0,0.0,0.0,27.81,6.55
1990-05-23 18:00:00+00:00,0.0,0.0,0.0,27.63,6.48
1990-05-23 19:00:00+00:00,0.0,0.0,0.0,27.65,6.76
1990-05-23 20:00:00+00:00,0.0,0.0,0.0,27.51,6.69
1990-05-23 21:00:00+00:00,0.0,0.0,0.0,27.42,6.76
1990-05-23 22:00:00+00:00,0.0,0.0,0.0,27.29,6.48
1990-05-23 23:00:00+00:00,0.0,0.0,0.0,27.26,6.83
1990-05-24 00:00:00+00:00,0.0,0.0,0.0,27.16,7.17
1990-05-24 01:00:00+00:00,149.6,616.68,62.9,27.06,6.83
1990-05-24 02:00:00+00:00,361.05,676.38,106.8,27.01,7.17
1990-05-24 03:00:00+00:00,480.4,606.64,123.05,27.71,7.17
1990-05-24 04:00:00+00:00,749.65,802.16,135.55,28.38,7.59
1990-05-24 05:00:00+00:00,738.55,624.05,181.05,29.32,8.21
1990-05-24 06:00:00+00:00,701.45,506.4,213.4,29.63,8.41
1990-05-24 07:00:00+00:00,657.55,546.68,126.2,29.83,8.41
1990-05-24 08:00:00+00:00,672.5,573.59,146.3,29.7,8.34
1990-05-24 09:00:00+00:00,534.3,471.4,155.4,29.74,8.48
1990-05-24 10:00:00+00:00,424.6,502.14,103.8,29.39,8.62
1990-05-24 11:00:00+00:00,204.35,335.45,58.8,29.14,8.55
1990-05-24 12:00:00+00:00,41.05,116.35,17.45,28.59,8.28
1990-05-24 13:00:00+00:00,0.0,0.0,0.0,28.02,6.9
1990-05-24 14:00:00+00:00,0.0,0.0,0.0,27.8,6.97
1990-05-24 15:00:00+00:00,0.0,0.0,0.0,27.72,6.69
1990-05-24 16:00:00+00:00,0.0,0.0,0.0,27.58,6.9
1990-05-24 17:00:00+00:00,0.0,0.0,0.0,27.22,7.1
1990-05-24 18:00:00+00:00,0.0,0.0,0.0,27.08,6.69
1990-05-24 19:00:00+00:00,0.0,0.0,0.0,27.32,6.9
1990-05-24 20:00:00+00:00,0.0,0.0,0.0,27.17,6.9
1990-05-24 21:00:00+00:00,0.0,0.0,0.0,27.08,6.69
1990-05-24 22:00:00+00:00,0.0,0.0,0.0,27.07,6.62
1990-05-24 23:00:00+00:00,0.0,0.0,0.0,27.13,6.62
1990-05-25 00:00:00+00:00,0.0,0.0,0.0,26.86,7.38
1990-05-25 01:00:00+00:00,92.7,245.48,58.2,26.21,7.03
1990-05-25 02:00:00+00:00,290.25,377.01,148.65,26.64,5.66
1990-05-25 03:00:00+00:00,464.75,540.49,146.65,27.99,7.38
1990-05-25 04:00:00+00:00,574.75,450.72,230.0,28.93,8.0
1990-05-25 05:00:00+00:00,702.2,579.7,184.75,28.24,8.55
1990-05-25 06:00:00+00:00,817.35,651.33,190.1,28.68,8.0
1990-05-25 07:00:00+00:00,758.1,548.39,225.45,29.62,9.17
1990-05-25 08:00:00+00:00,738.45,669.81,124.3,29.43,9.45
1990-05-25 09:00:00+00:00,544.85,477.84,160.9,29.36,8.76
1990-05-25 10:00:00+00:00,437.9,530.78,98.8,29.17,9.31
1990-05-25 11:00:00+00:00,188.25,257.72,76.35,29.0,9.38
1990-05-25 12:00:00+00:00,40.05,99.05,19.9,28.44,8.34
1990-05-25 13:00:00+00:00,0.0,0.0,0.0,27.87,7.1
1990-05-25 14:00:00+00:00,0.0,0.0,0.0,27.48,6.83
1990-05-25 15:00:00+00:00,0.0,0.0,0.0,27.34,6.97
1990-05-25 16:00:00+00:00,0.0,0.0,0.0,27.32,7.03
1990-05-25 17:00:00+00:00,0.0,0.0,0.0,27.45,7.1
1990-05-25 18:00:00+00:00,0.0,0.0,0.0,27.39,6.83
1990-05-25 19:00:00+00:00,0.0,0.0,0.0,27.32,6.83
1990-05-25 20:00:00+00:00,0.0,0.0,0.0,27.14,6.83
1990-05-25 21:00:00+00:00,0.0,0.0,0.0,27.09,7.03
1990-05-25 22:00:00+00:00,0.0,0.0,0.0,27.1,7.17
1990-05-25 23:00:00+00:00,0.0,0.0,0.0,27.16,7.03
1990-05-26 00:00:00+00:00,0.0,0.0,0.0,27.15,7.03
1990-05-26 01:00:00+00:00,128.5,346.41,79.85,27.17,7.03
1990-05-26 02:00:00+00:00,340.85,566.98,128.1,27.48,7.79
1990-05-26 03:00:00+00:00,481.2,596.78,130.3,28.06,7.93
1990-05-26 04:00:00+00:00,754.05,801.36,141.65,28.63,8.28
1990-05-26 05:00:00+00:00,810.9,704.48,182.6,29.54,8.55
1990-05-26 06:00:00+00:00,832.5,654.22,202.95,29.91,8.62
1990-05-26 07:00:00+00:00,728.9,500.79,242.8,29.93,8.41
1990-05-26 08:00:00+00:00,627.75,453.66,212.0,29.85,8.48
1990-05-26 09:00:00+00:00,518.2,388.66,206.0,29.8,8.07
1990-05-26 10:00:00+00:00,343.25,324.85,135.7,29.53,7.72
1990-05-26 11:00:00+00:00,171.05,186.64,89.95,29.08,7.31
1990-05-26 12:00:00+00:00,36.2,76.44,20.6,28.59,6.97
1990-05-26 13:00:00+00:00,0.0,0.0,0.0,28.12,6.34
1990-05-26 14:00:00+00:00,0.0,0.0,0.0,27.85,6.21
1990-05-26 15:00:00+00:00,0.0,0.0,0.0,27.7,6.34
1990-05-26 16:00:00+00:00,0.0,0.0,0.0,27.59,6.34
1990-05-26 17:00:00+00:00,0.0,0.0,0.0,27.51,6.48
1990-05-26 18:00:00+00:00,0.0,0.0,0.0,27.45,6.76
1990-05-26 19:00:00+00:00,0.0,0.0,0.0,27.1,6.69
1990-05-26 20:00:00+00:00,0.0,0.0,0.0,27.02,6.69
1990-05-26 21:00:00+00:00,0.0,0.0,0.0,26.87,7.59
1990-05-26 22:00:00+00:00,0.0,0.0,0.0,26.39,7.17
1990-05-26 23:00:00+00:00,0.0,0.0,0.0,26.32,6.0
1990-05-27 00:00:00+00:00,0.0,0.0,0.0,26.41,6.14
1990-05-27 01:00:00+00:00,142.9,563.06,63.9,26.69,6.0
1990-05-27 02:00:00+00:00,275.2,343.87,146.3,27.49,7.24
1990-05-27 03:00:00+00:00,488.8,589.96,142.25,28.36,7.79
1990-05-27 04:00:00+00:00,616.3,584.54,170.0,29.19,8.07
1990-05-27 05:00:00+00:00,706.55,539.49,225.8,29.69,8.14
1990-05-27 06:00:00+00:00,609.5,315.94,305.7,29.99,8.07
1990-05-27 07:00:00+00:00,667.15,375.86,302.55,29.88,7.52
1990-05-27 08:00:00+00:00,658.9,526.43,176.7,30.06,7.52
1990-05-27 09:00:00+00:00,546.1,547.41,106.5,30.02,7.72
1990-05-27 10:00:00+00:00,343.6,388.91,95.1,29.77,8.21
1990-05-27 11:00:00+00:00,196.15,263.18,81.7,29.11,8.41
1990-05-27 12:00:00+00:00,36.95,76.69,21.25,28.47,7.79
1990-05-27 13:00:00+00:00,0.0,0.0,0.0,27.84,7.1
1990-05-27 14:00:00+00:00,0.0,0.0,0.0,27.53,6.28
1990-05-27 15:00:00+00:00,0.0,0.0,0.0,27.34,6.28
1990-05-27 16:00:00+00:00,0.0,0.0,0.0,27.26,6.28
1990-05-27 17:00:00+00:00,0.0,0.0,0.0,27.21,6.28
1990-05-27 18:00:00+00:00,0.0,0.0,0.0,27.18,6.14
1990-05-27 19:00:00+00:00,0.0,0.0,0.0,27.17,6.34
1990-05-27 20:00:00+00:00,0.0,0.0,0.0,27.11,6.34
1990-05-27 21:00:00+00:00,0.0,0.0,0.0,27.06,6.41
1990-05-27 22:00:00+00:00,0.0,0.0,0.0,27.09,6.41
1990-05-27 23:00:00+00:00,0.0,0.0,0.0,27.09,6.21
1990-05-28 00:00:00+00:00,0.0,0.0,0.0,27.05,6.07
1990-05-28 01:00:00+00:00,151.75,529.89,77.5,27.06,6.21
1990-05-28 02:00:00+00:00,378.0,706.26,113.55,27.52,6.21
1990-05-28 03:00:00+00:00,533.1,667.16,141.6,28.25,6.97
1990-05-28 04:00:00+00:00,673.55,599.18,216.5,28.84,7.17
1990-05-28 05:00:00+00:00,852.55,783.44,155.0,29.4,7.24
1990-05-28 06:00:00+00:00,815.75,646.97,194.1,29.98,7.24
1990-05-28 07:00:00+00:00,817.45,623.03,213.45,30.2,7.31
1990-05-28 08:00:00+00:00,705.45,606.84,149.85,30.2,7.17
1990-05-28 09:00:00+00:00,533.1,532.65,105.45,29.89,7.31
1990-05-28 10:00:00+00:00,434.6,549.72,83.3,29.47,7.38
1990-05-28 11:00:00+00:00,232.8,368.29,72.5,29.16,7.31
1990-05-28 12:00:00+00:00,45.65,118.79,21.25,28.55,6.97
1990-05-28 13:00:00+00:00,0.0,0.0,0.0,27.93,6.28
1990-05-28 14:00:00+00:00,0.0,0.0,0.0,27.62,6.21
1990-05-28 15:00:00+00:00,0.0,0.0,0.0,27.51,6.28
1990-05-28 16:00:00+00:00,0.0,0.0,0.0,27.44,6.28
1990-05-28 17:00:00+00:00,0.0,0.0,0.0,27.33,6.28
1990-05-28 18:00:00+00:00,0.0,0.0,0.0,27.28,6.41
1990-05-28 19:00:00+00:00,0.0,0.0,0.0,27.32,6.62
1990-05-28 20:00:00+00:00,0.0,0.0,0.0,27.24,6.55
1990-05-28 21:00:00+00:00,0.0,0.0,0.0,27.13,6.34
1990-05-28 22:00:00+00:00,0.0,0.0,0.0,27.06,6.21
1990-05-28 23:00:00+00:00,0.0,0.0,0.0,27.0,6.14
1990-05-29 00:00:00+00:00,0.0,0.0,0.0,27.04,6.41
1990-05-29 01:00:00+00:00,144.1,526.08,70.5,27.21,6.34
1990-05-29 02:00:00+00:00,331.55,565.52,120.05,27.77,6.97
1990-05-29 03:00:00+00:00,544.6,668.29,152.85,28.4,7.59
1990-05-29 04:00:00+00:00,633.45,668.24,124.2,29.19,7.79
1990-05-29 05:00:00+00:00,743.25,657.58,158.25,29.65,7.93
1990-05-29 06:00:00+00:00,736.55,562.62,196.35,30.05,7.72
1990-05-29 07:00:00+00:00,807.95,658.39,170.05,30.23,7.93
1990-05-29 08:00:00+00:00,716.8,612.24,156.5,30.38,7.66
1990-05-29 09:00:00+00:00,635.1,627.75,131.2,30.31,7.38
1990-05-29 10:00:00+00:00,410.95,465.38,113.5,30.18,7.31
1990-05-29 11:00:00+00:00,220.9,319.51,81.7,29.51,7.03
1990-05-29 12:00:00+00:00,45.6,114.03,22.1,28.97,6.76
1990-05-29 13:00:00+00:00,0.0,0.0,0.0,28.28,6.07
1990-05-29 14:00:00+00:00,0.0,0.0,0.0,27.94,6.14
1990-05-29 15:00:00+00:00,0.0,0.0,0.0,27.72,6.14
1990-05-29 16:00:00+00:00,0.0,0.0,0.0,27.58,6.21
1990-05-29 17:00:00+00:00,0.0,0.0,0.0,27.54,6.14
1990-05-29 18:00:00+00:00,0.0,0.0,0.0,27.43,6.21
1990-05-29 19:00:00+00:00,0.0,0.0,0.0,27.55,6.9
1990-05-29 20:00:00+00:00,0.0,0.0,0.0,27.23,7.03
1990-05-29 21:00:00+00:00,0.0,0.0,0.0,26.95,6.9
1990-05-29 22:00:00+00:00,0.0,0.0,0.0,26.76,7.03
1990-05-29 23:00:00+00:00,0.0,0.0,0.0,26.67,7.1
1990-05-30 00:00:00+00:00,0.0,0.0,0.0,26.56,6.97
1990-05-30 01:00:00+00:00,151.9,667.77,58.65,26.58,6.69
1990-05-30 02:00:00+00:00,363.2,694.48,103.8,27.33,6.83
1990-05-30 03:00:00+00:00,502.1,655.09,118.5,28.14,7.24
1990-05-30 04:00:00+00:00,622.9,638.54,136.75,28.71,7.31
1990-05-30 05:00:00+00:00,747.55,697.79,127.3,29.24,7.1
1990-05-30 06:00:00+00:00,798.9,628.37,196.0,29.71,7.38
1990-05-30 07:00:00+00:00,751.85,492.56,274.9,30.0,7.1
1990-05-30 08:00:00+00:00,509.8,341.82,197.1,29.37,7.31
1990-05-30 09:00:00+00:00,428.6,339.53,156.1,28.61,7.66
1990-05-30 10:00:00+00:00,345.9,270.45,173.0,28.39,7.72
1990-05-30 11:00:00+00:00,157.3,157.54,88.6,28.23,7.52
1990-05-30 12:00:00+00:00,33.4,52.47,22.55,27.74,7.31
1990-05-30 13:00:00+00:00,0.0,0.0,0.0,26.93,6.55
1990-05-30 14:00:00+00:00,0.0,0.0,0.0,26.82,6.34
1990-05-30 15:00:00+00:00,0.0,0.0,0.0,26.78,6.41
1990-05-30 16:00:00+00:00,0.0,0.0,0.0,26.56,6.9
1990-05-30 17:00:00+00:00,0.0,0.0,0.0,26.21,6.62
1990-05-30 18:00:00+00:00,0.0,0.0,0.0,26.06,6.55
1990-05-30 19:00:00+00:00,0.0,0.0,0.0,25.55,7.52
1990-05-30 20:00:00+00:00,0.0,0.0,0.0,25.58,6.83
1990-05-30 21:00:00+00:00,0.0,0.0,0.0,25.44,6.48
1990-05-30 22:00:00+00:00,0.0,0.0,0.0,25.37,6.62
1990-05-30 23:00:00+00:00,0.0,0.0,0.0,25.37,6.48
1990-05-31 00:00:00+00:00,0.0,0.0,0.0,25.61,5.52
1990-05-31 01:00:00+00:00,112.15,171.16,88.3,25.83,5.59
1990-05-31 02:00:00+00:00,319.25,477.33,141.2,26.16,6.14
1990-05-31 03:00:00+00:00,391.15,416.39,147.6,26.78,6.76
1990-05-31 04:00:00+00:00,441.75,326.31,193.55,26.91,7.45
1990-05-31 05:00:00+00:00,543.4,407.65,181.35,26.59,7.45
1990-05-31 06:00:00+00:00,239.9,58.41,183.9,26.52,6.9
1990-05-31 07:00:00+00:00,269.05,2.43,266.7,26.34,7.86
1990-05-31 08:00:00+00:00,292.4,47.73,248.75,26.42,7.72
1990-05-31 09:00:00+00:00,305.55,73.96,246.2,26.73,8.0
1990-05-31 10:00:00+00:00,185.35,55.36,149.95,26.95,8.41
1990-05-31 11:00:00+00:00,106.55,20.85,97.45,27.03,7.93
1990-05-31 12:00:00+00:00,26.25,15.66,23.0,27.11,7.24
1990-05-31 13:00:00+00:00,0.0,0.0,0.0,27.08,7.52
1990-05-31 14:00:00+00:00,0.0,0.0,0.0,26.86,6.62
1990-05-31 15:00:00+00:00,0.0,0.0,0.0,26.67,6.62
1990-05-31 16:00:00+00:00,0.0,0.0,0.0,25.7,6.56
1990-05-31 17:00:00+00:00,0.0,0.0,0.0,25.83,6.51
1990-05-31 18:00:00+00:00,0.0,0.0,0.0,25.96,6.46
1990-05-31 19:00:00+00:00,0.0,0.0,0.0,26.08,6.42
1990-05-31 20:00:00+00:00,0.0,0.0,0.0,26.21,6.37
1990-05-31 21:00:00+00:00,0.0,0.0,0.0,26.34,6.32
1990-05-31 22:00:00+00:00,0.0,0.0,0.0,26.47,6.27
1990-05-31 23:00:00+00:00,0.0,0.0,0.0,26.59,6.22
1990-06-01 00:00:00+00:00,0.0,0.0,0.0,26.72,6.17
1990-06-01 01:00:00+00:00,94.2,99.27,80.4,26.85,6.13
1990-06-01 02:00:00+00:00,233.95,149.67,178.2,26.98,6.08
1990-06-01 03:00:00+00:00,415.25,410.01,175.7,27.1,6.03
1990-06-01 04:00:00+00:00,497.15,379.2,209.0,27.23,5.98
1990-06-01 05:00:00+00:00,598.7,323.75,311.4,27.36,5.93
1990-06-01 06:00:00+00:00,660.25,422.54,255.4,27.49,5.88
1990-06-01 07:00:00+00:00,732.7,563.24,187.9,27.61,5.84
1990-06-01 08:00:00+00:00,619.05,431.12,224.95,28.7,7.03
1990-06-01 09:00:00+00:00,444.8,407.96,117.45,28.65,6.9
1990-06-01 10:00:00+00:00,335.45,331.74,123.25,28.26,7.17
1990-06-01 11:00:00+00:00,152.8,191.41,69.15,27.79,7.17
1990-06-01 12:00:00+00:00,38.0,88.35,19.6,27.42,6.76
1990-06-01 13:00:00+00:00,0.0,0.0,0.0,26.87,5.79
1990-06-01 14:00:00+00:00,0.0,0.0,0.0,26.78,6.07
1990-06-01 15:00:00+00:00,0.0,0.0,0.0,26.86,6.0
1990-06-01 16:00:00+00:00,0.0,0.0,0.0,26.87,6.14
1990-06-01 17:00:00+00:00,0.0,0.0,0.0,26.51,6.34
1990-06-01 18:00:00+00:00,0.0,0.0,0.0,26.8,5.52
1990-06-01 19:00:00+00:00,0.0,0.0,0.0,27.06,5.66
1990-06-01 20:00:00+00:00,0.0,0.0,0.0,27.04,5.31
1990-06-01 21:00:00+00:00,0.0,0.0,0.0,27.03,5.38
1990-06-01 22:00:00+00:00,0.0,0.0,0.0,26.59,5.45
1990-06-01 23:00:00+00:00,0.0,0.0,0.0,26.39,4.76
1990-06-02 00:00:00+00:00,0.0,0.0,0.0,26.06,5.31
1990-06-02 01:00:00+00:00,71.45,131.64,53.2,25.85,5.79
1990-06-02 02:00:00+00:00,174.4,146.94,119.75,26.25,5.38
1990-06-02 03:00:00+00:00,345.9,262.61,192.65,26.86,5.59
1990-06-02 04:00:00+00:00,518.6,403.15,212.55,27.64,6.0
1990-06-02 05:00:00+00:00,715.55,595.99,187.1,28.33,6.21
1990-06-02 06:00:00+00:00,648.55,423.66,242.9,28.66,6.48
1990-06-02 07:00:00+00:00,799.55,616.13,203.9,29.11,6.83
1990-06-02 08:00:00+00:00,546.65,431.31,152.5,28.71,6.69
1990-06-02 09:00:00+00:00,323.1,175.23,182.5,27.88,6.69
1990-06-02 10:00:00+00:00,167.35,32.82,146.35,26.84,6.0
1990-06-02 11:00:00+00:00,113.85,80.23,78.75,26.87,6.0
1990-06-02 12:00:00+00:00,26.5,41.14,17.9,27.1,5.86
1990-06-02 13:00:00+00:00,0.0,0.0,0.0,27.03,5.59
1990-06-02 14:00:00+00:00,0.0,0.0,0.0,26.91,5.86
1990-06-02 15:00:00+00:00,0.0,0.0,0.0,26.8,5.66
1990-06-02 16:00:00+00:00,0.0,0.0,0.0,26.92,5.52
1990-06-02 17:00:00+00:00,0.0,0.0,0.0,27.11,5.52
1990-06-02 18:00:00+00:00,0.0,0.0,0.0,27.19,5.72
1990-06-02 19:00:00+00:00,0.0,0.0,0.0,27.38,6.14
1990-06-02 20:00:00+00:00,0.0,0.0,0.0,27.3,5.93
1990-06-02 21:00:00+00:00,0.0,0.0,0.0,27.19,5.79
1990-06-02 22:00:00+00:00,0.0,0.0,0.0,27.1,5.52
1990-06-02 23:00:00+00:00,0.0,0.0,0.0,27.04,5.52
1990-06-03 00:00:00+00:00,0.0,0.0,0.0,26.95,5.72
1990-06-03 01:00:00+00:00,75.9,48.11,69.25,26.84,6.41
1990-06-03 02:00:00+00:00,218.5,146.9,163.95,27.05,6.14
1990-06-03 03:00:00+00:00,375.55,262.15,222.75,27.65,7.38
1990-06-03 04:00:00+00:00,466.4,289.03,247.2,27.91,7.31
1990-06-03 05:00:00+00:00,614.3,345.67,308.05,28.2,7.1
1990-06-03 06:00:00+00:00,663.3,311.69,365.05,28.66,6.76
1990-06-03 07:00:00+00:00,710.65,477.34,249.4,28.93,7.59
1990-06-03 08:00:00+00:00,638.75,492.78,188.55,28.82,7.66
1990-06-03 09:00:00+00:00,549.05,476.42,166.8,28.87,6.97
1990-06-03 10:00:00+00:00,318.25,241.51,163.65,28.17,6.97
1990-06-03 11:00:00+00:00,147.7,131.38,90.15,28.22,7.17
1990-06-03 12:00:00+00:00,32.85,58.87,20.5,27.53,6.41
1990-06-03 13:00:00+00:00,0.0,0.0,0.0,27.22,6.07
1990-06-03 14:00:00+00:00,0.0,0.0,0.0,27.05,6.07
1990-06-03 15:00:00+00:00,0.0,0.0,0.0,26.99,5.86
1990-06-03 16:00:00+00:00,0.0,0.0,0.0,27.02,5.66
1990-06-03 17:00:00+00:00,0.0,0.0,0.0,27.08,5.93
1990-06-03 18:00:00+00:00,0.0,0.0,0.0,27.15,6.28
1990-06-03 19:00:00+00:00,0.0,0.0,0.0,27.23,6.34
1990-06-03 20:00:00+00:00,0.0,0.0,0.0,27.16,6.48
1990-06-03 21:00:00+00:00,0.0,0.0,0.0,26.92,6.28
1990-06-03 22:00:00+00:00,0.0,0.0,0.0,26.87,5.93
1990-06-03 23:00:00+00:00,0.0,0.0,0.0,26.82,5.72
1990-06-04 00:00:00+00:00,0.0,0.0,0.0,26.75,5.86
1990-06-04 01:00:00+00:00,159.6,709.77,61.8,26.77,5.86
1990-06-04 02:00:00+00:00,324.25,530.29,127.65,27.37,6.55
1990-06-04 03:00:00+00:00,452.9,526.65,146.3,28.03,7.1
1990-06-04 04:00:00+00:00,635.3,623.04,163.25,28.37,7.45
1990-06-04 05:00:00+00:00,745.8,646.99,173.05,28.77,7.31
1990-06-04 06:00:00+00:00,624.8,428.02,215.5,28.95,7.38
1990-06-04 07:00:00+00:00,643.05,401.62,255.15,28.71,7.72
1990-06-04 08:00:00+00:00,672.55,524.06,193.9,28.86,7.52
1990-06-04 09:00:00+00:00,562.75,484.58,173.95,29.03,7.31
1990-06-04 10:00:00+00:00,319.6,293.72,131.5,28.91,6.97
1990-06-04 11:00:00+00:00,208.75,309.42,73.05,28.63,7.1
1990-06-04 12:00:00+00:00,45.0,111.84,21.45,28.28,7.1
1990-06-04 13:00:00+00:00,0.0,0.0,0.0,27.86,6.76
1990-06-04 14:00:00+00:00,0.0,0.0,0.0,27.67,6.28
1990-06-04 15:00:00+00:00,0.0,0.0,0.0,27.52,5.52
1990-06-04 16:00:00+00:00,0.0,0.0,0.0,27.35,5.45
1990-06-04 17:00:00+00:00,0.0,0.0,0.0,27.26,5.59
1990-06-04 18:00:00+00:00,0.0,0.0,0.0,27.2,5.52
1990-06-04 19:00:00+00:00,0.0,0.0,0.0,27.49,5.66
1990-06-04 20:00:00+00:00,0.0,0.0,0.0,27.23,5.72
1990-06-04 21:00:00+00:00,0.0,0.0,0.0,27.09,5.72
1990-06-04 22:00:00+00:00,0.0,0.0,0.0,26.88,5.31
1990-06-04 23:00:00+00:00,0.0,0.0,0.0,26.45,5.52
1990-06-05 00:00:00+00:00,0.0,0.0,0.0,26.24,5.72
1990-06-05 01:00:00+00:00,106.95,234.86,74.7,26.3,5.17
1990-06-05 02:00:00+00:00,237.9,205.48,161.85,26.73,4.9
1990-06-05 03:00:00+00:00,329.3,212.92,205.5,27.52,6.41
1990-06-05 04:00:00+00:00,512.1,305.12,281.15,27.95,6.62
1990-06-05 05:00:00+00:00,595.95,422.53,222.2,28.49,7.17
1990-06-05 06:00:00+00:00,765.85,592.09,200.0,28.98,7.45
1990-06-05 07:00:00+00:00,727.7,554.31,192.55,29.48,7.17
1990-06-05 08:00:00+00:00,650.0,464.66,225.7,29.34,7.31
1990-06-05 09:00:00+00:00,528.3,465.67,154.65,29.19,7.59
1990-06-05 10:00:00+00:00,358.35,354.69,131.1,28.94,7.31
1990-06-05 11:00:00+00:00,200.0,268.37,82.15,28.66,6.55
1990-06-05 12:00:00+00:00,37.9,86.58,19.6,28.27,5.66
1990-06-05 13:00:00+00:00,0.0,0.0,0.0,27.8,5.1
1990-06-05 14:00:00+00:00,0.0,0.0,0.0,27.53,5.52
1990-06-05 15:00:00+00:00,0.0,0.0,0.0,27.35,5.66
1990-06-05 16:00:00+00:00,0.0,0.0,0.0,27.03,5.72
1990-06-05 17:00:00+00:00,0.0,0.0,0.0,27.05,5.24
1990-06-05 18:00:00+00:00,0.0,0.0,0.0,27.04,5.45
1990-06-05 19:00:00+00:00,0.0,0.0,0.0,27.45,6.0
1990-06-05 20:00:00+00:00,0.0,0.0,0.0,27.34,6.0
1990-06-05 21:00:00+00:00,0.0,0.0,0.0,27.22,6.28
1990-06-05 22:00:00+00:00,0.0,0.0,0.0,26.83,6.62
1990-06-05 23:00:00+00:00,0.0,0.0,0.0,26.82,6.41
1990-06-06 00:00:00+00:00,0.0,0.0,0.0,26.93,5.93
1990-06-06 01:00:00+00:00,115.75,295.3,75.35,26.88,5.93
1990-06-06 02:00:00+00:00,276.65,329.53,154.9,27.01,5.93
1990-06-06 03:00:00+00:00,331.4,241.77,191.0,27.45,6.97
1990-06-06 04:00:00+00:00,545.65,484.67,179.15,27.95,6.9
1990-06-06 05:00:00+00:00,691.9,494.41,254.9,28.47,7.1
1990-06-06 06:00:00+00:00,716.95,566.85,175.55,28.97,7.38
1990-06-06 07:00:00+00:00,711.3,518.64,210.8,29.22,8.28
1990-06-06 08:00:00+00:00,630.7,476.09,196.05,29.23,8.48
1990-06-06 09:00:00+00:00,373.7,250.29,172.85,29.12,8.48
1990-06-06 10:00:00+00:00,289.9,151.71,192.65,28.54,7.79
1990-06-06 11:00:00+00:00,144.0,75.05,111.0,28.28,7.66
1990-06-06 12:00:00+00:00,28.05,18.62,24.1,27.87,7.38
1990-06-06 13:00:00+00:00,0.0,0.0,0.0,27.57,6.69
1990-06-06 14:00:00+00:00,0.0,0.0,0.0,27.46,6.69
1990-06-06 15:00:00+00:00,0.0,0.0,0.0,27.44,6.62
1990-06-06 16:00:00+00:00,0.0,0.0,0.0,27.25,7.03
1990-06-06 17:00:00+00:00,0.0,0.0,0.0,26.9,7.24
1990-06-06 18:00:00+00:00,0.0,0.0,0.0,26.72,6.9
1990-06-06 19:00:00+00:00,0.0,0.0,0.0,27.01,6.62
1990-06-06 20:00:00+00:00,0.0,0.0,0.0,26.92,6.62
1990-06-06 21:00:00+00:00,0.0,0.0,0.0,26.75,6.83
1990-06-06 22:00:00+00:00,0.0,0.0,0.0,26.46,6.76
1990-06-06 23:00:00+00:00,0.0,0.0,0.0,26.61,6.76
1990-06-07 00:00:00+00:00,0.0,0.0,0.0,26.46,6.83
1990-06-07 01:00:00+00:00,136.95,578.97,58.05,26.36,7.03
1990-06-07 02:00:00+00:00,300.55,501.48,115.6,26.7,6.69
1990-06-07 03:00:00+00:00,476.9,535.87,166.1,27.32,6.83
1990-06-07 04:00:00+00:00,578.3,426.31,256.25,28.04,7.1
1990-06-07 05:00:00+00:00,530.35,357.79,214.35,28.06,7.45
1990-06-07 06:00:00+00:00,802.7,559.21,268.9,27.65,7.03
1990-06-07 07:00:00+00:00,618.85,427.3,206.65,28.74,8.0
1990-06-07 08:00:00+00:00,455.45,227.1,248.15,28.07,8.41
1990-06-07 09:00:00+00:00,378.4,229.08,194.55,28.15,8.41
1990-06-07 10:00:00+00:00,286.05,228.26,139.65,28.08,8.55
1990-06-07 11:00:00+00:00,157.7,150.24,91.55,27.85,8.28
1990-06-07 12:00:00+00:00,14.8,5.16,13.7,27.49,8.07
1990-06-07 13:00:00+00:00,0.0,0.0,0.0,27.35,7.45
1990-06-07 14:00:00+00:00,0.0,0.0,0.0,27.23,6.97
1990-06-07 15:00:00+00:00,0.0,0.0,0.0,27.23,6.69
1990-06-07 16:00:00+00:00,0.0,0.0,0.0,27.2,6.83
1990-06-07 17:00:00+00:00,0.0,0.0,0.0,27.11,6.83
1990-06-07 18:00:00+00:00,0.0,0.0,0.0,27.1,6.83
1990-06-07 19:00:00+00:00,0.0,0.0,0.0,27.19,6.83
1990-06-07 20:00:00+00:00,0.0,0.0,0.0,27.12,6.9
1990-06-07 21:00:00+00:00,0.0,0.0,0.0,27.05,6.83
1990-06-07 22:00:00+00:00,0.0,0.0,0.0,26.91,6.9
1990-06-07 23:00:00+00:00,0.0,0.0,0.0,26.76,7.45
1990-06-08 00:00:00+00:00,0.0,0.0,0.0,26.47,7.72
1990-06-08 01:00:00+00:00,117.45,235.79,85.45,26.54,7.59
1990-06-08 02:00:00+00:00,218.75,190.15,148.75,26.87,7.31
1990-06-08 03:00:00+00:00,452.6,394.56,224.05,27.22,7.59
1990-06-08 04:00:00+00:00,514.45,319.66,273.2,27.76,7.52
1990-06-08 05:00:00+00:00,595.95,395.73,246.7,28.08,7.52
1990-06-08 06:00:00+00:00,488.6,162.52,333.55,27.87,8.28
1990-06-08 07:00:00+00:00,561.25,229.49,339.95,27.78,8.48
1990-06-08 08:00:00+00:00,481.45,180.13,317.05,28.3,8.41
1990-06-08 09:00:00+00:00,457.05,262.37,246.45,27.62,9.31
1990-06-08 10:00:00+00:00,354.05,278.14,175.55,27.99,9.59
1990-06-08 11:00:00+00:00,189.2,190.86,105.05,28.0,9.52
1990-06-08 12:00:00+00:00,34.0,32.74,27.0,27.69,9.17
1990-06-08 13:00:00+00:00,0.0,0.0,0.0,27.34,8.62
1990-06-08 14:00:00+00:00,0.0,0.0,0.0,27.12,8.41
1990-06-08 15:00:00+00:00,0.0,0.0,0.0,26.75,8.41
1990-06-08 16:00:00+00:00,0.0,0.0,0.0,26.65,8.62
1990-06-08 17:00:00+00:00,0.0,0.0,0.0,26.5,8.14
1990-06-08 18:00:00+00:00,0.0,0.0,0.0,26.52,8.07
1990-06-08 19:00:00+00:00,0.0,0.0,0.0,26.63,8.21
1990-06-08 20:00:00+00:00,0.0,0.0,0.0,26.37,8.55
1990-06-08 21:00:00+00:00,0.0,0.0,0.0,26.4,8.83
1990-06-08 22:00:00+00:00,0.0,0.0,0.0,26.38,8.41
1990-06-08 23:00:00+00:00,0.0,0.0,0.0,26.53,8.14
1990-06-09 00:00:00+00:00,0.0,0.0,0.0,26.59,8.62
1990-06-09 01:00:00+00:00,85.95,209.08,57.7,26.43,8.48
1990-06-09 02:00:00+00:00,238.85,305.64,126.55,26.62,8.69
1990-06-09 03:00:00+00:00,480.25,439.92,225.75,26.93,8.76
1990-06-09 04:00:00+00:00,589.3,418.04,274.1,27.46,8.14
1990-06-09 05:00:00+00:00,575.55,407.75,215.95,27.95,8.21
1990-06-09 06:00:00+00:00,706.6,498.77,231.0,27.86,8.34
1990-06-09 07:00:00+00:00,714.95,452.8,278.45,28.41,8.41
1990-06-09 08:00:00+00:00,419.2,253.83,187.55,28.0,9.17
1990-06-09 09:00:00+00:00,375.0,214.93,202.45,27.77,9.45
1990-06-09 10:00:00+00:00,310.65,233.2,160.9,27.75,9.59
1990-06-09 11:00:00+00:00,128.45,103.95,82.55,27.46,9.66
1990-06-09 12:00:00+00:00,32.7,28.65,26.55,27.18,9.31
1990-06-09 13:00:00+00:00,0.0,0.0,0.0,27.0,9.03
1990-06-09 14:00:00+00:00,0.0,0.0,0.0,26.83,8.48
1990-06-09 15:00:00+00:00,0.0,0.0,0.0,26.71,8.55
1990-06-09 16:00:00+00:00,0.0,0.0,0.0,26.66,8.34
1990-06-09 17:00:00+00:00,0.0,0.0,0.0,26.55,8.34
1990-06-09 18:00:00+00:00,0.0,0.0,0.0,26.4,8.48
1990-06-09 19:00:00+00:00,0.0,0.0,0.0,26.66,8.41
1990-06-09 20:00:00+00:00,0.0,0.0,0.0,26.53,8.34
1990-06-09 21:00:00+00:00,0.0,0.0,0.0,26.26,7.93
1990-06-09 22:00:00+00:00,0.0,0.0,0.0,26.24,8.14
1990-06-09 23:00:00+00:00,0.0,0.0,0.0,26.22,7.86
1990-06-10 00:00:00+00:00,0.0,0.0,0.0,26.36,7.59
1990-06-10 01:00:00+00:00,136.2,564.69,60.25,26.59,7.38
1990-06-10 02:00:00+00:00,357.75,723.6,92.4,27.07,7.93
1990-06-10 03:00:00+00:00,502.1,659.1,121.3,27.6,8.48
1990-06-10 04:00:00+00:00,700.55,703.07,170.95,28.07,8.69
1990-06-10 05:00:00+00:00,765.15,621.82,217.15,28.64,8.76
1990-06-10 06:00:00+00:00,762.35,672.36,121.55,28.83,8.76
1990-06-10 07:00:00+00:00,850.7,662.85,211.9,28.74,8.83
1990-06-10 08:00:00+00:00,737.2,600.14,189.55,29.04,9.1
1990-06-10 09:00:00+00:00,565.2,541.65,130.25,28.8,9.59
1990-06-10 10:00:00+00:00,360.6,390.77,109.5,28.47,9.31
1990-06-10 11:00:00+00:00,204.75,293.99,74.75,28.15,9.24
1990-06-10 12:00:00+00:00,43.1,90.72,23.55,27.81,8.55
1990-06-10 13:00:00+00:00,0.0,0.0,0.0,27.43,8.0
1990-06-10 14:00:00+00:00,0.0,0.0,0.0,27.19,7.86
1990-06-10 15:00:00+00:00,0.0,0.0,0.0,26.89,8.0
1990-06-10 16:00:00+00:00,0.0,0.0,0.0,26.82,8.07
1990-06-10 17:00:00+00:00,0.0,0.0,0.0,26.8,7.79
1990-06-10 18:00:00+00:00,0.0,0.0,0.0,26.63,8.0
1990-06-10 19:00:00+00:00,0.0,0.0,0.0,26.36,7.45
1990-06-10 20:00:00+00:00,0.0,0.0,0.0,26.0,7.93
1990-06-10 21:00:00+00:00,0.0,0.0,0.0,25.89,7.93
1990-06-10 22:00:00+00:00,0.0,0.0,0.0,25.84,7.79
1990-06-10 23:00:00+00:00,0.0,0.0,0.0,25.89,7.38
1990-06-11 00:00:00+00:00,0.0,0.0,0.0,26.02,7.52
1990-06-11 01:00:00+00:00,142.2,609.62,60.6,26.0,7.86
1990-06-11 02:00:00+00:00,315.85,557.4,111.85,26.47,8.21
1990-06-11 03:00:00+00:00,514.65,649.21,140.05,27.23,8.62
1990-06-11 04:00:00+00:00,631.0,644.53,145.95,27.95,8.83
1990-06-11 05:00:00+00:00,746.85,695.32,134.5,28.37,8.83
1990-06-11 06:00:00+00:00,811.25,704.65,140.0,28.37,8.97
1990-06-11 07:00:00+00:00,805.95,676.88,153.8,28.75,8.83
1990-06-11 08:00:00+00:00,744.0,637.14,162.6,28.85,8.69
1990-06-11 09:00:00+00:00,615.25,609.93,125.35,28.88,9.38
1990-06-11 10:00:00+00:00,434.1,533.42,91.1,28.52,9.38
1990-06-11 11:00:00+00:00,234.75,380.04,66.45,28.07,8.21
1990-06-11 12:00:00+00:00,50.25,116.02,25.15,27.76,7.93
1990-06-11 13:00:00+00:00,0.0,0.0,0.0,27.42,7.66
1990-06-11 14:00:00+00:00,0.0,0.0,0.0,27.28,7.72
1990-06-11 15:00:00+00:00,0.0,0.0,0.0,27.26,7.59
1990-06-11 16:00:00+00:00,0.0,0.0,0.0,27.25,7.38
1990-06-11 17:00:00+00:00,0.0,0.0,0.0,27.22,7.24
1990-06-11 18:00:00+00:00,0.0,0.0,0.0,27.12,7.1
1990-06-11 19:00:00+00:00,0.0,0.0,0.0,27.08,7.1
1990-06-11 20:00:00+00:00,0.0,0.0,0.0,26.88,7.17
1990-06-11 21:00:00+00:00,0.0,0.0,0.0,26.82,7.24
1990-06-11 22:00:00+00:00,0.0,0.0,0.0,26.8,7.24
1990-06-11 23:00:00+00:00,0.0,0.0,0.0,26.79,7.24
1990-06-12 00:00:00+00:00,0.0,0.0,0.0,26.89,7.24
1990-06-12 01:00:00+00:00,137.0,675.75,47.0,27.01,7.45
1990-06-12 02:00:00+00:00,336.45,687.62,85.3,27.26,7.59
1990-06-12 03:00:00+00:00,502.85,671.83,115.7,27.38,8.55
1990-06-12 04:00:00+00:00,766.9,864.05,117.25,27.63,8.07
1990-06-12 05:00:00+00:00,836.6,793.56,138.2,28.3,8.21
1990-06-12 06:00:00+00:00,848.9,703.39,179.15,28.49,8.48
1990-06-12 07:00:00+00:00,740.85,592.33,170.3,28.83,8.28
1990-06-12 08:00:00+00:00,772.05,687.12,145.05,28.85,8.41
1990-06-12 09:00:00+00:00,579.85,510.18,169.95,29.04,8.69
1990-06-12 10:00:00+00:00,380.3,345.78,157.8,28.82,8.76
1990-06-12 11:00:00+00:00,184.4,206.76,92.7,28.33,8.55
1990-06-12 12:00:00+00:00,43.15,60.09,30.1,27.79,7.86
1990-06-12 13:00:00+00:00,0.0,0.0,0.0,27.26,7.03
1990-06-12 14:00:00+00:00,0.0,0.0,0.0,27.17,7.03
1990-06-12 15:00:00+00:00,0.0,0.0,0.0,27.11,7.1
1990-06-12 16:00:00+00:00,0.0,0.0,0.0,27.1,7.24
1990-06-12 17:00:00+00:00,0.0,0.0,0.0,27.16,7.38
1990-06-12 18:00:00+00:00,0.0,0.0,0.0,27.13,7.45
1990-06-12 19:00:00+00:00,0.0,0.0,0.0,27.09,7.38
1990-06-12 20:00:00+00:00,0.0,0.0,0.0,26.91,7.17
1990-06-12 21:00:00+00:00,0.0,0.0,0.0,26.72,7.1
1990-06-12 22:00:00+00:00,0.0,0.0,0.0,26.59,7.45
1990-06-12 23:00:00+00:00,0.0,0.0,0.0,26.58,7.38
1990-06-13 00:00:00+00:00,0.0,0.0,0.0,26.74,6.9
1990-06-13 01:00:00+00:00,148.3,519.65,79.45,26.85,6.55
1990-06-13 02:00:00+00:00,359.9,652.69,122.0,27.27,6.83
1990-06-13 03:00:00+00:00,471.9,512.59,176.9,27.8,7.59
1990-06-13 04:00:00+00:00,663.5,524.64,269.4,28.12,7.93
1990-06-13 05:00:00+00:00,703.75,402.04,350.15,28.4,8.28
1990-06-13 06:00:00+00:00,755.0,549.18,232.3,28.25,7.93
1990-06-13 07:00:00+00:00,721.5,471.43,267.5,28.51,8.21
1990-06-13 08:00:00+00:00,625.3,352.7,303.45,28.52,8.41
1990-06-13 09:00:00+00:00,493.7,322.44,234.55,27.99,8.41
1990-06-13 10:00:00+00:00,294.0,239.61,139.7,27.93,8.55
1990-06-13 11:00:00+00:00,189.35,191.01,104.5,27.69,8.41
1990-06-13 12:00:00+00:00,40.65,67.88,25.85,27.37,8.48
1990-06-13 13:00:00+00:00,0.0,0.0,0.0,26.94,7.93
1990-06-13 14:00:00+00:00,0.0,0.0,0.0,26.74,7.93
1990-06-13 15:00:00+00:00,0.0,0.0,0.0,26.71,7.93
1990-06-13 16:00:00+00:00,0.0,0.0,0.0,26.62,7.38
1990-06-13 17:00:00+00:00,0.0,0.0,0.0,26.65,7.31
1990-06-13 18:00:00+00:00,0.0,0.0,0.0,26.51,7.59
1990-06-13 19:00:00+00:00,0.0,0.0,0.0,26.8,7.17
1990-06-13 20:00:00+00:00,0.0,0.0,0.0,26.7,6.97
1990-06-13 21:00:00+00:00,0.0,0.0,0.0,26.48,6.76
1990-06-13 22:00:00+00:00,0.0,0.0,0.0,26.46,7.03
1990-06-13 23:00:00+00:00,0.0,0.0,0.0,26.36,6.76
1990-06-14 00:00:00+00:00,0.0,0.0,0.0,26.35,6.34
1990-06-14 01:00:00+00:00,81.75,88.78,70.05,26.45,5.93
1990-06-14 02:00:00+00:00,182.35,162.89,123.1,26.65,6.28
1990-06-14 03:00:00+00:00,265.1,163.46,171.15,27.0,6.48
1990-06-14 04:00:00+00:00,344.6,127.91,248.6,27.44,6.83
1990-06-14 05:00:00+00:00,583.65,323.39,299.4,27.82,6.69
1990-06-14 06:00:00+00:00,521.15,221.57,310.35,28.35,7.17
1990-06-14 07:00:00+00:00,661.5,368.64,306.55,28.46,7.24
1990-06-14 08:00:00+00:00,725.5,540.28,232.45,28.62,7.59
1990-06-14 09:00:00+00:00,579.45,455.48,213.25,28.7,8.14
1990-06-14 10:00:00+00:00,384.75,385.51,136.3,28.4,8.0
1990-06-14 11:00:00+00:00,210.4,259.38,95.0,27.99,7.86
1990-06-14 12:00:00+00:00,45.85,87.71,26.65,27.55,7.79
1990-06-14 13:00:00+00:00,0.0,0.0,0.0,27.12,7.03
1990-06-14 14:00:00+00:00,0.0,0.0,0.0,26.95,6.9
1990-06-14 15:00:00+00:00,0.0,0.0,0.0,26.81,6.69
1990-06-14 16:00:00+00:00,0.0,0.0,0.0,26.75,6.83
1990-06-14 17:00:00+00:00,0.0,0.0,0.0,26.7,6.83
1990-06-14 18:00:00+00:00,0.0,0.0,0.0,26.66,6.76
1990-06-14 19:00:00+00:00,0.0,0.0,0.0,26.73,6.55
1990-06-14 20:00:00+00:00,0.0,0.0,0.0,26.63,6.62
1990-06-14 21:00:00+00:00,0.0,0.0,0.0,26.55,6.69
1990-06-14 22:00:00+00:00,0.0,0.0,0.0,26.54,6.69
1990-06-14 23:00:00+00:00,0.0,0.0,0.0,26.53,6.83
1990-06-15 00:00:00+00:00,0.0,0.0,0.0,26.48,6.9
1990-06-15 01:00:00+00:00,143.15,559.34,69.85,26.63,6.76
1990-06-15 02:00:00+00:00,304.15,534.49,110.15,27.1,7.86
1990-06-15 03:00:00+00:00,466.5,587.35,129.35,27.55,8.55
1990-06-15 04:00:00+00:00,678.45,712.28,144.35,27.92,8.48
1990-06-15 05:00:00+00:00,773.4,628.33,221.45,28.22,8.34
1990-06-15 06:00:00+00:00,861.9,753.85,144.95,28.55,8.28
1990-06-15 07:00:00+00:00,759.3,632.68,150.2,28.94,8.28
1990-06-15 08:00:00+00:00,805.4,746.49,124.1,28.81,7.86
1990-06-15 09:00:00+00:00,570.95,513.99,157.55,28.95,7.72
1990-06-15 10:00:00+00:00,414.8,449.54,124.85,28.45,7.86
1990-06-15 11:00:00+00:00,222.9,318.66,80.9,28.25,7.79
1990-06-15 12:00:00+00:00,49.55,112.17,24.9,27.83,7.52
1990-06-15 13:00:00+00:00,0.0,0.0,0.0,27.38,6.76
1990-06-15 14:00:00+00:00,0.0,0.0,0.0,27.18,6.76
1990-06-15 15:00:00+00:00,0.0,0.0,0.0,27.1,6.83
1990-06-15 16:00:00+00:00,0.0,0.0,0.0,27.08,6.97
1990-06-15 17:00:00+00:00,0.0,0.0,0.0,27.02,6.97
1990-06-15 18:00:00+00:00,0.0,0.0,0.0,26.92,6.97
1990-06-15 19:00:00+00:00,0.0,0.0,0.0,26.9,6.28
1990-06-15 20:00:00+00:00,0.0,0.0,0.0,26.77,6.28
1990-06-15 21:00:00+00:00,0.0,0.0,0.0,26.67,6.07
1990-06-15 22:00:00+00:00,0.0,0.0,0.0,26.61,5.93
1990-06-15 23:00:00+00:00,0.0,0.0,0.0,26.39,6.41
1990-06-16 00:00:00+00:00,0.0,0.0,0.0,26.28,6.41
1990-06-16 01:00:00+00:00,99.0,217.97,70.6,26.34,6.21
1990-06-16 02:00:00+00:00,254.2,255.12,161.8,26.72,6.69
1990-06-16 03:00:00+00:00,402.95,329.86,213.85,26.75,7.45
1990-06-16 04:00:00+00:00,543.35,400.3,243.45,27.27,6.76
1990-06-16 05:00:00+00:00,648.95,372.24,322.15,28.09,6.69
1990-06-16 06:00:00+00:00,593.7,376.55,235.7,28.26,7.03
1990-06-16 07:00:00+00:00,267.7,73.13,197.3,27.51,7.1
1990-06-16 08:00:00+00:00,364.45,123.08,252.1,27.3,6.55
1990-06-16 09:00:00+00:00,546.15,395.95,227.55,27.66,7.38
1990-06-16 10:00:00+00:00,391.05,414.61,123.4,27.71,7.79
1990-06-16 11:00:00+00:00,80.95,48.95,59.1,27.54,7.86
1990-06-16 12:00:00+00:00,20.9,16.77,17.2,27.1,6.76
1990-06-16 13:00:00+00:00,0.0,0.0,0.0,26.89,6.48
1990-06-16 14:00:00+00:00,0.0,0.0,0.0,26.82,6.34
1990-06-16 15:00:00+00:00,0.0,0.0,0.0,26.76,6.62
1990-06-16 16:00:00+00:00,0.0,0.0,0.0,26.76,6.69
1990-06-16 17:00:00+00:00,0.0,0.0,0.0,26.74,6.48
1990-06-16 18:00:00+00:00,0.0,0.0,0.0,26.73,6.48
1990-06-16 19:00:00+00:00,0.0,0.0,0.0,26.0,6.21
1990-06-16 20:00:00+00:00,0.0,0.0,0.0,26.01,6.55
1990-06-16 21:00:00+00:00,0.0,0.0,0.0,26.1,6.0
1990-06-16 22:00:00+00:00,0.0,0.0,0.0,26.08,5.59
1990-06-16 23:00:00+00:00,0.0,0.0,0.0,26.04,5.86
1990-06-17 00:00:00+00:00,0.0,0.0,0.0,26.1,6.07
1990-06-17 01:00:00+00:00,71.0,132.8,53.8,26.27,6.0
1990-06-17 02:00:00+00:00,165.7,132.95,117.65,26.58,5.93
1990-06-17 03:00:00+00:00,382.5,309.32,205.4,26.91,6.28
1990-06-17 04:00:00+00:00,528.65,358.22,260.5,27.51,7.45
1990-06-17 05:00:00+00:00,712.5,636.5,154.0,27.86,7.17
1990-06-17 06:00:00+00:00,740.9,525.18,241.75,28.09,6.41
1990-06-17 07:00:00+00:00,765.15,529.49,255.5,28.82,7.1
1990-06-17 08:00:00+00:00,746.05,646.49,155.85,29.03,7.17
1990-06-17 09:00:00+00:00,574.8,467.64,198.35,28.93,7.38
1990-06-17 10:00:00+00:00,397.4,372.15,156.95,28.56,7.38
1990-06-17 11:00:00+00:00,205.25,262.38,87.95,28.26,7.31
1990-06-17 12:00:00+00:00,42.35,82.86,24.0,27.93,7.24
1990-06-17 13:00:00+00:00,0.0,0.0,0.0,27.47,6.28
1990-06-17 14:00:00+00:00,0.0,0.0,0.0,27.23,6.14
1990-06-17 15:00:00+00:00,0.0,0.0,0.0,27.18,6.14
1990-06-17 16:00:00+00:00,0.0,0.0,0.0,27.18,6.21
1990-06-17 17:00:00+00:00,0.0,0.0,0.0,27.17,6.41
1990-06-17 18:00:00+00:00,0.0,0.0,0.0,27.2,6.48
1990-06-17 19:00:00+00:00,0.0,0.0,0.0,26.99,7.1
1990-06-17 20:00:00+00:00,0.0,0.0,0.0,26.87,7.03
1990-06-17 21:00:00+00:00,0.0,0.0,0.0,26.76,6.97
1990-06-17 22:00:00+00:00,0.0,0.0,0.0,26.73,7.1
1990-06-17 23:00:00+00:00,0.0,0.0,0.0,26.68,6.83
1990-06-18 00:00:00+00:00,0.0,0.0,0.0,26.67,6.76
1990-06-18 01:00:00+00:00,77.15,240.41,46.2,26.71,6.55
1990-06-18 02:00:00+00:00,194.05,177.75,129.95,26.94,6.34
1990-06-18 03:00:00+00:00,387.75,308.23,211.5,27.38,6.62
1990-06-18 04:00:00+00:00,542.65,364.06,270.35,27.98,6.83
1990-06-18 05:00:00+00:00,734.4,487.92,306.5,27.86,7.03
1990-06-18 06:00:00+00:00,819.05,695.56,158.15,28.43,6.83
1990-06-18 07:00:00+00:00,863.9,730.14,161.15,28.94,6.55
1990-06-18 08:00:00+00:00,735.1,635.74,154.6,29.06,6.62
1990-06-18 09:00:00+00:00,600.9,552.96,155.55,27.88,6.9
1990-06-18 10:00:00+00:00,402.05,466.07,100.65,27.83,7.66
1990-06-18 11:00:00+00:00,211.65,332.4,62.8,27.38,7.38
1990-06-18 12:00:00+00:00,53.95,145.3,21.65,26.78,7.31
1990-06-18 13:00:00+00:00,0.0,0.0,0.0,26.22,6.76
1990-06-18 14:00:00+00:00,0.0,0.0,0.0,26.06,6.62
1990-06-18 15:00:00+00:00,0.0,0.0,0.0,26.06,6.55
1990-06-18 16:00:00+00:00,0.0,0.0,0.0,26.06,6.76
1990-06-18 17:00:00+00:00,0.0,0.0,0.0,26.15,6.55
1990-06-18 18:00:00+00:00,0.0,0.0,0.0,26.07,6.41
1990-06-18 19:00:00+00:00,0.0,0.0,0.0,26.08,6.28
1990-06-18 20:00:00+00:00,0.0,0.0,0.0,26.11,6.21
1990-06-18 21:00:00+00:00,0.0,0.0,0.0,26.13,6.14
1990-06-18 22:00:00+00:00,0.0,0.0,0.0,25.66,6.41
1990-06-18 23:00:00+00:00,0.0,0.0,0.0,25.1,6.34
1990-06-19 00:00:00+00:00,0.0,0.0,0.0,25.32,6.62
1990-06-19 01:00:00+00:00,140.2,584.29,65.45,25.44,6.34
1990-06-19 02:00:00+00:00,304.5,622.94,80.35,25.93,6.55
1990-06-19 03:00:00+00:00,500.25,610.67,151.5,26.61,6.69
1990-06-19 04:00:00+00:00,705.6,742.56,150.65,27.28,6.9
1990-06-19 05:00:00+00:00,772.6,695.85,162.65,27.94,7.03
1990-06-19 06:00:00+00:00,818.05,669.57,182.0,28.37,6.97
1990-06-19 07:00:00+00:00,866.9,763.3,132.25,28.52,7.72
1990-06-19 08:00:00+00:00,748.85,663.3,143.05,28.67,7.72
1990-06-19 09:00:00+00:00,500.9,471.58,120.9,28.63,7.66
1990-06-19 10:00:00+00:00,380.1,449.49,89.15,28.05,7.59
1990-06-19 11:00:00+00:00,205.35,297.96,71.7,27.4,7.1
1990-06-19 12:00:00+00:00,48.8,109.35,24.4,27.34,6.62
1990-06-19 13:00:00+00:00,0.0,0.0,0.0,26.98,6.55
1990-06-19 14:00:00+00:00,0.0,0.0,0.0,26.76,6.41
1990-06-19 15:00:00+00:00,0.0,0.0,0.0,26.59,6.48
1990-06-19 16:00:00+00:00,0.0,0.0,0.0,26.23,6.83
1990-06-19 17:00:00+00:00,0.0,0.0,0.0,25.8,6.76
1990-06-19 18:00:00+00:00,0.0,0.0,0.0,25.61,6.34
1990-06-19 19:00:00+00:00,0.0,0.0,0.0,25.92,6.41
1990-06-19 20:00:00+00:00,0.0,0.0,0.0,25.74,6.55
1990-06-19 21:00:00+00:00,0.0,0.0,0.0,25.57,6.97
1990-06-19 22:00:00+00:00,0.0,0.0,0.0,25.32,6.69
1990-06-19 23:00:00+00:00,0.0,0.0,0.0,25.47,6.48
1990-06-20 00:00:00+00:00,0.0,0.0,0.0,25.48,6.41
1990-06-20 01:00:00+00:00,129.5,462.56,70.7,25.73,6.34
1990-06-20 02:00:00+00:00,291.95,437.98,134.7,26.03,6.34
1990-06-20 03:00:00+00:00,443.7,446.98,188.75,26.66,6.34
1990-06-20 04:00:00+00:00,570.05,459.85,226.65,27.25,6.48
1990-06-20 05:00:00+00:00,656.95,373.62,329.6,27.71,6.69
1990-06-20 06:00:00+00:00,777.65,467.5,333.65,28.13,6.9
1990-06-20 07:00:00+00:00,733.9,431.91,318.2,28.55,8.07
1990-06-20 08:00:00+00:00,637.6,410.98,262.15,28.24,8.41
1990-06-20 09:00:00+00:00,464.7,323.17,204.15,27.77,8.62
1990-06-20 10:00:00+00:00,331.0,301.59,135.6,27.37,8.76
1990-06-20 11:00:00+00:00,192.25,253.84,78.2,27.07,8.14
1990-06-20 12:00:00+00:00,44.2,115.19,18.4,26.86,7.03
1990-06-20 13:00:00+00:00,0.0,0.0,0.0,26.72,6.97
1990-06-20 14:00:00+00:00,0.0,0.0,0.0,26.43,6.69
1990-06-20 15:00:00+00:00,0.0,0.0,0.0,26.36,6.55
1990-06-20 16:00:00+00:00,0.0,0.0,0.0,26.31,6.69
1990-06-20 17:00:00+00:00,0.0,0.0,0.0,26.22,7.03
1990-06-20 18:00:00+00:00,0.0,0.0,0.0,26.06,7.03
1990-06-20 19:00:00+00:00,0.0,0.0,0.0,26.2,7.31
1990-06-20 20:00:00+00:00,0.0,0.0,0.0,25.97,6.97
1990-06-20 21:00:00+00:00,0.0,0.0,0.0,25.98,6.83
1990-06-20 22:00:00+00:00,0.0,0.0,0.0,25.82,6.83
1990-06-20 23:00:00+00:00,0.0,0.0,0.0,25.9,6.48
1990-06-21 00:00:00+00:00,0.0,0.0,0.0,26.05,6.34
1990-06-21 01:00:00+00:00,131.4,338.91,88.6,26.16,6.34
1990-06-21 02:00:00+00:00,268.2,337.2,147.4,26.57,6.97
1990-06-21 03:00:00+00:00,425.55,373.01,213.05,26.99,6.83
1990-06-21 04:00:00+00:00,544.25,350.51,282.7,27.5,7.17
1990-06-21 05:00:00+00:00,659.0,522.28,201.6,27.37,7.72
1990-06-21 06:00:00+00:00,737.05,407.98,349.65,27.77,7.17
1990-06-21 07:00:00+00:00,710.5,483.94,244.7,27.51,8.0
1990-06-21 08:00:00+00:00,641.55,476.31,206.3,27.78,8.48
1990-06-21 09:00:00+00:00,618.55,553.62,171.95,27.97,8.34
1990-06-21 10:00:00+00:00,390.2,419.34,118.25,27.67,8.48
1990-06-21 11:00:00+00:00,185.4,235.75,79.3,27.51,8.48
1990-06-21 12:00:00+00:00,46.15,96.97,24.35,27.03,7.59
1990-06-21 13:00:00+00:00,0.0,0.0,0.0,26.69,7.93
1990-06-21 14:00:00+00:00,0.0,0.0,0.0,26.65,7.93
1990-06-21 15:00:00+00:00,0.0,0.0,0.0,26.59,7.72
1990-06-21 16:00:00+00:00,0.0,0.0,0.0,26.55,7.59
1990-06-21 17:00:00+00:00,0.0,0.0,0.0,26.46,7.45
1990-06-21 18:00:00+00:00,0.0,0.0,0.0,26.38,7.31
1990-06-21 19:00:00+00:00,0.0,0.0,0.0,26.55,7.24
1990-06-21 20:00:00+00:00,0.0,0.0,0.0,26.44,6.9
1990-06-21 21:00:00+00:00,0.0,0.0,0.0,26.3,6.76
1990-06-21 22:00:00+00:00,0.0,0.0,0.0,26.11,6.41
1990-06-21 23:00:00+00:00,0.0,0.0,0.0,25.96,6.62
1990-06-22 00:00:00+00:00,0.0,0.0,0.0,25.96,6.62
1990-06-22 01:00:00+00:00,109.65,357.52,64.8,25.77,6.21
1990-06-22 02:00:00+00:00,330.35,573.36,125.4,26.09,7.24
1990-06-22 03:00:00+00:00,530.45,666.26,151.35,26.65,7.31
1990-06-22 04:00:00+00:00,675.95,665.05,180.05,27.29,7.38
1990-06-22 05:00:00+00:00,849.5,749.3,193.55,27.93,7.17
1990-06-22 06:00:00+00:00,862.05,643.09,251.5,28.57,7.45
1990-06-22 07:00:00+00:00,817.85,606.33,234.2,28.79,7.79
1990-06-22 08:00:00+00:00,635.15,413.8,256.9,28.71,7.79
1990-06-22 09:00:00+00:00,547.45,369.25,249.4,28.33,7.66
1990-06-22 10:00:00+00:00,325.55,218.43,183.75,28.11,7.66
1990-06-22 11:00:00+00:00,190.45,191.54,104.1,27.64,7.38
1990-06-22 12:00:00+00:00,49.45,70.25,33.6,27.34,7.1
1990-06-22 13:00:00+00:00,0.0,0.0,0.0,26.95,6.76
1990-06-22 14:00:00+00:00,0.0,0.0,0.0,26.76,6.83
1990-06-22 15:00:00+00:00,0.0,0.0,0.0,26.66,6.69
1990-06-22 16:00:00+00:00,0.0,0.0,0.0,26.54,6.62
1990-06-22 17:00:00+00:00,0.0,0.0,0.0,26.46,6.55
1990-06-22 18:00:00+00:00,0.0,0.0,0.0,26.41,6.48
1990-06-22 19:00:00+00:00,0.0,0.0,0.0,26.39,6.62
1990-06-22 20:00:00+00:00,0.0,0.0,0.0,26.26,6.48
1990-06-22 21:00:00+00:00,0.0,0.0,0.0,26.2,6.48
1990-06-22 22:00:00+00:00,0.0,0.0,0.0,25.86,6.21
1990-06-22 23:00:00+00:00,0.0,0.0,0.0,25.7,6.14
1990-06-23 00:00:00+00:00,0.0,0.0,0.0,25.88,5.93
1990-06-23 01:00:00+00:00,116.35,324.64,75.9,25.72,5.86
1990-06-23 02:00:00+00:00,301.45,509.02,119.9,26.12,6.34
1990-06-23 03:00:00+00:00,538.7,657.91,164.8,26.66,6.62
1990-06-23 04:00:00+00:00,650.85,558.69,234.55,27.43,6.9
1990-06-23 05:00:00+00:00,802.05,672.62,213.45,28.0,7.03
1990-06-23 06:00:00+00:00,821.7,625.79,227.65,28.5,7.17
1990-06-23 07:00:00+00:00,796.95,554.02,263.6,28.8,7.03
1990-06-23 08:00:00+00:00,688.0,456.04,271.0,28.82,7.17
1990-06-23 09:00:00+00:00,536.1,413.66,202.0,28.56,7.1
1990-06-23 10:00:00+00:00,419.8,447.43,129.05,28.26,7.03
1990-06-23 11:00:00+00:00,254.55,399.5,74.15,27.91,7.24
1990-06-23 12:00:00+00:00,57.05,142.42,24.8,27.5,7.03
1990-06-23 13:00:00+00:00,0.0,0.0,0.0,26.99,6.41
1990-06-23 14:00:00+00:00,0.0,0.0,0.0,26.71,6.34
1990-06-23 15:00:00+00:00,0.0,0.0,0.0,26.63,6.41
1990-06-23 16:00:00+00:00,0.0,0.0,0.0,26.57,6.48
1990-06-23 17:00:00+00:00,0.0,0.0,0.0,26.54,6.55
1990-06-23 18:00:00+00:00,0.0,0.0,0.0,26.45,6.55
1990-06-23 19:00:00+00:00,0.0,0.0,0.0,26.42,6.55
1990-06-23 20:00:00+00:00,0.0,0.0,0.0,26.33,6.48
1990-06-23 21:00:00+00:00,0.0,0.0,0.0,26.22,6.28
1990-06-23 22:00:00+00:00,0.0,0.0,0.0,26.12,6.14
1990-06-23 23:00:00+00:00,0.0,0.0,0.0,25.93,6.0
1990-06-24 00:00:00+00:00,0.0,0.0,0.0,25.8,5.93
1990-06-24 01:00:00+00:00,144.0,693.38,58.2,25.88,6.0
1990-06-24 02:00:00+00:00,352.85,663.01,116.9,26.53,7.31
1990-06-24 03:00:00+00:00,497.0,619.92,145.1,27.16,7.45
1990-06-24 04:00:00+00:00,692.2,669.58,193.6,27.64,7.31
1990-06-24 05:00:00+00:00,812.55,630.33,261.15,28.11,7.1
1990-06-24 06:00:00+00:00,861.2,698.91,197.8,28.52,7.17
1990-06-24 07:00:00+00:00,836.45,645.39,215.05,28.79,7.1
1990-06-24 08:00:00+00:00,623.35,501.29,164.8,28.81,7.1
1990-06-24 09:00:00+00:00,552.25,490.6,155.75,28.43,7.31
1990-06-24 10:00:00+00:00,395.9,410.93,128.6,28.34,7.38
1990-06-24 11:00:00+00:00,209.95,225.17,108.1,27.9,7.72
1990-06-24 12:00:00+00:00,46.3,59.41,32.8,27.44,7.59
1990-06-24 13:00:00+00:00,0.0,0.0,0.0,26.86,6.41
1990-06-24 14:00:00+00:00,0.0,0.0,0.0,26.64,6.21
1990-06-24 15:00:00+00:00,0.0,0.0,0.0,26.59,6.28
1990-06-24 16:00:00+00:00,0.0,0.0,0.0,26.58,6.14
1990-06-24 17:00:00+00:00,0.0,0.0,0.0,26.55,6.14
1990-06-24 18:00:00+00:00,0.0,0.0,0.0,26.53,6.34
1990-06-24 19:00:00+00:00,0.0,0.0,0.0,26.71,6.34
1990-06-24 20:00:00+00:00,0.0,0.0,0.0,26.58,6.55
1990-06-24 21:00:00+00:00,0.0,0.0,0.0,26.35,6.69
1990-06-24 22:00:00+00:00,0.0,0.0,0.0,26.19,6.62
1990-06-24 23:00:00+00:00,0.0,0.0,0.0,26.14,6.62
1990-06-25 00:00:00+00:00,0.0,0.0,0.0,26.05,6.34
1990-06-25 01:00:00+00:00,105.6,264.9,73.05,26.06,6.28
1990-06-25 02:00:00+00:00,299.95,432.28,146.45,26.39,6.9
1990-06-25 03:00:00+00:00,470.0,470.37,203.3,26.9,7.24
1990-06-25 04:00:00+00:00,691.55,667.93,194.5,27.48,7.52
1990-06-25 05:00:00+00:00,760.05,601.82,233.75,28.07,8.07
1990-06-25 06:00:00+00:00,754.4,525.32,255.8,28.35,8.07
1990-06-25 07:00:00+00:00,731.05,420.77,325.85,28.58,7.59
1990-06-25 08:00:00+00:00,693.55,440.28,290.65,28.71,7.59
1990-06-25 09:00:00+00:00,503.7,320.62,244.4,28.52,7.86
1990-06-25 10:00:00+00:00,365.05,302.31,168.2,28.14,7.66
1990-06-25 11:00:00+00:00,173.15,131.32,113.65,27.91,7.52
1990-06-25 12:00:00+00:00,47.65,54.82,35.15,27.37,7.45
1990-06-25 13:00:00+00:00,0.0,0.0,0.0,26.99,7.17
1990-06-25 14:00:00+00:00,0.0,0.0,0.0,26.8,6.97
1990-06-25 15:00:00+00:00,0.0,0.0,0.0,26.69,6.97
1990-06-25 16:00:00+00:00,0.0,0.0,0.0,26.62,7.03
1990-06-25 17:00:00+00:00,0.0,0.0,0.0,26.54,6.21
1990-06-25 18:00:00+00:00,0.0,0.0,0.0,26.45,5.66
1990-06-25 19:00:00+00:00,0.0,0.0,0.0,26.56,5.86
1990-06-25 20:00:00+00:00,0.0,0.0,0.0,26.43,6.0
1990-06-25 21:00:00+00:00,0.0,0.0,0.0,26.37,6.0
1990-06-25 22:00:00+00:00,0.0,0.0,0.0,26.33,5.59
1990-06-25 23:00:00+00:00,0.0,0.0,0.0,26.33,5.31
1990-06-26 00:00:00+00:00,0.0,0.0,0.0,26.3,5.24
1990-06-26 01:00:00+00:00,141.05,543.42,74.75,26.33,5.38
1990-06-26 02:00:00+00:00,327.55,499.69,150.5,26.92,5.66
1990-06-26 03:00:00+00:00,504.85,495.96,223.95,27.62,6.48
1990-06-26 04:00:00+00:00,689.6,587.73,252.5,28.2,6.76
1990-06-26 05:00:00+00:00,806.15,621.72,262.6,28.71,6.83
1990-06-26 06:00:00+00:00,831.5,560.57,299.45,29.05,6.83
1990-06-26 07:00:00+00:00,773.5,476.03,315.0,28.98,7.72
1990-06-26 08:00:00+00:00,651.3,358.93,322.7,28.82,8.0
1990-06-26 09:00:00+00:00,540.55,371.06,240.25,28.51,7.45
1990-06-26 10:00:00+00:00,367.8,255.43,201.3,28.35,6.83
1990-06-26 11:00:00+00:00,184.0,117.77,130.55,28.02,6.55
1990-06-26 12:00:00+00:00,40.9,31.47,33.7,27.6,6.62
1990-06-26 13:00:00+00:00,0.0,0.0,0.0,27.19,6.76
1990-06-26 14:00:00+00:00,0.0,0.0,0.0,27.03,6.48
1990-06-26 15:00:00+00:00,0.0,0.0,0.0,26.96,6.48
1990-06-26 16:00:00+00:00,0.0,0.0,0.0,26.8,6.83
1990-06-26 17:00:00+00:00,0.0,0.0,0.0,26.66,6.76
1990-06-26 18:00:00+00:00,0.0,0.0,0.0,26.54,6.83
1990-06-26 19:00:00+00:00,0.0,0.0,0.0,26.6,7.59
1990-06-26 20:00:00+00:00,0.0,0.0,0.0,26.47,7.45
1990-06-26 21:00:00+00:00,0.0,0.0,0.0,26.31,7.38
1990-06-26 22:00:00+00:00,0.0,0.0,0.0,26.14,7.1
1990-06-26 23:00:00+00:00,0.0,0.0,0.0,25.98,6.69
1990-06-27 00:00:00+00:00,0.0,0.0,0.0,25.86,6.69
1990-06-27 01:00:00+00:00,148.1,719.07,61.0,25.99,6.76
1990-06-27 02:00:00+00:00,345.8,615.19,128.3,26.52,8.0
1990-06-27 03:00:00+00:00,544.1,674.68,162.4,27.2,8.41
1990-06-27 04:00:00+00:00,690.4,739.96,140.4,27.78,7.72
1990-06-27 05:00:00+00:00,820.0,769.18,147.7,28.12,7.72
1990-06-27 06:00:00+00:00,819.65,649.6,203.1,28.46,7.79
1990-06-27 07:00:00+00:00,771.35,568.35,223.8,28.46,8.62
1990-06-27 08:00:00+00:00,639.4,479.2,200.5,28.48,8.0
1990-06-27 09:00:00+00:00,489.65,357.03,200.5,28.25,8.07
1990-06-27 10:00:00+00:00,346.35,258.0,178.0,28.11,7.79
1990-06-27 11:00:00+00:00,143.35,71.16,111.0,27.79,7.79
1990-06-27 12:00:00+00:00,39.8,22.87,34.55,27.25,7.86
1990-06-27 13:00:00+00:00,0.0,0.0,0.0,26.84,7.03
1990-06-27 14:00:00+00:00,0.0,0.0,0.0,26.63,7.03
1990-06-27 15:00:00+00:00,0.0,0.0,0.0,26.5,7.03
1990-06-27 16:00:00+00:00,0.0,0.0,0.0,26.44,6.97
1990-06-27 17:00:00+00:00,0.0,0.0,0.0,26.34,6.83
1990-06-27 18:00:00+00:00,0.0,0.0,0.0,26.29,6.97
1990-06-27 19:00:00+00:00,0.0,0.0,0.0,26.26,7.52
1990-06-27 20:00:00+00:00,0.0,0.0,0.0,26.16,7.1
1990-06-27 21:00:00+00:00,0.0,0.0,0.0,26.13,6.9
1990-06-27 22:00:00+00:00,0.0,0.0,0.0,26.12,6.69
1990-06-27 23:00:00+00:00,0.0,0.0,0.0,26.1,6.48
1990-06-28 00:00:00+00:00,0.0,0.0,0.0,26.02,6.28
1990-06-28 01:00:00+00:00,124.45,356.76,81.55,26.17,6.0
1990-06-28 02:00:00+00:00,330.15,538.01,140.35,26.65,6.34
1990-06-28 03:00:00+00:00,509.0,587.36,177.05,27.38,6.76
1990-06-28 04:00:00+00:00,675.85,635.5,203.75,27.9,6.97
1990-06-28 05:00:00+00:00,734.8,560.27,245.2,28.1,7.17
1990-06-28 06:00:00+00:00,766.75,576.09,219.95,28.13,7.24
1990-06-28 07:00:00+00:00,874.75,747.58,154.35,28.87,7.03
1990-06-28 08:00:00+00:00,719.05,583.24,184.6,29.11,7.1
1990-06-28 09:00:00+00:00,470.0,360.9,177.5,28.71,6.97
1990-06-28 10:00:00+00:00,389.25,354.7,157.55,28.28,6.48
1990-06-28 11:00:00+00:00,207.35,214.45,109.7,27.99,6.28
1990-06-28 12:00:00+00:00,45.95,38.64,37.05,27.49,6.07
1990-06-28 13:00:00+00:00,0.0,0.0,0.0,27.02,5.24
1990-06-28 14:00:00+00:00,0.0,0.0,0.0,26.76,5.38
1990-06-28 15:00:00+00:00,0.0,0.0,0.0,26.58,5.45
1990-06-28 16:00:00+00:00,0.0,0.0,0.0,26.45,5.79
1990-06-28 17:00:00+00:00,0.0,0.0,0.0,26.46,5.79
1990-06-28 18:00:00+00:00,0.0,0.0,0.0,26.38,5.45
1990-06-28 19:00:00+00:00,0.0,0.0,0.0,26.49,5.66
1990-06-28 20:00:00+00:00,0.0,0.0,0.0,26.39,6.0
1990-06-28 21:00:00+00:00,0.0,0.0,0.0,26.28,6.28
1990-06-28 22:00:00+00:00,0.0,0.0,0.0,26.16,6.0
1990-06-28 23:00:00+00:00,0.0,0.0,0.0,26.01,5.17
1990-06-29 00:00:00+00:00,0.0,0.0,0.0,25.92,5.03
1990-06-29 01:00:00+00:00,94.25,131.11,78.6,25.86,5.31
1990-06-29 02:00:00+00:00,220.45,170.3,160.5,26.19,6.07
1990-06-29 03:00:00+00:00,321.95,154.63,234.65,26.7,6.62
1990-06-29 04:00:00+00:00,520.9,310.17,290.6,27.17,6.76
1990-06-29 05:00:00+00:00,586.75,257.98,361.35,27.73,7.1
1990-06-29 06:00:00+00:00,840.1,688.67,186.4,27.6,7.03
1990-06-29 07:00:00+00:00,699.8,552.64,167.1,28.49,6.62
1990-06-29 08:00:00+00:00,753.95,635.52,171.3,28.38,6.55
1990-06-29 09:00:00+00:00,631.85,636.69,115.45,28.54,6.97
1990-06-29 10:00:00+00:00,409.5,468.47,103.15,28.33,6.9
1990-06-29 11:00:00+00:00,252.35,396.73,71.4,27.91,6.69
1990-06-29 12:00:00+00:00,56.85,135.69,25.5,27.49,6.28
1990-06-29 13:00:00+00:00,0.0,0.0,0.0,26.94,5.45
1990-06-29 14:00:00+00:00,0.0,0.0,0.0,26.63,5.45
1990-06-29 15:00:00+00:00,0.0,0.0,0.0,26.53,5.86
1990-06-29 16:00:00+00:00,0.0,0.0,0.0,26.42,6.07
1990-06-29 17:00:00+00:00,0.0,0.0,0.0,26.35,5.93
1990-06-29 18:00:00+00:00,0.0,0.0,0.0,26.23,5.52
1990-06-29 19:00:00+00:00,0.0,0.0,0.0,26.22,5.03
1990-06-29 20:00:00+00:00,0.0,0.0,0.0,26.11,4.97
1990-06-29 21:00:00+00:00,0.0,0.0,0.0,26.03,4.83
1990-06-29 22:00:00+00:00,0.0,0.0,0.0,26.01,4.62
1990-06-29 23:00:00+00:00,0.0,0.0,0.0,26.03,4.55
1990-06-30 00:00:00+00:00,0.0,0.0,0.0,26.07,4.41
1990-06-30 01:00:00+00:00,121.3,436.34,69.6,26.19,4.41
1990-06-30 02:00:00+00:00,332.45,622.85,113.65,26.71,4.9
1990-06-30 03:00:00+00:00,457.4,524.11,161.8,27.53,5.03
1990-06-30 04:00:00+00:00,648.4,598.87,203.95,28.1,5.24
1990-06-30 05:00:00+00:00,713.25,570.02,215.3,28.58,5.38
1990-06-30 06:00:00+00:00,731.25,526.96,231.0,28.65,5.52
1990-06-30 07:00:00+00:00,806.7,565.16,261.75,28.76,5.72
1990-06-30 08:00:00+00:00,648.75,433.5,251.1,28.98,5.59
1990-06-30 09:00:00+00:00,404.3,217.32,227.9,28.74,5.38
1990-06-30 10:00:00+00:00,290.4,166.43,181.45,28.29,4.9
1990-06-30 11:00:00+00:00,167.2,153.45,97.1,27.9,4.97
1990-06-30 12:00:00+00:00,46.75,95.14,24.7,27.42,4.55
1990-06-30 13:00:00+00:00,0.0,0.0,0.0,26.99,4.41
1990-06-30 14:00:00+00:00,0.0,0.0,0.0,26.73,4.97
1990-06-30 15:00:00+00:00,0.0,0.0,0.0,26.51,4.83
1990-06-30 16:00:00+00:00,0.0,0.0,0.0,25.45,3.57
1990-06-30 17:00:00+00:00,0.0,0.0,0.0,25.68,3.8
1990-06-30 18:00:00+00:00,0.0,0.0,0.0,25.91,4.03
1990-06-30 19:00:00+00:00,0.0,0.0,0.0,26.14,4.26
1990-06-30 20:00:00+00:00,0.0,0.0,0.0,26.37,4.49
1990-06-30 21:00:00+00:00,0.0,0.0,0.0,26.6,4.71
1990-06-30 22:00:00+00:00,0.0,0.0,0.0,26.83,4.94
1990-06-30 23:00:00+00:00,0.0,0.0,0.0,27.06,5.17
1990-07-01 00:00:00+00:00,0.0,0.0,0.0,27.29,5.4
1990-07-01 01:00:00+00:00,95.45,197.04,72.45,27.52,5.63
1990-07-01 02:00:00+00:00,265.2,289.28,164.0,27.75,5.85
1990-07-01 03:00:00+00:00,396.9,321.7,215.8,27.98,6.08
1990-07-01 04:00:00+00:00,595.15,506.06,219.9,28.21,6.31
1990-07-01 05:00:00+00:00,733.35,612.43,198.45,28.44,6.54
1990-07-01 06:00:00+00:00,818.4,664.17,187.7,28.67,6.77
1990-07-01 07:00:00+00:00,855.2,716.22,164.1,28.89,6.99
1990-07-01 08:00:00+00:00,750.2,637.84,164.45,29.76,6.69
1990-07-01 09:00:00+00:00,658.95,651.06,129.65,29.54,6.48
1990-07-01 10:00:00+00:00,422.2,471.06,113.15,29.39,6.62
1990-07-01 11:00:00+00:00,249.65,352.39,88.15,28.75,6.55
1990-07-01 12:00:00+00:00,54.25,104.45,29.9,28.29,6.14
1990-07-01 13:00:00+00:00,0.0,0.0,0.0,27.7,5.17
1990-07-01 14:00:00+00:00,0.0,0.0,0.0,27.39,5.17
1990-07-01 15:00:00+00:00,0.0,0.0,0.0,27.21,5.24
1990-07-01 16:00:00+00:00,0.0,0.0,0.0,27.12,5.38
1990-07-01 17:00:00+00:00,0.0,0.0,0.0,27.06,5.31
1990-07-01 18:00:00+00:00,0.0,0.0,0.0,27.08,5.31
1990-07-01 19:00:00+00:00,0.0,0.0,0.0,27.15,5.72
1990-07-01 20:00:00+00:00,0.0,0.0,0.0,27.05,5.79
1990-07-01 21:00:00+00:00,0.0,0.0,0.0,27.04,5.86
1990-07-01 22:00:00+00:00,0.0,0.0,0.0,26.98,5.86
1990-07-01 23:00:00+00:00,0.0,0.0,0.0,26.91,5.66
1990-07-02 00:00:00+00:00,0.0,0.0,0.0,26.83,5.24
1990-07-02 01:00:00+00:00,126.85,495.04,69.5,26.91,5.03
1990-07-02 02:00:00+00:00,224.1,310.77,115.6,27.4,6.14
1990-07-02 03:00:00+00:00,443.1,477.83,174.35,27.77,6.62
1990-07-02 04:00:00+00:00,602.75,555.69,190.85,28.39,6.83
1990-07-02 05:00:00+00:00,665.8,546.11,188.85,28.93,6.62
1990-07-02 06:00:00+00:00,787.85,608.29,210.1,29.21,6.76
1990-07-02 07:00:00+00:00,774.25,545.16,248.0,29.79,5.72
1990-07-02 08:00:00+00:00,656.85,493.81,203.1,29.94,6.0
1990-07-02 09:00:00+00:00,539.85,417.38,200.25,29.65,6.34
1990-07-02 10:00:00+00:00,408.2,361.68,170.65,29.28,6.62
1990-07-02 11:00:00+00:00,208.65,238.34,99.25,28.84,6.21
1990-07-02 12:00:00+00:00,54.8,88.55,34.1,28.26,6.0
1990-07-02 13:00:00+00:00,0.0,0.0,0.0,27.77,5.38
1990-07-02 14:00:00+00:00,0.0,0.0,0.0,27.48,5.38
1990-07-02 15:00:00+00:00,0.0,0.0,0.0,27.37,5.86
1990-07-02 16:00:00+00:00,0.0,0.0,0.0,27.32,5.93
1990-07-02 17:00:00+00:00,0.0,0.0,0.0,27.22,5.93
1990-07-02 18:00:00+00:00,0.0,0.0,0.0,27.17,5.66
1990-07-02 19:00:00+00:00,0.0,0.0,0.0,27.23,6.07
1990-07-02 20:00:00+00:00,0.0,0.0,0.0,27.09,6.21
1990-07-02 21:00:00+00:00,0.0,0.0,0.0,26.88,6.62
1990-07-02 22:00:00+00:00,0.0,0.0,0.0,26.76,7.1
1990-07-02 23:00:00+00:00,0.0,0.0,0.0,26.76,7.03
1990-07-03 00:00:00+00:00,0.0,0.0,0.0,26.62,6.97
1990-07-03 01:00:00+00:00,74.1,100.89,62.5,26.45,6.9
1990-07-03 02:00:00+00:00,150.05,48.5,133.15,26.5,6.69
1990-07-03 03:00:00+00:00,142.15,22.69,129.4,25.91,6.62
1990-07-03 04:00:00+00:00,156.3,28.95,134.85,25.7,6.14
1990-07-03 05:00:00+00:00,206.55,38.07,173.3,26.05,5.72
1990-07-03 06:00:00+00:00,462.5,137.79,331.6,26.82,5.38
1990-07-03 07:00:00+00:00,545.0,229.41,323.45,28.41,6.76
1990-07-03 08:00:00+00:00,536.5,255.86,301.25,28.8,7.24
1990-07-03 09:00:00+00:00,463.3,255.18,255.5,28.68,7.31
1990-07-03 10:00:00+00:00,274.5,109.12,202.75,28.5,7.93
1990-07-03 11:00:00+00:00,147.1,54.17,122.2,28.08,7.17
1990-07-03 12:00:00+00:00,34.1,7.68,32.3,27.72,6.76
1990-07-03 13:00:00+00:00,0.0,0.0,0.0,27.32,6.34
1990-07-03 14:00:00+00:00,0.0,0.0,0.0,27.17,6.21
1990-07-03 15:00:00+00:00,0.0,0.0,0.0,27.16,6.34
1990-07-03 16:00:00+00:00,0.0,0.0,0.0,27.13,6.34
1990-07-03 17:00:00+00:00,0.0,0.0,0.0,27.04,6.07
1990-07-03 18:00:00+00:00,0.0,0.0,0.0,26.96,5.79
1990-07-03 19:00:00+00:00,0.0,0.0,0.0,26.96,5.45
1990-07-03 20:00:00+00:00,0.0,0.0,0.0,26.84,5.31
1990-07-03 21:00:00+00:00,0.0,0.0,0.0,26.73,5.31
1990-07-03 22:00:00+00:00,0.0,0.0,0.0,26.71,5.52
1990-07-03 23:00:00+00:00,0.0,0.0,0.0,26.71,5.72
1990-07-04 00:00:00+00:00,0.0,0.0,0.0,26.72,5.72
1990-07-04 01:00:00+00:00,91.95,96.84,80.9,26.76,5.66
1990-07-04 02:00:00+00:00,192.8,113.58,153.3,27.12,6.34
1990-07-04 03:00:00+00:00,358.65,202.94,244.7,27.47,7.1
1990-07-04 04:00:00+00:00,544.0,328.77,300.45,28.04,7.45
1990-07-04 05:00:00+00:00,596.65,289.57,343.75,28.53,7.31
1990-07-04 06:00:00+00:00,677.9,355.7,339.9,28.6,7.45
1990-07-04 07:00:00+00:00,682.0,393.77,301.55,29.06,7.72
1990-07-04 08:00:00+00:00,673.7,464.17,246.65,29.14,7.52
1990-07-04 09:00:00+00:00,518.6,370.55,216.6,29.1,7.93
1990-07-04 10:00:00+00:00,412.15,400.09,148.8,28.72,7.59
1990-07-04 11:00:00+00:00,223.45,273.03,97.75,28.45,7.24
1990-07-04 12:00:00+00:00,45.35,40.64,35.8,28.06,7.17
1990-07-04 13:00:00+00:00,0.0,0.0,0.0,27.57,7.1
1990-07-04 14:00:00+00:00,0.0,0.0,0.0,27.32,6.76
1990-07-04 15:00:00+00:00,0.0,0.0,0.0,27.16,6.55
1990-07-04 16:00:00+00:00,0.0,0.0,0.0,26.88,6.9
1990-07-04 17:00:00+00:00,0.0,0.0,0.0,26.61,7.1
1990-07-04 18:00:00+00:00,0.0,0.0,0.0,26.35,7.03
1990-07-04 19:00:00+00:00,0.0,0.0,0.0,27.17,6.9
1990-07-04 20:00:00+00:00,0.0,0.0,0.0,27.07,6.55
1990-07-04 21:00:00+00:00,0.0,0.0,0.0,26.91,6.28
1990-07-04 22:00:00+00:00,0.0,0.0,0.0,26.85,6.41
1990-07-04 23:00:00+00:00,0.0,0.0,0.0,26.74,6.21
1990-07-05 00:00:00+00:00,0.0,0.0,0.0,26.77,6.28
1990-07-05 01:00:00+00:00,99.8,192.93,77.95,26.56,6.07
1990-07-05 02:00:00+00:00,244.5,264.48,152.7,26.63,6.48
1990-07-05 03:00:00+00:00,402.15,311.99,227.1,27.06,6.07
1990-07-05 04:00:00+00:00,616.75,479.41,261.7,27.61,6.21
1990-07-05 05:00:00+00:00,788.45,637.32,231.8,28.33,6.48
1990-07-05 06:00:00+00:00,820.3,697.46,157.35,28.97,6.62
1990-07-05 07:00:00+00:00,802.1,657.44,166.6,29.61,7.24
1990-07-05 08:00:00+00:00,795.8,720.21,132.75,29.72,7.38
1990-07-05 09:00:00+00:00,634.2,623.28,125.8,29.73,7.59
1990-07-05 10:00:00+00:00,436.0,498.15,107.75,29.45,7.45
1990-07-05 11:00:00+00:00,246.35,398.32,62.7,29.0,7.1
1990-07-05 12:00:00+00:00,58.85,151.14,23.25,28.49,6.62
1990-07-05 13:00:00+00:00,0.0,0.0,0.0,28.01,6.34
1990-07-05 14:00:00+00:00,0.0,0.0,0.0,27.66,6.21
1990-07-05 15:00:00+00:00,0.0,0.0,0.0,27.51,6.21
1990-07-05 16:00:00+00:00,0.0,0.0,0.0,27.44,6.21
1990-07-05 17:00:00+00:00,0.0,0.0,0.0,27.39,6.34
1990-07-05 18:00:00+00:00,0.0,0.0,0.0,27.29,6.34
1990-07-05 19:00:00+00:00,0.0,0.0,0.0,27.33,6.69
1990-07-05 20:00:00+00:00,0.0,0.0,0.0,27.22,6.55
1990-07-05 21:00:00+00:00,0.0,0.0,0.0,27.09,6.48
1990-07-05 22:00:00+00:00,0.0,0.0,0.0,27.03,6.34
1990-07-05 23:00:00+00:00,0.0,0.0,0.0,26.91,6.0
1990-07-06 00:00:00+00:00,0.0,0.0,0.0,26.81,5.79
1990-07-06 01:00:00+00:00,118.2,362.54,77.45,26.86,5.93
1990-07-06 02:00:00+00:00,297.35,461.53,137.45,27.25,6.28
1990-07-06 03:00:00+00:00,466.35,569.86,146.85,27.86,7.17
1990-07-06 04:00:00+00:00,633.45,608.29,183.05,28.3,7.45
1990-07-06 05:00:00+00:00,689.15,557.41,202.25,28.51,7.66
1990-07-06 06:00:00+00:00,835.5,659.27,208.65,28.71,7.31
1990-07-06 07:00:00+00:00,780.6,590.16,209.85,29.55,7.59
1990-07-06 08:00:00+00:00,623.6,432.45,225.2,29.49,7.72
1990-07-06 09:00:00+00:00,546.3,400.36,219.45,29.15,7.66
1990-07-06 10:00:00+00:00,314.9,233.76,160.7,28.95,7.24
1990-07-06 11:00:00+00:00,179.9,138.29,116.05,28.48,7.17
1990-07-06 12:00:00+00:00,56.65,107.59,31.25,28.11,7.1
1990-07-06 13:00:00+00:00,0.0,0.0,0.0,27.65,6.55
1990-07-06 14:00:00+00:00,0.0,0.0,0.0,27.31,6.41
1990-07-06 15:00:00+00:00,0.0,0.0,0.0,27.04,6.41
1990-07-06 16:00:00+00:00,0.0,0.0,0.0,26.91,6.21
1990-07-06 17:00:00+00:00,0.0,0.0,0.0,26.93,6.28
1990-07-06 18:00:00+00:00,0.0,0.0,0.0,25.95,6.28
1990-07-06 19:00:00+00:00,0.0,0.0,0.0,26.9,6.34
1990-07-06 20:00:00+00:00,0.0,0.0,0.0,26.78,6.21
1990-07-06 21:00:00+00:00,0.0,0.0,0.0,26.75,6.0
1990-07-06 22:00:00+00:00,0.0,0.0,0.0,26.65,5.79
1990-07-06 23:00:00+00:00,0.0,0.0,0.0,26.53,6.07
1990-07-07 00:00:00+00:00,0.0,0.0,0.0,26.47,5.38
1990-07-07 01:00:00+00:00,84.1,357.21,44.25,26.59,5.03
1990-07-07 02:00:00+00:00,272.8,466.27,111.55,26.88,5.1
1990-07-07 03:00:00+00:00,479.95,646.81,117.55,27.55,5.79
1990-07-07 04:00:00+00:00,603.45,623.73,141.7,28.24,6.07
1990-07-07 05:00:00+00:00,785.9,760.8,121.25,28.85,6.21
1990-07-07 06:00:00+00:00,820.4,694.42,159.9,29.33,6.14
1990-07-07 07:00:00+00:00,789.15,666.59,144.15,29.73,5.66
1990-07-07 08:00:00+00:00,728.1,653.71,125.45,29.81,5.38
1990-07-07 09:00:00+00:00,564.1,478.29,173.3,29.82,5.31
1990-07-07 10:00:00+00:00,421.85,461.05,117.4,29.47,5.38
1990-07-07 11:00:00+00:00,241.4,341.84,83.35,29.14,5.17
1990-07-07 12:00:00+00:00,61.85,146.24,27.25,28.67,5.1
1990-07-07 13:00:00+00:00,0.0,0.0,0.0,28.16,4.48
1990-07-07 14:00:00+00:00,0.0,0.0,0.0,27.79,4.34
1990-07-07 15:00:00+00:00,0.0,0.0,0.0,27.62,4.28
1990-07-07 16:00:00+00:00,0.0,0.0,0.0,27.51,4.14
1990-07-07 17:00:00+00:00,0.0,0.0,0.0,27.44,4.07
1990-07-07 18:00:00+00:00,0.0,0.0,0.0,27.36,4.0
1990-07-07 19:00:00+00:00,0.0,0.0,0.0,27.41,4.28
1990-07-07 20:00:00+00:00,0.0,0.0,0.0,27.3,4.07
1990-07-07 21:00:00+00:00,0.0,0.0,0.0,27.13,4.0
1990-07-07 22:00:00+00:00,0.0,0.0,0.0,26.96,3.66
1990-07-07 23:00:00+00:00,0.0,0.0,0.0,26.83,3.38
1990-07-08 00:00:00+00:00,0.0,0.0,0.0,26.77,3.03
1990-07-08 01:00:00+00:00,129.1,419.95,82.6,26.75,2.9
1990-07-08 02:00:00+00:00,326.25,519.37,146.95,27.45,3.1
1990-07-08 03:00:00+00:00,423.2,389.69,205.0,28.54,3.31
1990-07-08 04:00:00+00:00,619.3,522.63,232.45,29.22,2.9
1990-07-08 05:00:00+00:00,820.75,716.21,194.95,30.04,2.62
1990-07-08 06:00:00+00:00,780.6,541.51,265.35,30.78,2.48
1990-07-08 07:00:00+00:00,697.6,478.08,234.75,30.88,2.69
1990-07-08 08:00:00+00:00,664.75,421.07,276.3,30.79,2.76
1990-07-08 09:00:00+00:00,569.8,446.21,204.9,30.78,2.9
1990-07-08 10:00:00+00:00,239.9,125.18,157.15,30.65,2.62
1990-07-08 11:00:00+00:00,97.1,1.4,96.45,29.9,2.9
1990-07-08 12:00:00+00:00,23.75,0.42,23.65,29.26,2.76
1990-07-08 13:00:00+00:00,0.0,0.0,0.0,28.61,2.34
1990-07-08 14:00:00+00:00,0.0,0.0,0.0,28.13,1.72
1990-07-08 15:00:00+00:00,0.0,0.0,0.0,27.77,1.45
1990-07-08 16:00:00+00:00,0.0,0.0,0.0,27.32,1.72
1990-07-08 17:00:00+00:00,0.0,0.0,0.0,27.07,1.72
1990-07-08 18:00:00+00:00,0.0,0.0,0.0,26.78,1.79
1990-07-08 19:00:00+00:00,0.0,0.0,0.0,26.93,2.21
1990-07-08 20:00:00+00:00,0.0,0.0,0.0,26.79,2.34
1990-07-08 21:00:00+00:00,0.0,0.0,0.0,26.62,2.55
1990-07-08 22:00:00+00:00,0.0,0.0,0.0,26.49,2.76
1990-07-08 23:00:00+00:00,0.0,0.0,0.0,26.44,2.62
1990-07-09 00:00:00+00:00,0.0,0.0,0.0,26.36,2.21
1990-07-09 01:00:00+00:00,102.8,228.83,77.65,26.29,2.21
1990-07-09 02:00:00+00:00,209.25,148.71,158.0,26.65,2.62
1990-07-09 03:00:00+00:00,389.05,299.32,221.55,27.3,2.28
1990-07-09 04:00:00+00:00,602.05,452.69,267.0,28.43,1.66
1990-07-09 05:00:00+00:00,637.95,402.26,286.4,29.43,1.24
1990-07-09 06:00:00+00:00,601.65,260.64,353.55,30.04,1.59
1990-07-09 07:00:00+00:00,720.5,426.4,307.45,30.05,2.28
1990-07-09 08:00:00+00:00,575.7,381.61,223.4,30.35,2.83
1990-07-09 09:00:00+00:00,448.1,309.17,195.05,28.57,2.83
1990-07-09 10:00:00+00:00,320.2,275.34,138.0,28.53,2.21
1990-07-09 11:00:00+00:00,96.8,54.79,71.4,28.69,2.48
1990-07-09 12:00:00+00:00,18.6,16.21,14.75,27.62,2.34
1990-07-09 13:00:00+00:00,0.0,0.0,0.0,26.95,2.9
1990-07-09 14:00:00+00:00,0.0,0.0,0.0,26.73,2.97
1990-07-09 15:00:00+00:00,0.0,0.0,0.0,26.65,2.83
1990-07-09 16:00:00+00:00,0.0,0.0,0.0,26.53,2.62
1990-07-09 17:00:00+00:00,0.0,0.0,0.0,26.48,2.9
1990-07-09 18:00:00+00:00,0.0,0.0,0.0,26.03,3.59
1990-07-09 19:00:00+00:00,0.0,0.0,0.0,25.2,3.52
1990-07-09 20:00:00+00:00,0.0,0.0,0.0,25.46,2.07
1990-07-09 21:00:00+00:00,0.0,0.0,0.0,25.69,1.86
1990-07-09 22:00:00+00:00,0.0,0.0,0.0,25.89,2.07
1990-07-09 23:00:00+00:00,0.0,0.0,0.0,26.01,2.55
1990-07-10 00:00:00+00:00,0.0,0.0,0.0,26.21,2.76
1990-07-10 01:00:00+00:00,107.05,385.88,64.95,26.47,2.83
1990-07-10 02:00:00+00:00,331.6,643.03,110.35,26.87,3.03
1990-07-10 03:00:00+00:00,503.9,585.02,176.7,27.67,3.45
1990-07-10 04:00:00+00:00,688.55,727.62,150.05,28.19,3.66
1990-07-10 05:00:00+00:00,577.7,395.13,232.3,28.85,4.0
1990-07-10 06:00:00+00:00,551.1,268.87,295.05,28.94,3.93
1990-07-10 07:00:00+00:00,617.75,288.0,338.6,28.62,3.52
1990-07-10 08:00:00+00:00,539.0,327.86,236.1,28.85,3.24
1990-07-10 09:00:00+00:00,353.6,160.09,222.45,28.88,3.38
1990-07-10 10:00:00+00:00,204.8,72.54,156.75,28.24,3.66
1990-07-10 11:00:00+00:00,49.8,1.94,48.9,28.26,3.17
1990-07-10 12:00:00+00:00,20.9,1.05,20.65,27.8,3.45
1990-07-10 13:00:00+00:00,0.0,0.0,0.0,27.4,3.86
1990-07-10 14:00:00+00:00,0.0,0.0,0.0,27.17,4.0
1990-07-10 15:00:00+00:00,0.0,0.0,0.0,27.01,3.79
1990-07-10 16:00:00+00:00,0.0,0.0,0.0,26.92,3.86
1990-07-10 17:00:00+00:00,0.0,0.0,0.0,26.87,4.0
1990-07-10 18:00:00+00:00,0.0,0.0,0.0,26.82,4.48
1990-07-10 19:00:00+00:00,0.0,0.0,0.0,26.8,4.14
1990-07-10 20:00:00+00:00,0.0,0.0,0.0,26.73,4.07
1990-07-10 21:00:00+00:00,0.0,0.0,0.0,26.69,4.41
1990-07-10 22:00:00+00:00,0.0,0.0,0.0,26.69,4.55
1990-07-10 23:00:00+00:00,0.0,0.0,0.0,26.7,4.34
1990-07-11 00:00:00+00:00,0.0,0.0,0.0,26.71,4.28
1990-07-11 01:00:00+00:00,145.7,878.5,50.55,26.8,4.21
1990-07-11 02:00:00+00:00,332.75,710.12,88.8,27.3,4.76
1990-07-11 03:00:00+00:00,434.75,529.5,138.75,27.96,5.38
1990-07-11 04:00:00+00:00,586.1,595.28,145.55,28.35,5.59
1990-07-11 05:00:00+00:00,734.55,623.71,189.2,28.75,5.86
1990-07-11 06:00:00+00:00,821.5,634.75,216.75,29.08,5.86
1990-07-11 07:00:00+00:00,780.35,594.72,203.55,29.22,6.41
1990-07-11 08:00:00+00:00,610.05,445.35,198.3,29.08,6.28
1990-07-11 09:00:00+00:00,545.3,438.22,186.0,28.67,6.83
1990-07-11 10:00:00+00:00,318.75,268.38,140.8,28.54,6.28
1990-07-11 11:00:00+00:00,162.0,145.9,94.2,28.17,6.07
1990-07-11 12:00:00+00:00,44.2,52.03,31.8,27.74,6.07
1990-07-11 13:00:00+00:00,0.0,0.0,0.0,27.32,5.52
1990-07-11 14:00:00+00:00,0.0,0.0,0.0,27.05,5.31
1990-07-11 15:00:00+00:00,0.0,0.0,0.0,26.86,5.31
1990-07-11 16:00:00+00:00,0.0,0.0,0.0,26.79,5.52
1990-07-11 17:00:00+00:00,0.0,0.0,0.0,26.65,5.59
1990-07-11 18:00:00+00:00,0.0,0.0,0.0,26.43,5.45
1990-07-11 19:00:00+00:00,0.0,0.0,0.0,26.81,4.83
1990-07-11 20:00:00+00:00,0.0,0.0,0.0,26.72,4.97
1990-07-11 21:00:00+00:00,0.0,0.0,0.0,26.71,5.03
1990-07-11 22:00:00+00:00,0.0,0.0,0.0,26.76,5.24
1990-07-11 23:00:00+00:00,0.0,0.0,0.0,26.62,5.17
1990-07-12 00:00:00+00:00,0.0,0.0,0.0,26.64,5.1
1990-07-12 01:00:00+00:00,127.05,697.0,52.1,26.64,4.83
1990-07-12 02:00:00+00:00,308.55,655.07,83.85,26.97,5.59
1990-07-12 03:00:00+00:00,472.05,626.29,122.1,27.46,6.07
1990-07-12 04:00:00+00:00,665.75,684.98,158.8,27.98,6.0
1990-07-12 05:00:00+00:00,661.65,539.72,189.6,28.69,6.07
1990-07-12 06:00:00+00:00,845.0,700.69,177.1,28.79,7.03
1990-07-12 07:00:00+00:00,861.6,722.74,160.2,29.8,5.66
1990-07-12 08:00:00+00:00,771.0,666.47,154.35,29.87,6.07
1990-07-12 09:00:00+00:00,593.8,497.61,185.45,29.68,6.28
1990-07-12 10:00:00+00:00,372.2,255.08,202.9,29.24,6.21
1990-07-12 11:00:00+00:00,240.2,292.98,103.9,28.66,5.86
1990-07-12 12:00:00+00:00,55.55,86.1,35.0,28.25,5.45
1990-07-12 13:00:00+00:00,0.0,0.0,0.0,27.71,4.76
1990-07-12 14:00:00+00:00,0.0,0.0,0.0,27.4,5.1
1990-07-12 15:00:00+00:00,0.0,0.0,0.0,27.21,5.31
1990-07-12 16:00:00+00:00,0.0,0.0,0.0,27.17,5.38
1990-07-12 17:00:00+00:00,0.0,0.0,0.0,27.12,5.45
1990-07-12 18:00:00+00:00,0.0,0.0,0.0,27.09,5.38
1990-07-12 19:00:00+00:00,0.0,0.0,0.0,26.94,5.38
1990-07-12 20:00:00+00:00,0.0,0.0,0.0,26.79,5.38
1990-07-12 21:00:00+00:00,0.0,0.0,0.0,26.66,5.59
1990-07-12 22:00:00+00:00,0.0,0.0,0.0,26.66,5.86
1990-07-12 23:00:00+00:00,0.0,0.0,0.0,26.64,5.79
1990-07-13 00:00:00+00:00,0.0,0.0,0.0,26.64,5.38
1990-07-13 01:00:00+00:00,91.85,157.81,75.0,26.68,5.03
1990-07-13 02:00:00+00:00,213.8,148.46,162.95,27.0,5.45
1990-07-13 03:00:00+00:00,283.7,117.98,217.8,27.35,6.0
1990-07-13 04:00:00+00:00,479.1,234.48,305.55,27.61,6.28
1990-07-13 05:00:00+00:00,529.4,208.19,347.25,28.37,6.48
1990-07-13 06:00:00+00:00,540.55,137.31,409.6,28.58,6.62
1990-07-13 07:00:00+00:00,447.0,99.37,350.5,28.91,5.93
1990-07-13 08:00:00+00:00,475.0,173.77,314.1,28.87,5.17
1990-07-13 09:00:00+00:00,309.35,77.56,245.65,28.91,5.31
1990-07-13 10:00:00+00:00,313.55,148.57,214.85,28.51,5.52
1990-07-13 11:00:00+00:00,144.7,52.61,120.2,28.31,5.52
1990-07-13 12:00:00+00:00,41.65,41.42,31.75,27.9,4.83
1990-07-13 13:00:00+00:00,0.0,0.0,0.0,27.51,3.93
1990-07-13 14:00:00+00:00,0.0,0.0,0.0,27.23,4.0
1990-07-13 15:00:00+00:00,0.0,0.0,0.0,27.09,4.21
1990-07-13 16:00:00+00:00,0.0,0.0,0.0,27.05,4.28
1990-07-13 17:00:00+00:00,0.0,0.0,0.0,27.04,4.21
1990-07-13 18:00:00+00:00,0.0,0.0,0.0,27.04,4.28
1990-07-13 19:00:00+00:00,0.0,0.0,0.0,26.89,4.55
1990-07-13 20:00:00+00:00,0.0,0.0,0.0,26.83,4.41
1990-07-13 21:00:00+00:00,0.0,0.0,0.0,26.75,4.41
1990-07-13 22:00:00+00:00,0.0,0.0,0.0,26.69,4.55
1990-07-13 23:00:00+00:00,0.0,0.0,0.0,26.67,4.48
1990-07-14 00:00:00+00:00,0.0,0.0,0.0,26.64,4.21
1990-07-14 01:00:00+00:00,95.95,213.15,73.35,26.65,4.07
1990-07-14 02:00:00+00:00,274.1,341.03,157.45,27.05,4.41
1990-07-14 03:00:00+00:00,457.2,494.93,180.85,27.76,4.9
1990-07-14 04:00:00+00:00,520.05,384.89,235.15,28.43,4.97
1990-07-14 05:00:00+00:00,621.2,481.59,199.7,28.79,4.9
1990-07-14 06:00:00+00:00,838.1,620.78,245.75,29.21,4.55
1990-07-14 07:00:00+00:00,800.65,486.96,327.45,30.2,4.0
1990-07-14 08:00:00+00:00,705.6,534.83,210.0,30.39,4.21
1990-07-14 09:00:00+00:00,588.9,475.9,197.7,30.31,4.48
1990-07-14 10:00:00+00:00,379.55,293.92,184.1,30.0,4.76
1990-07-14 11:00:00+00:00,204.8,208.49,107.6,29.34,4.97
1990-07-14 12:00:00+00:00,57.7,104.07,32.8,28.63,5.17
1990-07-14 13:00:00+00:00,0.0,0.0,0.0,27.97,4.97
1990-07-14 14:00:00+00:00,0.0,0.0,0.0,27.56,5.1
1990-07-14 15:00:00+00:00,0.0,0.0,0.0,27.29,4.9
1990-07-14 16:00:00+00:00,0.0,0.0,0.0,27.22,4.76
1990-07-14 17:00:00+00:00,0.0,0.0,0.0,27.17,4.97
1990-07-14 18:00:00+00:00,0.0,0.0,0.0,27.1,5.24
1990-07-14 19:00:00+00:00,0.0,0.0,0.0,27.16,5.59
1990-07-14 20:00:00+00:00,0.0,0.0,0.0,27.02,5.38
1990-07-14 21:00:00+00:00,0.0,0.0,0.0,26.93,5.31
1990-07-14 22:00:00+00:00,0.0,0.0,0.0,26.82,5.52
1990-07-14 23:00:00+00:00,0.0,0.0,0.0,26.62,5.45
1990-07-15 00:00:00+00:00,0.0,0.0,0.0,26.54,5.38
1990-07-15 01:00:00+00:00,92.7,176.16,74.15,26.58,5.1
1990-07-15 02:00:00+00:00,232.8,279.42,137.35,27.12,6.0
1990-07-15 03:00:00+00:00,376.4,310.82,202.9,27.84,5.66
1990-07-15 04:00:00+00:00,450.05,193.09,307.1,28.45,5.72
1990-07-15 05:00:00+00:00,686.55,417.67,320.85,28.76,6.0
1990-07-15 06:00:00+00:00,833.65,608.76,252.45,29.38,6.28
1990-07-15 07:00:00+00:00,836.3,615.85,237.45,29.81,6.55
1990-07-15 08:00:00+00:00,713.65,464.38,283.0,29.94,6.76
1990-07-15 09:00:00+00:00,559.5,404.45,226.75,29.84,7.17
1990-07-15 10:00:00+00:00,338.85,213.05,197.05,29.45,7.24
1990-07-15 11:00:00+00:00,187.8,137.68,123.55,29.05,6.97
1990-07-15 12:00:00+00:00,40.45,31.73,32.85,28.55,6.55
1990-07-15 13:00:00+00:00,0.0,0.0,0.0,27.97,5.86
1990-07-15 14:00:00+00:00,0.0,0.0,0.0,27.68,6.0
1990-07-15 15:00:00+00:00,0.0,0.0,0.0,27.34,6.41
1990-07-15 16:00:00+00:00,0.0,0.0,0.0,26.99,6.34
1990-07-15 17:00:00+00:00,0.0,0.0,0.0,26.86,5.86
1990-07-15 18:00:00+00:00,0.0,0.0,0.0,26.78,5.72
1990-07-15 19:00:00+00:00,0.0,0.0,0.0,27.23,5.93
1990-07-15 20:00:00+00:00,0.0,0.0,0.0,27.14,6.0
1990-07-15 21:00:00+00:00,0.0,0.0,0.0,27.02,6.0
1990-07-15 22:00:00+00:00,0.0,0.0,0.0,26.87,6.07
1990-07-15 23:00:00+00:00,0.0,0.0,0.0,26.92,6.21
1990-07-16 00:00:00+00:00,0.0,0.0,0.0,26.89,5.93
1990-07-16 01:00:00+00:00,107.45,308.32,75.2,26.92,5.72
1990-07-16 02:00:00+00:00,233.2,211.03,161.2,27.43,6.48
1990-07-16 03:00:00+00:00,378.05,330.61,193.55,27.91,6.9
1990-07-16 04:00:00+00:00,467.05,308.86,238.35,28.52,6.97
1990-07-16 05:00:00+00:00,602.95,285.86,352.55,28.78,6.97
1990-07-16 06:00:00+00:00,739.1,429.61,328.7,29.01,6.9
1990-07-16 07:00:00+00:00,699.7,444.57,267.1,29.62,6.97
1990-07-16 08:00:00+00:00,574.45,313.6,283.4,29.28,7.1
1990-07-16 09:00:00+00:00,486.55,273.5,261.35,29.13,7.17
1990-07-16 10:00:00+00:00,306.75,169.93,193.55,28.84,7.52
1990-07-16 11:00:00+00:00,112.45,35.01,96.1,28.17,6.76
1990-07-16 12:00:00+00:00,26.1,13.77,22.8,27.7,6.83
1990-07-16 13:00:00+00:00,0.0,0.0,0.0,27.27,6.14
1990-07-16 14:00:00+00:00,0.0,0.0,0.0,26.95,6.21
1990-07-16 15:00:00+00:00,0.0,0.0,0.0,26.75,5.93
1990-07-16 16:00:00+00:00,0.0,0.0,0.0,26.64,5.86
1990-07-16 17:00:00+00:00,0.0,0.0,0.0,26.63,5.93
1990-07-16 18:00:00+00:00,0.0,0.0,0.0,26.6,5.72
1990-07-16 19:00:00+00:00,0.0,0.0,0.0,26.96,6.0
1990-07-16 20:00:00+00:00,0.0,0.0,0.0,26.85,5.79
1990-07-16 21:00:00+00:00,0.0,0.0,0.0,26.78,5.52
1990-07-16 22:00:00+00:00,0.0,0.0,0.0,26.72,5.52
1990-07-16 23:00:00+00:00,0.0,0.0,0.0,26.69,5.31
1990-07-17 00:00:00+00:00,0.0,0.0,0.0,26.66,5.24
1990-07-17 01:00:00+00:00,64.3,83.24,55.65,26.7,5.24
1990-07-17 02:00:00+00:00,158.4,82.46,130.3,27.09,5.66
1990-07-17 03:00:00+00:00,249.85,141.05,171.15,27.62,5.52
1990-07-17 04:00:00+00:00,340.55,155.41,225.45,28.18,6.0
1990-07-17 05:00:00+00:00,485.35,240.6,274.5,28.59,5.93
1990-07-17 06:00:00+00:00,602.4,332.58,284.5,29.03,5.66
1990-07-17 07:00:00+00:00,599.9,321.75,286.6,29.75,5.03
1990-07-17 08:00:00+00:00,684.85,476.9,241.9,29.82,4.97
1990-07-17 09:00:00+00:00,635.5,534.59,194.95,30.11,4.55
1990-07-17 10:00:00+00:00,391.0,387.79,132.45,30.17,4.21
1990-07-17 11:00:00+00:00,221.55,295.21,83.55,29.61,4.07
1990-07-17 12:00:00+00:00,48.95,95.89,25.95,28.99,4.0
1990-07-17 13:00:00+00:00,0.0,0.0,0.0,28.21,3.86
1990-07-17 14:00:00+00:00,0.0,0.0,0.0,27.63,4.0
1990-07-17 15:00:00+00:00,0.0,0.0,0.0,27.32,3.66
1990-07-17 16:00:00+00:00,0.0,0.0,0.0,27.13,3.31
1990-07-17 17:00:00+00:00,0.0,0.0,0.0,26.9,3.31
1990-07-17 18:00:00+00:00,0.0,0.0,0.0,26.76,3.45
1990-07-17 19:00:00+00:00,0.0,0.0,0.0,27.09,2.97
1990-07-17 20:00:00+00:00,0.0,0.0,0.0,26.93,2.76
1990-07-17 21:00:00+00:00,0.0,0.0,0.0,26.75,2.83
1990-07-17 22:00:00+00:00,0.0,0.0,0.0,26.62,2.97
1990-07-17 23:00:00+00:00,0.0,0.0,0.0,26.48,3.03
1990-07-18 00:00:00+00:00,0.0,0.0,0.0,26.38,2.76
1990-07-18 01:00:00+00:00,116.05,324.45,82.55,26.36,2.34
1990-07-18 02:00:00+00:00,295.35,403.77,157.9,26.99,3.17
1990-07-18 03:00:00+00:00,452.85,427.69,214.25,28.06,2.83
1990-07-18 04:00:00+00:00,670.55,521.18,284.45,29.08,2.62
1990-07-18 05:00:00+00:00,825.85,698.08,213.8,30.05,2.62
1990-07-18 06:00:00+00:00,878.0,695.65,212.65,30.71,2.83
1990-07-18 07:00:00+00:00,778.6,528.76,263.35,31.01,3.38
1990-07-18 08:00:00+00:00,662.6,448.56,245.65,31.06,3.59
1990-07-18 09:00:00+00:00,361.9,187.87,206.95,30.78,3.66
1990-07-18 10:00:00+00:00,242.95,132.03,154.85,30.16,3.38
1990-07-18 11:00:00+00:00,88.05,9.83,83.45,29.76,2.69
1990-07-18 12:00:00+00:00,27.9,28.34,21.1,29.21,1.79
1990-07-18 13:00:00+00:00,0.0,0.0,0.0,28.72,1.72
1990-07-18 14:00:00+00:00,0.0,0.0,0.0,28.25,1.66
1990-07-18 15:00:00+00:00,0.0,0.0,0.0,27.86,1.86
1990-07-18 16:00:00+00:00,0.0,0.0,0.0,27.52,2.0
1990-07-18 17:00:00+00:00,0.0,0.0,0.0,27.26,2.07
1990-07-18 18:00:00+00:00,0.0,0.0,0.0,27.11,2.0
1990-07-18 19:00:00+00:00,0.0,0.0,0.0,26.51,2.83
1990-07-18 20:00:00+00:00,0.0,0.0,0.0,26.4,2.62
1990-07-18 21:00:00+00:00,0.0,0.0,0.0,26.39,2.48
1990-07-18 22:00:00+00:00,0.0,0.0,0.0,26.31,2.41
1990-07-18 23:00:00+00:00,0.0,0.0,0.0,26.23,2.48
1990-07-19 00:00:00+00:00,0.0,0.0,0.0,26.09,2.34
1990-07-19 01:00:00+00:00,87.95,192.96,68.15,26.1,2.0
1990-07-19 02:00:00+00:00,300.25,477.09,138.0,26.52,2.0
1990-07-19 03:00:00+00:00,483.6,548.64,177.55,27.58,1.86
1990-07-19 04:00:00+00:00,692.5,731.74,150.25,28.8,1.45
1990-07-19 05:00:00+00:00,865.0,837.03,130.75,30.04,0.9
1990-07-19 06:00:00+00:00,815.9,604.25,237.6,31.17,0.0
1990-07-19 07:00:00+00:00,847.9,622.93,240.45,30.84,1.03
1990-07-19 08:00:00+00:00,577.7,330.77,270.0,31.57,1.1
1990-07-19 09:00:00+00:00,289.5,69.06,232.5,31.4,2.0
1990-07-19 10:00:00+00:00,125.0,14.38,115.4,30.24,2.34
1990-07-19 11:00:00+00:00,55.6,1.28,55.0,29.54,1.31
1990-07-19 12:00:00+00:00,15.8,0.0,15.8,28.25,1.52
1990-07-19 13:00:00+00:00,0.0,0.0,0.0,26.97,2.41
1990-07-19 14:00:00+00:00,0.0,0.0,0.0,26.54,2.41
1990-07-19 15:00:00+00:00,0.0,0.0,0.0,26.37,2.0
1990-07-19 16:00:00+00:00,0.0,0.0,0.0,26.26,2.14
1990-07-19 17:00:00+00:00,0.0,0.0,0.0,26.21,2.0
1990-07-19 18:00:00+00:00,0.0,0.0,0.0,26.14,2.0
1990-07-19 19:00:00+00:00,0.0,0.0,0.0,26.9,2.83
1990-07-19 20:00:00+00:00,0.0,0.0,0.0,26.8,2.83
1990-07-19 21:00:00+00:00,0.0,0.0,0.0,26.65,2.83
1990-07-19 22:00:00+00:00,0.0,0.0,0.0,26.38,2.28
1990-07-19 23:00:00+00:00,0.0,0.0,0.0,26.19,2.21
1990-07-20 00:00:00+00:00,0.0,0.0,0.0,26.15,2.34
1990-07-20 01:00:00+00:00,120.6,632.4,56.1,25.94,3.1
1990-07-20 02:00:00+00:00,269.45,523.89,91.45,26.31,3.79
1990-07-20 03:00:00+00:00,363.65,298.75,197.0,27.12,3.86
1990-07-20 04:00:00+00:00,592.75,487.46,231.4,27.73,4.14
1990-07-20 05:00:00+00:00,666.4,483.43,242.1,28.47,4.21
1990-07-20 06:00:00+00:00,784.75,625.25,185.95,28.93,3.93
1990-07-20 07:00:00+00:00,524.3,314.85,217.05,29.29,4.41
1990-07-20 08:00:00+00:00,501.0,232.55,284.5,28.28,4.69
1990-07-20 09:00:00+00:00,207.35,57.44,159.9,28.19,5.03
1990-07-20 10:00:00+00:00,251.45,169.84,137.95,26.65,4.62
1990-07-20 11:00:00+00:00,96.1,51.77,71.85,26.62,4.76
1990-07-20 12:00:00+00:00,22.35,25.83,16.15,26.08,5.03
1990-07-20 13:00:00+00:00,0.0,0.0,0.0,25.72,5.31
1990-07-20 14:00:00+00:00,0.0,0.0,0.0,25.68,5.03
1990-07-20 15:00:00+00:00,0.0,0.0,0.0,25.89,5.59
1990-07-20 16:00:00+00:00,0.0,0.0,0.0,26.02,5.31
1990-07-20 17:00:00+00:00,0.0,0.0,0.0,26.18,4.97
1990-07-20 18:00:00+00:00,0.0,0.0,0.0,26.24,5.17
1990-07-20 19:00:00+00:00,0.0,0.0,0.0,26.34,4.55
1990-07-20 20:00:00+00:00,0.0,0.0,0.0,26.15,4.41
1990-07-20 21:00:00+00:00,0.0,0.0,0.0,26.07,4.07
1990-07-20 22:00:00+00:00,0.0,0.0,0.0,25.87,3.66
1990-07-20 23:00:00+00:00,0.0,0.0,0.0,25.79,3.45
1990-07-21 00:00:00+00:00,0.0,0.0,0.0,25.76,2.9
1990-07-21 01:00:00+00:00,93.0,277.12,64.9,25.66,2.62
1990-07-21 02:00:00+00:00,255.15,319.31,146.75,25.93,3.72
1990-07-21 03:00:00+00:00,438.7,470.93,176.0,26.82,4.14
1990-07-21 04:00:00+00:00,492.55,352.02,231.5,27.88,4.48
1990-07-21 05:00:00+00:00,624.25,427.99,248.4,28.42,5.03
1990-07-21 06:00:00+00:00,780.35,644.76,162.45,28.68,5.66
1990-07-21 07:00:00+00:00,648.3,449.06,209.75,29.27,5.72
1990-07-21 08:00:00+00:00,630.75,488.52,175.6,29.07,5.59
1990-07-21 09:00:00+00:00,557.55,487.85,154.25,29.05,5.38
1990-07-21 10:00:00+00:00,425.25,468.77,111.75,29.04,5.59
1990-07-21 11:00:00+00:00,199.4,220.2,96.2,28.6,5.66
1990-07-21 12:00:00+00:00,40.95,43.12,30.6,28.07,5.52
1990-07-21 13:00:00+00:00,0.0,0.0,0.0,27.47,4.76
1990-07-21 14:00:00+00:00,0.0,0.0,0.0,27.1,4.41
1990-07-21 15:00:00+00:00,0.0,0.0,0.0,26.94,4.21
1990-07-21 16:00:00+00:00,0.0,0.0,0.0,26.82,4.07
1990-07-21 17:00:00+00:00,0.0,0.0,0.0,26.61,3.93
1990-07-21 18:00:00+00:00,0.0,0.0,0.0,26.45,3.86
1990-07-21 19:00:00+00:00,0.0,0.0,0.0,26.34,3.59
1990-07-21 20:00:00+00:00,0.0,0.0,0.0,26.18,4.07
1990-07-21 21:00:00+00:00,0.0,0.0,0.0,26.11,4.14
1990-07-21 22:00:00+00:00,0.0,0.0,0.0,25.9,4.21
1990-07-21 23:00:00+00:00,0.0,0.0,0.0,25.7,3.72
1990-07-22 00:00:00+00:00,0.0,0.0,0.0,25.73,3.72
1990-07-22 01:00:00+00:00,98.1,372.4,60.55,25.58,3.93
1990-07-22 02:00:00+00:00,247.0,256.31,160.05,25.91,4.83
1990-07-22 03:00:00+00:00,448.05,423.74,211.65,26.62,5.1
1990-07-22 04:00:00+00:00,604.45,557.5,190.85,27.49,5.38
1990-07-22 05:00:00+00:00,618.55,438.55,233.2,28.31,5.52
1990-07-22 06:00:00+00:00,759.15,566.16,216.2,28.76,5.72
1990-07-22 07:00:00+00:00,642.55,410.51,241.35,29.33,5.66
1990-07-22 08:00:00+00:00,630.6,467.4,194.8,29.17,5.72
1990-07-22 09:00:00+00:00,483.8,328.71,211.85,29.22,5.72
1990-07-22 10:00:00+00:00,382.35,355.49,144.45,29.04,5.79
1990-07-22 11:00:00+00:00,158.55,111.22,106.4,28.68,5.79
1990-07-22 12:00:00+00:00,42.55,55.84,29.15,27.98,5.17
1990-07-22 13:00:00+00:00,0.0,0.0,0.0,27.41,4.55
1990-07-22 14:00:00+00:00,0.0,0.0,0.0,27.05,4.48
1990-07-22 15:00:00+00:00,0.0,0.0,0.0,26.81,4.28
1990-07-22 16:00:00+00:00,0.0,0.0,0.0,26.67,4.21
1990-07-22 17:00:00+00:00,0.0,0.0,0.0,26.57,4.41
1990-07-22 18:00:00+00:00,0.0,0.0,0.0,26.34,4.69
1990-07-22 19:00:00+00:00,0.0,0.0,0.0,26.54,4.97
1990-07-22 20:00:00+00:00,0.0,0.0,0.0,26.42,4.76
1990-07-22 21:00:00+00:00,0.0,0.0,0.0,26.22,4.34
1990-07-22 22:00:00+00:00,0.0,0.0,0.0,26.05,4.55
1990-07-22 23:00:00+00:00,0.0,0.0,0.0,25.85,4.41
1990-07-23 00:00:00+00:00,0.0,0.0,0.0,25.74,4.21
1990-07-23 01:00:00+00:00,103.65,289.16,74.65,25.62,4.0
1990-07-23 02:00:00+00:00,251.35,403.68,114.5,26.03,4.97
1990-07-23 03:00:00+00:00,423.4,409.44,194.95,26.82,5.24
1990-07-23 04:00:00+00:00,527.45,455.19,189.6,27.42,5.38
1990-07-23 05:00:00+00:00,587.95,369.29,263.25,27.09,5.59
1990-07-23 06:00:00+00:00,638.9,409.3,246.1,27.66,5.24
1990-07-23 07:00:00+00:00,703.8,491.79,222.8,28.66,5.59
1990-07-23 08:00:00+00:00,753.3,634.87,160.9,28.97,5.72
1990-07-23 09:00:00+00:00,674.15,649.65,136.3,29.14,5.79
1990-07-23 10:00:00+00:00,277.1,229.31,123.55,28.9,6.0
1990-07-23 11:00:00+00:00,185.8,175.46,103.5,27.99,6.28
1990-07-23 12:00:00+00:00,43.95,50.87,31.75,27.32,6.28
1990-07-23 13:00:00+00:00,0.0,0.0,0.0,26.51,6.0
1990-07-23 14:00:00+00:00,0.0,0.0,0.0,26.07,5.31
1990-07-23 15:00:00+00:00,0.0,0.0,0.0,25.96,5.52
1990-07-23 16:00:00+00:00,0.0,0.0,0.0,25.79,5.45
1990-07-23 17:00:00+00:00,0.0,0.0,0.0,25.55,5.24
1990-07-23 18:00:00+00:00,0.0,0.0,0.0,25.55,4.83
1990-07-23 19:00:00+00:00,0.0,0.0,0.0,25.53,5.52
1990-07-23 20:00:00+00:00,0.0,0.0,0.0,25.53,5.45
1990-07-23 21:00:00+00:00,0.0,0.0,0.0,25.64,5.31
1990-07-23 22:00:00+00:00,0.0,0.0,0.0,25.76,5.03
1990-07-23 23:00:00+00:00,0.0,0.0,0.0,25.81,4.9
1990-07-24 00:00:00+00:00,0.0,0.0,0.0,25.87,4.97
1990-07-24 01:00:00+00:00,52.3,181.41,34.2,26.03,4.9
1990-07-24 02:00:00+00:00,108.3,66.85,85.65,26.32,4.55
1990-07-24 03:00:00+00:00,215.35,66.03,178.5,26.61,5.24
1990-07-24 04:00:00+00:00,360.95,223.27,195.15,26.96,6.21
1990-07-24 05:00:00+00:00,458.7,281.65,210.9,27.26,6.14
1990-07-24 06:00:00+00:00,745.65,553.43,214.15,27.5,5.79
1990-07-24 07:00:00+00:00,695.15,491.47,214.1,28.94,7.1
1990-07-24 08:00:00+00:00,687.6,518.68,203.25,28.6,6.97
1990-07-24 09:00:00+00:00,466.5,407.67,128.75,28.05,6.9
1990-07-24 10:00:00+00:00,387.55,434.84,96.2,27.92,6.0
1990-07-24 11:00:00+00:00,207.3,238.5,95.4,27.94,5.93
1990-07-24 12:00:00+00:00,55.1,125.79,24.95,27.66,5.79
1990-07-24 13:00:00+00:00,0.0,0.0,0.0,27.27,5.03
1990-07-24 14:00:00+00:00,0.0,0.0,0.0,27.03,4.48
1990-07-24 15:00:00+00:00,0.0,0.0,0.0,26.83,4.28
1990-07-24 16:00:00+00:00,0.0,0.0,0.0,26.84,4.62
1990-07-24 17:00:00+00:00,0.0,0.0,0.0,26.85,4.97
1990-07-24 18:00:00+00:00,0.0,0.0,0.0,26.97,4.97
1990-07-24 19:00:00+00:00,0.0,0.0,0.0,26.76,5.38
1990-07-24 20:00:00+00:00,0.0,0.0,0.0,26.7,4.97
1990-07-24 21:00:00+00:00,0.0,0.0,0.0,26.65,4.83
1990-07-24 22:00:00+00:00,0.0,0.0,0.0,26.54,4.83
1990-07-24 23:00:00+00:00,0.0,0.0,0.0,26.47,4.9
1990-07-25 00:00:00+00:00,0.0,0.0,0.0,26.53,4.97
1990-07-25 01:00:00+00:00,131.9,786.61,53.8,26.6,4.76
1990-07-25 02:00:00+00:00,322.85,654.95,101.05,27.23,4.97
1990-07-25 03:00:00+00:00,524.65,698.76,134.6,28.02,5.31
1990-07-25 04:00:00+00:00,503.25,314.21,269.8,28.81,5.45
1990-07-25 05:00:00+00:00,487.0,204.74,306.75,28.99,5.59
1990-07-25 06:00:00+00:00,473.7,115.96,362.25,28.94,5.66
1990-07-25 07:00:00+00:00,269.15,85.04,185.85,28.85,6.28
1990-07-25 08:00:00+00:00,378.1,116.59,269.15,28.36,5.79
1990-07-25 09:00:00+00:00,203.35,28.89,179.4,28.5,5.79
1990-07-25 10:00:00+00:00,114.25,3.88,111.65,28.14,5.31
1990-07-25 11:00:00+00:00,78.05,17.79,69.7,27.81,5.38
1990-07-25 12:00:00+00:00,27.8,0.63,27.65,27.47,5.03
1990-07-25 13:00:00+00:00,0.0,0.0,0.0,27.16,4.9
1990-07-25 14:00:00+00:00,0.0,0.0,0.0,26.96,4.76
1990-07-25 15:00:00+00:00,0.0,0.0,0.0,26.88,4.9
1990-07-25 16:00:00+00:00,0.0,0.0,0.0,26.95,5.38
1990-07-25 17:00:00+00:00,0.0,0.0,0.0,26.9,5.59
1990-07-25 18:00:00+00:00,0.0,0.0,0.0,26.82,5.59
1990-07-25 19:00:00+00:00,0.0,0.0,0.0,26.88,5.1
1990-07-25 20:00:00+00:00,0.0,0.0,0.0,26.75,5.1
1990-07-25 21:00:00+00:00,0.0,0.0,0.0,26.64,5.03
1990-07-25 22:00:00+00:00,0.0,0.0,0.0,26.58,5.1
1990-07-25 23:00:00+00:00,0.0,0.0,0.0,26.59,5.72
1990-07-26 00:00:00+00:00,0.0,0.0,0.0,26.36,6.34
1990-07-26 01:00:00+00:00,78.5,297.99,49.05,26.32,5.72
1990-07-26 02:00:00+00:00,229.7,342.97,113.6,26.64,5.72
1990-07-26 03:00:00+00:00,358.55,281.0,201.65,27.29,6.48
1990-07-26 04:00:00+00:00,584.2,477.27,229.4,27.96,6.28
1990-07-26 05:00:00+00:00,684.6,478.15,263.35,28.55,6.14
1990-07-26 06:00:00+00:00,782.75,586.56,218.6,28.93,6.28
1990-07-26 07:00:00+00:00,773.15,617.53,167.8,29.15,6.21
1990-07-26 08:00:00+00:00,772.7,684.84,132.25,29.27,6.48
1990-07-26 09:00:00+00:00,546.1,456.25,167.6,29.2,6.48
1990-07-26 10:00:00+00:00,290.8,249.74,123.3,28.74,6.14
1990-07-26 11:00:00+00:00,216.45,290.09,80.3,28.19,5.31
1990-07-26 12:00:00+00:00,41.95,84.24,21.8,27.87,5.03
1990-07-26 13:00:00+00:00,0.0,0.0,0.0,27.36,4.55
1990-07-26 14:00:00+00:00,0.0,0.0,0.0,27.05,4.34
1990-07-26 15:00:00+00:00,0.0,0.0,0.0,26.93,3.86
1990-07-26 16:00:00+00:00,0.0,0.0,0.0,26.75,3.93
1990-07-26 17:00:00+00:00,0.0,0.0,0.0,26.7,4.07
1990-07-26 18:00:00+00:00,0.0,0.0,0.0,26.66,4.28
1990-07-26 19:00:00+00:00,0.0,0.0,0.0,26.67,3.86
1990-07-26 20:00:00+00:00,0.0,0.0,0.0,26.66,3.93
1990-07-26 21:00:00+00:00,0.0,0.0,0.0,26.7,3.93
1990-07-26 22:00:00+00:00,0.0,0.0,0.0,26.6,3.93
1990-07-26 23:00:00+00:00,0.0,0.0,0.0,26.55,3.86
1990-07-27 00:00:00+00:00,0.0,0.0,0.0,26.59,3.93
1990-07-27 01:00:00+00:00,68.75,199.19,49.15,26.65,4.0
1990-07-27 02:00:00+00:00,137.7,164.15,82.15,27.03,4.0
1990-07-27 03:00:00+00:00,241.95,210.45,124.4,27.58,4.9
1990-07-27 04:00:00+00:00,440.15,360.96,171.65,28.05,5.03
1990-07-27 05:00:00+00:00,597.45,357.46,282.3,28.64,5.03
1990-07-27 06:00:00+00:00,824.6,570.01,275.95,29.13,5.17
1990-07-27 07:00:00+00:00,803.35,594.89,219.75,29.92,3.86
1990-07-27 08:00:00+00:00,674.7,436.02,266.65,30.09,3.86
1990-07-27 09:00:00+00:00,511.3,337.78,230.9,29.95,3.79
1990-07-27 10:00:00+00:00,328.7,199.78,194.65,29.75,3.17
1990-07-27 11:00:00+00:00,192.45,141.16,126.2,29.16,3.45
1990-07-27 12:00:00+00:00,52.7,66.97,36.7,28.63,3.66
1990-07-27 13:00:00+00:00,0.0,0.0,0.0,27.89,3.45
1990-07-27 14:00:00+00:00,0.0,0.0,0.0,27.39,3.59
1990-07-27 15:00:00+00:00,0.0,0.0,0.0,27.06,3.59
1990-07-27 16:00:00+00:00,0.0,0.0,0.0,26.94,3.86
1990-07-27 17:00:00+00:00,0.0,0.0,0.0,26.81,3.93
1990-07-27 18:00:00+00:00,0.0,0.0,0.0,26.75,4.0
1990-07-27 19:00:00+00:00,0.0,0.0,0.0,26.84,3.93
1990-07-27 20:00:00+00:00,0.0,0.0,0.0,26.84,3.72
1990-07-27 21:00:00+00:00,0.0,0.0,0.0,26.83,3.59
1990-07-27 22:00:00+00:00,0.0,0.0,0.0,26.8,3.59
1990-07-27 23:00:00+00:00,0.0,0.0,0.0,26.77,3.38
1990-07-28 00:00:00+00:00,0.0,0.0,0.0,26.75,3.03
1990-07-28 01:00:00+00:00,67.9,21.94,65.75,26.74,2.62
1990-07-28 02:00:00+00:00,187.7,61.92,166.75,27.07,2.34
1990-07-28 03:00:00+00:00,329.5,115.7,264.85,27.78,2.83
1990-07-28 04:00:00+00:00,436.35,127.1,341.75,28.56,2.9
1990-07-28 05:00:00+00:00,503.9,127.34,391.55,29.04,2.83
1990-07-28 06:00:00+00:00,180.25,9.29,171.3,29.39,2.83
1990-07-28 07:00:00+00:00,220.45,18.18,202.6,27.62,1.93
1990-07-28 08:00:00+00:00,255.9,22.69,234.65,27.65,2.14
1990-07-28 09:00:00+00:00,238.05,17.22,223.75,27.72,2.28
1990-07-28 10:00:00+00:00,178.15,18.32,165.85,27.78,2.28
1990-07-28 11:00:00+00:00,95.15,10.65,90.15,27.71,2.76
1990-07-28 12:00:00+00:00,22.25,0.0,22.25,27.44,3.38
1990-07-28 13:00:00+00:00,0.0,0.0,0.0,26.99,4.0
1990-07-28 14:00:00+00:00,0.0,0.0,0.0,26.85,4.0
1990-07-28 15:00:00+00:00,0.0,0.0,0.0,26.8,3.72
1990-07-28 16:00:00+00:00,0.0,0.0,0.0,26.76,3.72
1990-07-28 17:00:00+00:00,0.0,0.0,0.0,26.81,4.07
1990-07-28 18:00:00+00:00,0.0,0.0,0.0,26.45,3.45
1990-07-28 19:00:00+00:00,0.0,0.0,0.0,26.66,4.21
1990-07-28 20:00:00+00:00,0.0,0.0,0.0,26.43,4.83
1990-07-28 21:00:00+00:00,0.0,0.0,0.0,26.09,5.38
1990-07-28 22:00:00+00:00,0.0,0.0,0.0,26.18,5.79
1990-07-28 23:00:00+00:00,0.0,0.0,0.0,26.3,6.34
1990-07-29 00:00:00+00:00,0.0,0.0,0.0,26.32,6.28
1990-07-29 01:00:00+00:00,111.3,394.87,72.75,26.34,5.59
1990-07-29 02:00:00+00:00,306.45,535.02,125.45,26.74,4.9
1990-07-29 03:00:00+00:00,430.85,491.64,156.0,27.27,5.79
1990-07-29 04:00:00+00:00,565.15,422.92,250.15,27.77,6.21
1990-07-29 05:00:00+00:00,635.9,425.79,259.95,28.24,6.14
1990-07-29 06:00:00+00:00,565.25,228.68,344.8,28.5,6.34
1990-07-29 07:00:00+00:00,680.3,394.2,293.0,28.32,6.07
1990-07-29 08:00:00+00:00,762.85,621.29,180.6,28.8,6.34
1990-07-29 09:00:00+00:00,503.65,351.65,211.4,28.89,6.48
1990-07-29 10:00:00+00:00,366.4,362.34,123.1,28.61,6.07
1990-07-29 11:00:00+00:00,185.45,192.55,95.1,28.45,6.0
1990-07-29 12:00:00+00:00,45.85,82.31,26.25,28.08,5.59
1990-07-29 13:00:00+00:00,0.0,0.0,0.0,27.6,5.45
1990-07-29 14:00:00+00:00,0.0,0.0,0.0,27.32,5.79
1990-07-29 15:00:00+00:00,0.0,0.0,0.0,27.23,6.28
1990-07-29 16:00:00+00:00,0.0,0.0,0.0,26.97,6.41
1990-07-29 17:00:00+00:00,0.0,0.0,0.0,26.85,6.28
1990-07-29 18:00:00+00:00,0.0,0.0,0.0,26.73,6.21
1990-07-29 19:00:00+00:00,0.0,0.0,0.0,26.92,6.9
1990-07-29 20:00:00+00:00,0.0,0.0,0.0,26.84,6.9
1990-07-29 21:00:00+00:00,0.0,0.0,0.0,26.86,6.55
1990-07-29 22:00:00+00:00,0.0,0.0,0.0,26.84,6.14
1990-07-29 23:00:00+00:00,0.0,0.0,0.0,26.8,5.66
1990-07-30 00:00:00+00:00,0.0,0.0,0.0,26.72,5.45
1990-07-30 01:00:00+00:00,147.95,986.27,52.0,26.67,5.59
1990-07-30 02:00:00+00:00,369.4,834.47,87.1,27.19,5.72
1990-07-30 03:00:00+00:00,567.85,792.82,124.4,27.94,6.62
1990-07-30 04:00:00+00:00,766.0,861.63,123.8,28.54,7.03
1990-07-30 05:00:00+00:00,805.45,764.81,129.65,29.03,7.72
1990-07-30 06:00:00+00:00,908.65,804.29,132.7,29.15,7.52
1990-07-30 07:00:00+00:00,831.05,649.03,192.9,29.5,7.59
1990-07-30 08:00:00+00:00,754.15,662.46,132.9,29.53,7.45
1990-07-30 09:00:00+00:00,592.25,558.92,127.5,29.21,7.1
1990-07-30 10:00:00+00:00,419.45,415.77,140.2,28.95,6.97
1990-07-30 11:00:00+00:00,264.35,403.97,74.85,28.56,6.48
1990-07-30 12:00:00+00:00,59.55,135.92,27.25,28.13,6.48
1990-07-30 13:00:00+00:00,0.0,0.0,0.0,27.54,6.07
1990-07-30 14:00:00+00:00,0.0,0.0,0.0,27.2,6.07
1990-07-30 15:00:00+00:00,0.0,0.0,0.0,26.93,6.41
1990-07-30 16:00:00+00:00,0.0,0.0,0.0,26.74,6.48
1990-07-30 17:00:00+00:00,0.0,0.0,0.0,26.62,6.55
1990-07-30 18:00:00+00:00,0.0,0.0,0.0,26.49,6.55
1990-07-30 19:00:00+00:00,0.0,0.0,0.0,26.59,6.62
1990-07-30 20:00:00+00:00,0.0,0.0,0.0,26.59,6.62
1990-07-30 21:00:00+00:00,0.0,0.0,0.0,26.41,6.76
1990-07-30 22:00:00+00:00,0.0,0.0,0.0,26.29,6.28
1990-07-30 23:00:00+00:00,0.0,0.0,0.0,26.22,6.41
1990-07-31 00:00:00+00:00,0.0,0.0,0.0,26.09,6.0
1990-07-31 01:00:00+00:00,95.7,470.73,50.05,26.07,5.79
1990-07-31 02:00:00+00:00,303.8,642.44,86.45,26.5,5.86
1990-07-31 03:00:00+00:00,477.15,574.29,155.75,27.18,6.83
1990-07-31 04:00:00+00:00,672.55,695.09,154.1,27.42,7.66
1990-07-31 05:00:00+00:00,733.15,626.98,178.7,28.01,7.17
1990-07-31 06:00:00+00:00,827.2,650.11,199.5,28.64,7.59
1990-07-31 07:00:00+00:00,845.35,695.95,160.55,29.35,8.0
1990-07-31 08:00:00+00:00,641.8,441.87,227.15,29.35,8.34
1990-07-31 09:00:00+00:00,560.35,474.86,165.3,28.91,8.14
1990-07-31 10:00:00+00:00,410.55,444.33,112.05,28.81,7.72
1990-07-31 11:00:00+00:00,244.2,364.24,73.4,28.37,8.0
1990-07-31 12:00:00+00:00,58.1,134.95,26.1,27.9,7.72
1990-07-31 13:00:00+00:00,0.0,0.0,0.0,27.36,7.52
1990-07-31 14:00:00+00:00,0.0,0.0,0.0,27.11,7.66
1990-07-31 15:00:00+00:00,0.0,0.0,0.0,26.89,7.52
1990-07-31 16:00:00+00:00,0.0,0.0,0.0,25.88,7.55
1990-07-31 17:00:00+00:00,0.0,0.0,0.0,26.08,7.31
1990-07-31 18:00:00+00:00,0.0,0.0,0.0,26.28,7.06
1990-07-31 19:00:00+00:00,0.0,0.0,0.0,26.48,6.82
1990-07-31 20:00:00+00:00,0.0,0.0,0.0,26.69,6.58
1990-07-31 21:00:00+00:00,0.0,0.0,0.0,26.89,6.33
1990-07-31 22:00:00+00:00,0.0,0.0,0.0,27.09,6.09
1990-07-31 23:00:00+00:00,0.0,0.0,0.0,27.3,5.85
1990-08-01 00:00:00+00:00,0.0,0.0,0.0,27.5,5.6
1990-08-01 01:00:00+00:00,127.9,610.46,68.7,27.7,5.36
1990-08-01 02:00:00+00:00,301.05,505.88,129.9,27.9,5.12
1990-08-01 03:00:00+00:00,476.65,487.98,203.55,28.11,4.87
1990-08-01 04:00:00+00:00,627.5,476.96,271.75,28.31,4.63
1990-08-01 05:00:00+00:00,754.8,561.96,257.85,28.51,4.38
1990-08-01 06:00:00+00:00,803.85,474.92,345.3,28.72,4.14
1990-08-01 07:00:00+00:00,801.15,528.32,281.3,28.92,3.9
1990-08-01 08:00:00+00:00,719.7,490.3,259.6,29.97,5.03
1990-08-01 09:00:00+00:00,591.5,461.04,207.95,29.63,5.31
1990-08-01 10:00:00+00:00,413.9,365.07,168.65,29.32,5.45
1990-08-01 11:00:00+00:00,237.55,315.51,89.6,28.8,5.66
1990-08-01 12:00:00+00:00,60.1,123.35,30.85,28.17,5.66
1990-08-01 13:00:00+00:00,0.0,0.0,0.0,27.44,5.38
1990-08-01 14:00:00+00:00,0.0,0.0,0.0,27.05,4.9
1990-08-01 15:00:00+00:00,0.0,0.0,0.0,26.88,4.9
1990-08-01 16:00:00+00:00,0.0,0.0,0.0,26.87,4.9
1990-08-01 17:00:00+00:00,0.0,0.0,0.0,26.87,5.1
1990-08-01 18:00:00+00:00,0.0,0.0,0.0,26.85,5.24
1990-08-01 19:00:00+00:00,0.0,0.0,0.0,26.75,4.76
1990-08-01 20:00:00+00:00,0.0,0.0,0.0,26.69,4.76
1990-08-01 21:00:00+00:00,0.0,0.0,0.0,26.6,4.83
1990-08-01 22:00:00+00:00,0.0,0.0,0.0,26.55,5.03
1990-08-01 23:00:00+00:00,0.0,0.0,0.0,26.55,5.1
1990-08-02 00:00:00+00:00,0.0,0.0,0.0,26.51,4.97
1990-08-02 01:00:00+00:00,103.85,267.84,77.95,26.5,4.83
1990-08-02 02:00:00+00:00,294.4,421.87,151.65,26.97,5.03
1990-08-02 03:00:00+00:00,509.5,580.28,184.55,27.81,5.86
1990-08-02 04:00:00+00:00,602.75,466.48,254.55,28.57,6.48
1990-08-02 05:00:00+00:00,865.3,763.03,190.0,28.88,6.76
1990-08-02 06:00:00+00:00,900.45,652.55,269.9,29.58,6.9
1990-08-02 07:00:00+00:00,865.0,624.86,249.7,29.98,6.62
1990-08-02 08:00:00+00:00,796.7,622.74,211.95,29.93,7.17
1990-08-02 09:00:00+00:00,623.75,522.52,188.85,29.67,7.66
1990-08-02 10:00:00+00:00,442.6,374.68,190.85,29.21,7.59
1990-08-02 11:00:00+00:00,233.95,244.83,119.2,28.67,7.38
1990-08-02 12:00:00+00:00,54.35,67.85,38.3,28.08,7.17
1990-08-02 13:00:00+00:00,0.0,0.0,0.0,27.41,6.62
1990-08-02 14:00:00+00:00,0.0,0.0,0.0,27.06,6.76
1990-08-02 15:00:00+00:00,0.0,0.0,0.0,26.95,6.83
1990-08-02 16:00:00+00:00,0.0,0.0,0.0,26.86,6.9
1990-08-02 17:00:00+00:00,0.0,0.0,0.0,26.81,6.9
1990-08-02 18:00:00+00:00,0.0,0.0,0.0,26.79,6.97
1990-08-02 19:00:00+00:00,0.0,0.0,0.0,26.56,7.03
1990-08-02 20:00:00+00:00,0.0,0.0,0.0,26.42,7.03
1990-08-02 21:00:00+00:00,0.0,0.0,0.0,26.21,6.9
1990-08-02 22:00:00+00:00,0.0,0.0,0.0,26.17,6.62
1990-08-02 23:00:00+00:00,0.0,0.0,0.0,26.13,6.41
1990-08-03 00:00:00+00:00,0.0,0.0,0.0,26.12,6.34
1990-08-03 01:00:00+00:00,124.85,518.9,74.8,26.24,6.28
1990-08-03 02:00:00+00:00,294.9,518.08,119.55,26.75,6.83
1990-08-03 03:00:00+00:00,543.45,709.81,145.7,27.51,7.1
1990-08-03 04:00:00+00:00,676.85,671.93,174.9,28.32,7.31
1990-08-03 05:00:00+00:00,684.35,511.49,231.3,28.84,7.31
1990-08-03 06:00:00+00:00,784.35,533.32,268.6,29.01,7.31
1990-08-03 07:00:00+00:00,828.1,519.38,316.3,29.46,6.69
1990-08-03 08:00:00+00:00,654.55,370.38,306.55,29.73,6.55
1990-08-03 09:00:00+00:00,541.3,310.27,282.95,29.34,6.48
1990-08-03 10:00:00+00:00,367.2,203.95,230.15,28.9,6.55
1990-08-03 11:00:00+00:00,191.05,148.16,121.65,28.37,6.69
1990-08-03 12:00:00+00:00,44.55,69.73,28.1,27.79,6.55
1990-08-03 13:00:00+00:00,0.0,0.0,0.0,27.27,6.14
1990-08-03 14:00:00+00:00,0.0,0.0,0.0,26.95,5.38
1990-08-03 15:00:00+00:00,0.0,0.0,0.0,26.91,5.66
1990-08-03 16:00:00+00:00,0.0,0.0,0.0,26.88,5.72
1990-08-03 17:00:00+00:00,0.0,0.0,0.0,26.9,5.79
1990-08-03 18:00:00+00:00,0.0,0.0,0.0,26.85,5.86
1990-08-03 19:00:00+00:00,0.0,0.0,0.0,26.87,5.86
1990-08-03 20:00:00+00:00,0.0,0.0,0.0,26.76,5.86
1990-08-03 21:00:00+00:00,0.0,0.0,0.0,26.59,5.86
1990-08-03 22:00:00+00:00,0.0,0.0,0.0,26.47,5.86
1990-08-03 23:00:00+00:00,0.0,0.0,0.0,26.38,5.79
1990-08-04 00:00:00+00:00,0.0,0.0,0.0,26.36,5.52
1990-08-04 01:00:00+00:00,119.4,621.36,59.6,26.42,5.24
1990-08-04 02:00:00+00:00,313.15,561.46,123.05,26.95,6.07
1990-08-04 03:00:00+00:00,501.2,594.37,167.9,27.74,6.07
1990-08-04 04:00:00+00:00,600.05,546.86,191.2,28.44,5.86
1990-08-04 05:00:00+00:00,812.45,683.88,206.2,28.95,5.72
1990-08-04 06:00:00+00:00,814.9,621.34,213.55,29.55,5.66
1990-08-04 07:00:00+00:00,850.2,641.5,217.6,29.76,6.21
1990-08-04 08:00:00+00:00,797.0,686.23,151.85,29.87,6.34
1990-08-04 09:00:00+00:00,671.6,627.92,148.55,29.82,6.69
1990-08-04 10:00:00+00:00,459.2,462.73,148.25,29.41,6.9
1990-08-04 11:00:00+00:00,235.95,278.03,105.8,28.85,6.83
1990-08-04 12:00:00+00:00,57.35,102.24,33.3,28.13,6.76
1990-08-04 13:00:00+00:00,0.0,0.0,0.0,27.48,6.28
1990-08-04 14:00:00+00:00,0.0,0.0,0.0,27.07,5.66
1990-08-04 15:00:00+00:00,0.0,0.0,0.0,26.92,5.86
1990-08-04 16:00:00+00:00,0.0,0.0,0.0,26.82,6.07
1990-08-04 17:00:00+00:00,0.0,0.0,0.0,26.76,6.0
1990-08-04 18:00:00+00:00,0.0,0.0,0.0,26.71,5.79
1990-08-04 19:00:00+00:00,0.0,0.0,0.0,26.72,5.45
1990-08-04 20:00:00+00:00,0.0,0.0,0.0,26.63,5.79
1990-08-04 21:00:00+00:00,0.0,0.0,0.0,26.51,5.86
1990-08-04 22:00:00+00:00,0.0,0.0,0.0,26.42,5.93
1990-08-04 23:00:00+00:00,0.0,0.0,0.0,26.46,5.79
1990-08-05 00:00:00+00:00,0.0,0.0,0.0,26.41,5.79
1990-08-05 01:00:00+00:00,132.3,682.91,66.7,26.4,5.93
1990-08-05 02:00:00+00:00,315.55,632.07,101.45,27.02,6.9
1990-08-05 03:00:00+00:00,541.55,702.26,147.45,27.75,7.31
1990-08-05 04:00:00+00:00,538.15,489.86,171.6,28.34,7.59
1990-08-05 05:00:00+00:00,768.1,600.19,235.6,28.43,7.59
1990-08-05 06:00:00+00:00,819.6,622.14,217.0,29.15,7.93
1990-08-05 07:00:00+00:00,846.85,648.65,206.75,29.5,7.79
1990-08-05 08:00:00+00:00,684.1,478.12,234.35,29.53,8.07
1990-08-05 09:00:00+00:00,544.95,420.33,194.7,29.2,8.07
1990-08-05 10:00:00+00:00,411.75,372.04,161.75,28.76,7.45
1990-08-05 11:00:00+00:00,219.7,186.32,132.55,28.37,7.45
1990-08-05 12:00:00+00:00,52.2,70.36,35.7,27.81,7.66
1990-08-05 13:00:00+00:00,0.0,0.0,0.0,27.3,7.45
1990-08-05 14:00:00+00:00,0.0,0.0,0.0,27.03,6.62
1990-08-05 15:00:00+00:00,0.0,0.0,0.0,26.93,6.69
1990-08-05 16:00:00+00:00,0.0,0.0,0.0,26.86,6.76
1990-08-05 17:00:00+00:00,0.0,0.0,0.0,26.82,6.69
1990-08-05 18:00:00+00:00,0.0,0.0,0.0,26.76,6.55
1990-08-05 19:00:00+00:00,0.0,0.0,0.0,26.82,7.03
1990-08-05 20:00:00+00:00,0.0,0.0,0.0,26.71,6.97
1990-08-05 21:00:00+00:00,0.0,0.0,0.0,26.55,6.9
1990-08-05 22:00:00+00:00,0.0,0.0,0.0,26.44,6.62
1990-08-05 23:00:00+00:00,0.0,0.0,0.0,26.4,6.41
1990-08-06 00:00:00+00:00,0.0,0.0,0.0,26.33,6.21
1990-08-06 01:00:00+00:00,119.5,532.26,68.45,26.33,6.21
1990-08-06 02:00:00+00:00,322.5,592.04,121.85,26.78,7.24
1990-08-06 03:00:00+00:00,491.65,586.14,162.45,27.61,7.79
1990-08-06 04:00:00+00:00,671.2,654.81,180.8,28.21,7.66
1990-08-06 05:00:00+00:00,693.35,578.73,179.45,28.69,7.86
1990-08-06 06:00:00+00:00,854.4,647.23,227.0,28.88,7.86
1990-08-06 07:00:00+00:00,812.95,650.08,171.0,29.54,7.1
1990-08-06 08:00:00+00:00,755.85,601.86,189.4,29.62,7.24
1990-08-06 09:00:00+00:00,499.7,393.09,172.05,29.51,7.45
1990-08-06 10:00:00+00:00,379.95,373.64,128.9,28.84,7.17
1990-08-06 11:00:00+00:00,223.05,247.16,107.55,28.49,7.38
1990-08-06 12:00:00+00:00,40.0,35.3,31.75,27.99,7.1
1990-08-06 13:00:00+00:00,0.0,0.0,0.0,27.35,6.28
1990-08-06 14:00:00+00:00,0.0,0.0,0.0,27.05,6.0
1990-08-06 15:00:00+00:00,0.0,0.0,0.0,26.96,5.93
1990-08-06 16:00:00+00:00,0.0,0.0,0.0,26.95,6.34
1990-08-06 17:00:00+00:00,0.0,0.0,0.0,26.87,6.28
1990-08-06 18:00:00+00:00,0.0,0.0,0.0,26.74,6.41
1990-08-06 19:00:00+00:00,0.0,0.0,0.0,26.82,4.97
1990-08-06 20:00:00+00:00,0.0,0.0,0.0,26.66,5.1
1990-08-06 21:00:00+00:00,0.0,0.0,0.0,26.51,4.97
1990-08-06 22:00:00+00:00,0.0,0.0,0.0,26.39,4.76
1990-08-06 23:00:00+00:00,0.0,0.0,0.0,26.41,4.41
1990-08-07 00:00:00+00:00,0.0,0.0,0.0,26.52,3.86
1990-08-07 01:00:00+00:00,80.1,175.37,63.3,26.52,2.9
1990-08-07 02:00:00+00:00,259.7,344.71,142.8,26.91,2.83
1990-08-07 03:00:00+00:00,304.6,224.78,178.25,27.62,4.0
1990-08-07 04:00:00+00:00,487.95,389.62,195.9,27.98,4.34
1990-08-07 05:00:00+00:00,717.4,535.81,241.2,28.77,4.14
1990-08-07 06:00:00+00:00,788.7,552.76,252.45,29.65,4.07
1990-08-07 07:00:00+00:00,737.15,409.95,332.05,30.11,4.55
1990-08-07 08:00:00+00:00,593.6,323.69,288.8,30.17,4.76
1990-08-07 09:00:00+00:00,425.5,217.63,244.05,29.71,5.03
1990-08-07 10:00:00+00:00,373.55,258.49,199.9,29.23,4.41
1990-08-07 11:00:00+00:00,177.45,103.89,128.95,29.07,4.34
1990-08-07 12:00:00+00:00,48.45,54.32,35.8,28.48,4.0
1990-08-07 13:00:00+00:00,0.0,0.0,0.0,27.79,3.93
1990-08-07 14:00:00+00:00,0.0,0.0,0.0,27.41,3.86
1990-08-07 15:00:00+00:00,0.0,0.0,0.0,27.26,3.86
1990-08-07 16:00:00+00:00,0.0,0.0,0.0,27.16,3.79
1990-08-07 17:00:00+00:00,0.0,0.0,0.0,27.06,3.79
1990-08-07 18:00:00+00:00,0.0,0.0,0.0,26.98,3.66
1990-08-07 19:00:00+00:00,0.0,0.0,0.0,26.92,4.28
1990-08-07 20:00:00+00:00,0.0,0.0,0.0,26.73,4.21
1990-08-07 21:00:00+00:00,0.0,0.0,0.0,26.55,4.07
1990-08-07 22:00:00+00:00,0.0,0.0,0.0,26.45,3.79
1990-08-07 23:00:00+00:00,0.0,0.0,0.0,26.39,3.38
1990-08-08 00:00:00+00:00,0.0,0.0,0.0,26.39,3.03
1990-08-08 01:00:00+00:00,120.4,641.49,59.0,26.4,2.69
1990-08-08 02:00:00+00:00,339.55,682.9,107.8,27.14,3.31
1990-08-08 03:00:00+00:00,502.75,603.87,163.0,28.13,3.52
1990-08-08 04:00:00+00:00,640.4,590.86,197.1,28.94,3.52
1990-08-08 05:00:00+00:00,753.0,607.18,212.9,29.63,3.66
1990-08-08 06:00:00+00:00,657.75,362.09,306.2,30.04,4.0
1990-08-08 07:00:00+00:00,578.15,345.36,236.65,29.26,6.69
1990-08-08 08:00:00+00:00,610.85,393.43,240.2,28.91,7.03
1990-08-08 09:00:00+00:00,456.55,327.25,183.65,28.79,7.38
1990-08-08 10:00:00+00:00,329.7,310.36,121.25,28.39,7.52
1990-08-08 11:00:00+00:00,162.45,186.78,75.35,28.03,7.59
1990-08-08 12:00:00+00:00,33.6,67.69,17.9,27.47,7.1
1990-08-08 13:00:00+00:00,0.0,0.0,0.0,27.08,6.9
1990-08-08 14:00:00+00:00,0.0,0.0,0.0,26.89,6.9
1990-08-08 15:00:00+00:00,0.0,0.0,0.0,26.84,6.34
1990-08-08 16:00:00+00:00,0.0,0.0,0.0,26.82,6.62
1990-08-08 17:00:00+00:00,0.0,0.0,0.0,26.73,6.55
1990-08-08 18:00:00+00:00,0.0,0.0,0.0,26.69,6.48
1990-08-08 19:00:00+00:00,0.0,0.0,0.0,26.74,6.62
1990-08-08 20:00:00+00:00,0.0,0.0,0.0,26.67,6.48
1990-08-08 21:00:00+00:00,0.0,0.0,0.0,26.55,6.28
1990-08-08 22:00:00+00:00,0.0,0.0,0.0,26.48,6.07
1990-08-08 23:00:00+00:00,0.0,0.0,0.0,26.42,5.86
1990-08-09 00:00:00+00:00,0.0,0.0,0.0,26.32,5.66
1990-08-09 01:00:00+00:00,130.55,689.38,64.6,26.34,5.38
1990-08-09 02:00:00+00:00,266.25,406.32,128.25,26.98,6.28
1990-08-09 03:00:00+00:00,525.6,621.51,175.6,27.7,6.69
1990-08-09 04:00:00+00:00,583.75,527.52,187.6,28.52,6.97
1990-08-09 05:00:00+00:00,692.35,566.72,187.8,28.84,7.31
1990-08-09 06:00:00+00:00,824.75,628.57,214.0,29.13,7.52
1990-08-09 07:00:00+00:00,860.8,683.05,184.95,29.65,7.03
1990-08-09 08:00:00+00:00,716.95,565.23,184.2,29.75,6.9
1990-08-09 09:00:00+00:00,547.15,432.4,186.5,29.49,6.55
1990-08-09 10:00:00+00:00,403.95,398.4,136.45,29.13,6.76
1990-08-09 11:00:00+00:00,214.9,233.5,106.15,28.74,6.55
1990-08-09 12:00:00+00:00,44.9,71.43,28.4,28.1,6.41
1990-08-09 13:00:00+00:00,0.0,0.0,0.0,27.4,6.0
1990-08-09 14:00:00+00:00,0.0,0.0,0.0,26.96,6.07
1990-08-09 15:00:00+00:00,0.0,0.0,0.0,26.75,6.55
1990-08-09 16:00:00+00:00,0.0,0.0,0.0,26.65,6.55
1990-08-09 17:00:00+00:00,0.0,0.0,0.0,26.6,6.62
1990-08-09 18:00:00+00:00,0.0,0.0,0.0,26.58,6.69
1990-08-09 19:00:00+00:00,0.0,0.0,0.0,26.32,6.83
1990-08-09 20:00:00+00:00,0.0,0.0,0.0,26.27,6.55
1990-08-09 21:00:00+00:00,0.0,0.0,0.0,26.2,5.86
1990-08-09 22:00:00+00:00,0.0,0.0,0.0,26.19,5.59
1990-08-09 23:00:00+00:00,0.0,0.0,0.0,26.16,5.59
1990-08-10 00:00:00+00:00,0.0,0.0,0.0,26.2,5.72
1990-08-10 01:00:00+00:00,122.45,542.6,70.55,26.23,5.86
1990-08-10 02:00:00+00:00,307.2,491.41,140.15,26.86,6.9
1990-08-10 03:00:00+00:00,450.8,465.23,188.55,27.63,7.38
1990-08-10 04:00:00+00:00,703.8,654.33,211.95,28.14,7.31
1990-08-10 05:00:00+00:00,792.95,643.09,219.9,28.84,7.52
1990-08-10 06:00:00+00:00,867.2,651.12,234.05,29.08,7.38
1990-08-10 07:00:00+00:00,780.4,579.5,206.65,29.87,5.52
1990-08-10 08:00:00+00:00,750.45,582.01,201.65,29.83,5.31
1990-08-10 09:00:00+00:00,524.2,312.23,263.75,29.92,5.45
1990-08-10 10:00:00+00:00,394.7,356.46,155.45,29.28,5.31
1990-08-10 11:00:00+00:00,227.55,283.16,95.85,28.93,5.17
1990-08-10 12:00:00+00:00,48.15,85.66,28.45,28.34,5.1
1990-08-10 13:00:00+00:00,0.0,0.0,0.0,27.57,5.03
1990-08-10 14:00:00+00:00,0.0,0.0,0.0,27.02,5.1
1990-08-10 15:00:00+00:00,0.0,0.0,0.0,26.79,5.24
1990-08-10 16:00:00+00:00,0.0,0.0,0.0,26.79,5.03
1990-08-10 17:00:00+00:00,0.0,0.0,0.0,26.77,4.83
1990-08-10 18:00:00+00:00,0.0,0.0,0.0,26.71,4.83
1990-08-10 19:00:00+00:00,0.0,0.0,0.0,26.66,4.55
1990-08-10 20:00:00+00:00,0.0,0.0,0.0,26.56,4.69
1990-08-10 21:00:00+00:00,0.0,0.0,0.0,26.45,4.83
1990-08-10 22:00:00+00:00,0.0,0.0,0.0,26.29,4.76
1990-08-10 23:00:00+00:00,0.0,0.0,0.0,26.24,4.55
1990-08-11 00:00:00+00:00,0.0,0.0,0.0,26.26,4.21
1990-08-11 01:00:00+00:00,87.9,108.19,77.55,26.32,3.79
1990-08-11 02:00:00+00:00,281.5,387.34,149.7,26.87,4.41
1990-08-11 03:00:00+00:00,472.9,480.53,201.75,27.75,4.48
1990-08-11 04:00:00+00:00,619.25,459.12,273.8,28.66,4.41
1990-08-11 05:00:00+00:00,681.35,453.09,277.25,29.38,4.34
1990-08-11 06:00:00+00:00,834.95,472.34,375.3,29.67,4.14
1990-08-11 07:00:00+00:00,782.0,439.39,346.7,30.61,4.14
1990-08-11 08:00:00+00:00,563.4,288.3,291.45,30.81,4.0
1990-08-11 09:00:00+00:00,208.2,52.68,164.25,30.43,4.0
1990-08-11 10:00:00+00:00,173.7,5.44,170.05,29.38,4.07
1990-08-11 11:00:00+00:00,100.15,1.18,99.6,28.61,4.34
1990-08-11 12:00:00+00:00,27.6,1.31,27.3,27.96,4.41
1990-08-11 13:00:00+00:00,0.0,0.0,0.0,27.41,4.14
1990-08-11 14:00:00+00:00,0.0,0.0,0.0,27.08,3.72
1990-08-11 15:00:00+00:00,0.0,0.0,0.0,26.91,3.66
1990-08-11 16:00:00+00:00,0.0,0.0,0.0,26.82,4.0
1990-08-11 17:00:00+00:00,0.0,0.0,0.0,26.73,3.93
1990-08-11 18:00:00+00:00,0.0,0.0,0.0,26.69,4.07
1990-08-11 19:00:00+00:00,0.0,0.0,0.0,26.75,3.86
1990-08-11 20:00:00+00:00,0.0,0.0,0.0,26.59,4.0
1990-08-11 21:00:00+00:00,0.0,0.0,0.0,26.44,3.93
1990-08-11 22:00:00+00:00,0.0,0.0,0.0,26.43,3.66
1990-08-11 23:00:00+00:00,0.0,0.0,0.0,26.41,3.45
1990-08-12 00:00:00+00:00,0.0,0.0,0.0,26.35,3.31
1990-08-12 01:00:00+00:00,93.3,270.59,67.4,26.2,3.38
1990-08-12 02:00:00+00:00,221.75,267.59,130.6,26.52,3.93
1990-08-12 03:00:00+00:00,293.95,245.37,155.35,27.11,4.34
1990-08-12 04:00:00+00:00,315.55,131.65,216.4,27.42,4.34
1990-08-12 05:00:00+00:00,495.85,205.34,312.55,27.42,4.48
1990-08-12 06:00:00+00:00,807.25,510.38,310.2,27.6,4.69
1990-08-12 07:00:00+00:00,598.6,289.68,311.45,29.59,5.31
1990-08-12 08:00:00+00:00,472.2,230.54,254.65,29.18,5.38
1990-08-12 09:00:00+00:00,568.9,382.74,249.6,28.93,5.31
1990-08-12 10:00:00+00:00,291.25,197.3,158.95,29.09,5.24
1990-08-12 11:00:00+00:00,202.2,220.08,100.15,28.47,4.69
1990-08-12 12:00:00+00:00,35.4,39.07,26.5,28.05,4.34
1990-08-12 13:00:00+00:00,0.0,0.0,0.0,27.42,3.66
1990-08-12 14:00:00+00:00,0.0,0.0,0.0,27.11,3.52
1990-08-12 15:00:00+00:00,0.0,0.0,0.0,26.9,3.45
1990-08-12 16:00:00+00:00,0.0,0.0,0.0,26.8,3.17
1990-08-12 17:00:00+00:00,0.0,0.0,0.0,26.72,2.76
1990-08-12 18:00:00+00:00,0.0,0.0,0.0,26.62,2.69
1990-08-12 19:00:00+00:00,0.0,0.0,0.0,26.67,2.69
1990-08-12 20:00:00+00:00,0.0,0.0,0.0,26.53,2.34
1990-08-12 21:00:00+00:00,0.0,0.0,0.0,26.38,2.34
1990-08-12 22:00:00+00:00,0.0,0.0,0.0,26.2,2.55
1990-08-12 23:00:00+00:00,0.0,0.0,0.0,26.11,2.69
1990-08-13 00:00:00+00:00,0.0,0.0,0.0,26.06,2.76
1990-08-13 01:00:00+00:00,100.2,243.73,76.85,26.04,2.55
1990-08-13 02:00:00+00:00,243.05,273.15,149.9,26.69,2.83
1990-08-13 03:00:00+00:00,367.15,243.86,229.25,27.63,3.1
1990-08-13 04:00:00+00:00,454.75,186.89,313.85,28.46,3.03
1990-08-13 05:00:00+00:00,608.1,235.38,397.8,29.04,2.97
1990-08-13 06:00:00+00:00,481.95,107.53,377.15,29.75,3.17
1990-08-13 07:00:00+00:00,508.45,148.46,361.2,29.4,3.79
1990-08-13 08:00:00+00:00,469.2,136.29,340.55,29.31,4.0
1990-08-13 09:00:00+00:00,355.35,102.13,270.15,29.27,4.21
1990-08-13 10:00:00+00:00,267.25,114.9,190.25,28.94,4.41
1990-08-13 11:00:00+00:00,124.3,42.99,104.4,28.58,4.62
1990-08-13 12:00:00+00:00,24.75,3.53,23.95,27.93,4.34
1990-08-13 13:00:00+00:00,0.0,0.0,0.0,27.32,4.07
1990-08-13 14:00:00+00:00,0.0,0.0,0.0,26.95,4.0
1990-08-13 15:00:00+00:00,0.0,0.0,0.0,26.79,4.07
1990-08-13 16:00:00+00:00,0.0,0.0,0.0,26.74,3.86
1990-08-13 17:00:00+00:00,0.0,0.0,0.0,26.67,3.79
1990-08-13 18:00:00+00:00,0.0,0.0,0.0,26.6,3.86
1990-08-13 19:00:00+00:00,0.0,0.0,0.0,26.64,3.72
1990-08-13 20:00:00+00:00,0.0,0.0,0.0,26.48,3.79
1990-08-13 21:00:00+00:00,0.0,0.0,0.0,26.36,4.0
1990-08-13 22:00:00+00:00,0.0,0.0,0.0,26.27,4.0
1990-08-13 23:00:00+00:00,0.0,0.0,0.0,26.21,3.66
1990-08-14 00:00:00+00:00,0.0,0.0,0.0,26.19,3.38
1990-08-14 01:00:00+00:00,121.05,476.46,75.35,26.21,3.1
1990-08-14 02:00:00+00:00,318.8,511.22,144.25,26.94,3.38
1990-08-14 03:00:00+00:00,393.45,324.4,209.8,27.93,3.72
1990-08-14 04:00:00+00:00,583.85,429.06,260.05,28.48,3.66
1990-08-14 05:00:00+00:00,776.15,608.22,232.25,29.13,3.66
1990-08-14 06:00:00+00:00,868.25,663.07,221.55,29.73,3.86
1990-08-14 07:00:00+00:00,888.1,641.0,252.0,30.2,5.17
1990-08-14 08:00:00+00:00,731.85,535.74,226.0,30.24,5.72
1990-08-14 09:00:00+00:00,598.85,444.58,228.0,29.8,6.28
1990-08-14 10:00:00+00:00,400.4,355.75,162.15,29.28,6.21
1990-08-14 11:00:00+00:00,196.25,210.91,98.8,28.67,5.93
1990-08-14 12:00:00+00:00,40.6,55.25,28.15,27.96,5.52
1990-08-14 13:00:00+00:00,0.0,0.0,0.0,27.32,4.9
1990-08-14 14:00:00+00:00,0.0,0.0,0.0,27.03,4.55
1990-08-14 15:00:00+00:00,0.0,0.0,0.0,26.93,4.28
1990-08-14 16:00:00+00:00,0.0,0.0,0.0,26.94,4.69
1990-08-14 17:00:00+00:00,0.0,0.0,0.0,26.86,4.62
1990-08-14 18:00:00+00:00,0.0,0.0,0.0,26.79,4.48
1990-08-14 19:00:00+00:00,0.0,0.0,0.0,27.0,4.41
1990-08-14 20:00:00+00:00,0.0,0.0,0.0,26.85,4.34
1990-08-14 21:00:00+00:00,0.0,0.0,0.0,26.63,4.07
1990-08-14 22:00:00+00:00,0.0,0.0,0.0,26.41,3.79
1990-08-14 23:00:00+00:00,0.0,0.0,0.0,26.29,3.52
1990-08-15 00:00:00+00:00,0.0,0.0,0.0,26.21,3.24
1990-08-15 01:00:00+00:00,60.2,135.33,47.2,26.19,2.9
1990-08-15 02:00:00+00:00,118.95,74.15,93.6,26.55,3.03
1990-08-15 03:00:00+00:00,181.7,42.17,157.8,27.04,3.31
1990-08-15 04:00:00+00:00,280.25,34.22,254.4,27.49,3.66
1990-08-15 05:00:00+00:00,424.1,97.87,336.5,27.96,3.86
1990-08-15 06:00:00+00:00,573.0,173.41,403.75,28.5,4.0
1990-08-15 07:00:00+00:00,630.25,212.57,419.2,29.42,4.07
1990-08-15 08:00:00+00:00,647.4,303.88,360.4,29.6,4.34
1990-08-15 09:00:00+00:00,511.1,299.92,260.95,29.59,4.55
1990-08-15 10:00:00+00:00,363.15,228.7,210.1,29.25,4.83
1990-08-15 11:00:00+00:00,180.9,113.85,128.4,28.67,4.97
1990-08-15 12:00:00+00:00,36.75,44.18,26.85,27.88,4.97
1990-08-15 13:00:00+00:00,0.0,0.0,0.0,27.18,4.62
1990-08-15 14:00:00+00:00,0.0,0.0,0.0,26.84,4.69
1990-08-15 15:00:00+00:00,0.0,0.0,0.0,26.68,4.48
1990-08-15 16:00:00+00:00,0.0,0.0,0.0,26.57,4.83
1990-08-15 17:00:00+00:00,0.0,0.0,0.0,26.48,4.76
1990-08-15 18:00:00+00:00,0.0,0.0,0.0,26.41,4.69
1990-08-15 19:00:00+00:00,0.0,0.0,0.0,26.42,4.76
1990-08-15 20:00:00+00:00,0.0,0.0,0.0,26.33,4.9
1990-08-15 21:00:00+00:00,0.0,0.0,0.0,26.25,5.03
1990-08-15 22:00:00+00:00,0.0,0.0,0.0,26.2,5.03
1990-08-15 23:00:00+00:00,0.0,0.0,0.0,26.11,5.03
1990-08-16 00:00:00+00:00,0.0,0.0,0.0,26.1,5.03
1990-08-16 01:00:00+00:00,76.95,36.37,73.45,26.13,4.9
1990-08-16 02:00:00+00:00,197.1,84.27,168.25,26.47,5.52
1990-08-16 03:00:00+00:00,356.85,230.94,225.8,27.07,5.86
1990-08-16 04:00:00+00:00,541.2,339.84,284.2,27.72,5.66
1990-08-16 05:00:00+00:00,676.9,396.17,322.0,28.44,5.24
1990-08-16 06:00:00+00:00,688.0,244.75,448.95,29.04,4.97
1990-08-16 07:00:00+00:00,675.95,292.6,385.3,29.32,5.38
1990-08-16 08:00:00+00:00,647.95,317.95,347.6,29.17,5.72
1990-08-16 09:00:00+00:00,562.15,413.84,217.05,29.08,6.07
1990-08-16 10:00:00+00:00,401.0,306.73,195.9,28.93,6.14
1990-08-16 11:00:00+00:00,190.35,216.1,90.9,28.58,6.07
1990-08-16 12:00:00+00:00,43.15,56.8,30.5,27.9,5.86
1990-08-16 13:00:00+00:00,0.0,0.0,0.0,27.21,5.59
1990-08-16 14:00:00+00:00,0.0,0.0,0.0,26.78,5.52
1990-08-16 15:00:00+00:00,0.0,0.0,0.0,26.57,5.03
1990-08-16 16:00:00+00:00,0.0,0.0,0.0,26.52,5.17
1990-08-16 17:00:00+00:00,0.0,0.0,0.0,26.43,4.83
1990-08-16 18:00:00+00:00,0.0,0.0,0.0,26.31,4.76
1990-08-16 19:00:00+00:00,0.0,0.0,0.0,26.5,5.17
1990-08-16 20:00:00+00:00,0.0,0.0,0.0,26.33,5.31
1990-08-16 21:00:00+00:00,0.0,0.0,0.0,26.29,5.45
1990-08-16 22:00:00+00:00,0.0,0.0,0.0,26.17,5.86
1990-08-16 23:00:00+00:00,0.0,0.0,0.0,26.09,5.93
1990-08-17 00:00:00+00:00,0.0,0.0,0.0,26.09,5.79
1990-08-17 01:00:00+00:00,65.8,32.14,62.7,26.18,5.52
1990-08-17 02:00:00+00:00,216.45,176.61,155.9,26.48,6.14
1990-08-17 03:00:00+00:00,345.7,160.52,254.5,26.98,6.83
1990-08-17 04:00:00+00:00,479.1,305.53,247.8,27.36,7.17
1990-08-17 05:00:00+00:00,524.85,217.6,329.75,28.03,7.31
1990-08-17 06:00:00+00:00,707.9,486.15,232.75,28.22,7.45
1990-08-17 07:00:00+00:00,676.75,344.13,334.75,28.76,7.59
1990-08-17 08:00:00+00:00,623.55,384.58,260.2,29.01,7.24
1990-08-17 09:00:00+00:00,514.3,338.73,231.9,29.05,6.97
1990-08-17 10:00:00+00:00,344.3,278.12,158.5,28.68,7.03
1990-08-17 11:00:00+00:00,204.3,259.15,85.3,28.11,6.97
1990-08-17 12:00:00+00:00,37.95,67.55,23.0,27.51,6.69
1990-08-17 13:00:00+00:00,0.0,0.0,0.0,26.84,6.0
1990-08-17 14:00:00+00:00,0.0,0.0,0.0,26.59,6.21
1990-08-17 15:00:00+00:00,0.0,0.0,0.0,26.5,6.0
1990-08-17 16:00:00+00:00,0.0,0.0,0.0,26.41,6.07
1990-08-17 17:00:00+00:00,0.0,0.0,0.0,26.25,6.34
1990-08-17 18:00:00+00:00,0.0,0.0,0.0,26.11,6.62
1990-08-17 19:00:00+00:00,0.0,0.0,0.0,26.27,6.41
1990-08-17 20:00:00+00:00,0.0,0.0,0.0,26.14,6.34
1990-08-17 21:00:00+00:00,0.0,0.0,0.0,25.99,6.14
1990-08-17 22:00:00+00:00,0.0,0.0,0.0,25.87,5.93
1990-08-17 23:00:00+00:00,0.0,0.0,0.0,25.8,5.72
1990-08-18 00:00:00+00:00,0.0,0.0,0.0,25.77,5.66
1990-08-18 01:00:00+00:00,93.25,285.94,65.6,25.85,5.79
1990-08-18 02:00:00+00:00,214.5,161.64,159.0,26.22,6.28
1990-08-18 03:00:00+00:00,373.8,226.59,244.9,26.74,6.62
1990-08-18 04:00:00+00:00,498.45,247.94,310.55,27.35,6.9
1990-08-18 05:00:00+00:00,601.75,301.71,331.0,27.82,7.1
1990-08-18 06:00:00+00:00,681.75,244.73,442.4,28.14,7.59
1990-08-18 07:00:00+00:00,633.15,283.74,351.05,28.69,6.9
1990-08-18 08:00:00+00:00,628.7,384.79,265.1,28.38,7.31
1990-08-18 09:00:00+00:00,456.45,244.47,252.7,28.36,7.1
1990-08-18 10:00:00+00:00,297.55,143.46,201.8,27.89,6.83
1990-08-18 11:00:00+00:00,83.8,27.39,71.25,27.06,6.9
1990-08-18 12:00:00+00:00,32.45,28.43,26.2,26.56,6.55
1990-08-18 13:00:00+00:00,0.0,0.0,0.0,26.24,6.55
1990-08-18 14:00:00+00:00,0.0,0.0,0.0,26.06,6.69
1990-08-18 15:00:00+00:00,0.0,0.0,0.0,26.06,6.48
1990-08-18 16:00:00+00:00,0.0,0.0,0.0,25.98,6.21
1990-08-18 17:00:00+00:00,0.0,0.0,0.0,26.01,5.79
1990-08-18 18:00:00+00:00,0.0,0.0,0.0,26.02,6.0
1990-08-18 19:00:00+00:00,0.0,0.0,0.0,25.94,6.41
1990-08-18 20:00:00+00:00,0.0,0.0,0.0,25.89,6.0
1990-08-18 21:00:00+00:00,0.0,0.0,0.0,25.85,5.59
1990-08-18 22:00:00+00:00,0.0,0.0,0.0,25.76,5.52
1990-08-18 23:00:00+00:00,0.0,0.0,0.0,25.74,5.38
1990-08-19 00:00:00+00:00,0.0,0.0,0.0,25.82,5.66
1990-08-19 01:00:00+00:00,87.9,343.92,54.55,25.87,5.79
1990-08-19 02:00:00+00:00,231.15,283.07,133.8,26.25,5.72
1990-08-19 03:00:00+00:00,414.9,373.52,202.15,26.99,6.07
1990-08-19 04:00:00+00:00,617.4,459.51,268.8,27.77,6.14
1990-08-19 05:00:00+00:00,782.8,544.12,294.1,28.48,6.48
1990-08-19 06:00:00+00:00,726.45,378.99,355.55,29.06,6.69
1990-08-19 07:00:00+00:00,753.2,428.1,327.4,28.97,6.83
1990-08-19 08:00:00+00:00,665.5,328.68,354.9,29.05,6.55
1990-08-19 09:00:00+00:00,477.75,183.04,325.25,28.91,6.28
1990-08-19 10:00:00+00:00,296.7,103.57,227.65,28.44,5.86
1990-08-19 11:00:00+00:00,146.5,39.17,128.6,27.83,5.72
1990-08-19 12:00:00+00:00,28.85,2.75,28.25,27.26,5.72
1990-08-19 13:00:00+00:00,0.0,0.0,0.0,26.71,5.24
1990-08-19 14:00:00+00:00,0.0,0.0,0.0,26.44,5.1
1990-08-19 15:00:00+00:00,0.0,0.0,0.0,26.37,5.59
1990-08-19 16:00:00+00:00,0.0,0.0,0.0,26.42,5.66
1990-08-19 17:00:00+00:00,0.0,0.0,0.0,26.46,5.66
1990-08-19 18:00:00+00:00,0.0,0.0,0.0,26.38,5.52
1990-08-19 19:00:00+00:00,0.0,0.0,0.0,26.38,5.1
1990-08-19 20:00:00+00:00,0.0,0.0,0.0,26.29,4.97
1990-08-19 21:00:00+00:00,0.0,0.0,0.0,26.11,4.97
1990-08-19 22:00:00+00:00,0.0,0.0,0.0,26.02,4.9
1990-08-19 23:00:00+00:00,0.0,0.0,0.0,26.01,4.83
1990-08-20 00:00:00+00:00,0.0,0.0,0.0,25.93,4.69
1990-08-20 01:00:00+00:00,101.6,414.3,61.3,26.0,4.48
1990-08-20 02:00:00+00:00,314.05,610.78,103.65,26.55,5.17
1990-08-20 03:00:00+00:00,492.1,476.22,220.5,27.59,5.72
1990-08-20 04:00:00+00:00,622.5,539.94,212.45,28.54,5.86
1990-08-20 05:00:00+00:00,711.75,481.08,279.3,29.07,5.86
1990-08-20 06:00:00+00:00,786.25,584.42,213.95,29.34,5.86
1990-08-20 07:00:00+00:00,846.05,689.6,159.9,29.51,5.66
1990-08-20 08:00:00+00:00,780.45,643.89,171.95,29.65,5.59
1990-08-20 09:00:00+00:00,564.05,488.28,157.4,29.7,5.59
1990-08-20 10:00:00+00:00,481.6,567.08,103.95,29.21,5.31
1990-08-20 11:00:00+00:00,243.05,356.16,80.7,28.9,5.1
1990-08-20 12:00:00+00:00,44.35,73.12,28.5,28.1,5.03
1990-08-20 13:00:00+00:00,0.0,0.0,0.0,27.32,4.62
1990-08-20 14:00:00+00:00,0.0,0.0,0.0,26.86,4.14
1990-08-20 15:00:00+00:00,0.0,0.0,0.0,26.62,4.07
1990-08-20 16:00:00+00:00,0.0,0.0,0.0,26.47,4.0
1990-08-20 17:00:00+00:00,0.0,0.0,0.0,26.39,3.86
1990-08-20 18:00:00+00:00,0.0,0.0,0.0,26.29,3.79
1990-08-20 19:00:00+00:00,0.0,0.0,0.0,26.38,3.93
1990-08-20 20:00:00+00:00,0.0,0.0,0.0,26.21,4.41
1990-08-20 21:00:00+00:00,0.0,0.0,0.0,26.21,4.48
1990-08-20 22:00:00+00:00,0.0,0.0,0.0,26.04,4.48
1990-08-20 23:00:00+00:00,0.0,0.0,0.0,25.85,4.83
1990-08-21 00:00:00+00:00,0.0,0.0,0.0,25.71,4.69
1990-08-21 01:00:00+00:00,108.4,452.85,64.2,25.76,4.21
1990-08-21 02:00:00+00:00,281.7,435.57,131.4,26.22,5.24
1990-08-21 03:00:00+00:00,373.95,347.33,175.6,27.01,5.79
1990-08-21 04:00:00+00:00,603.35,524.96,204.25,27.45,5.93
1990-08-21 05:00:00+00:00,679.05,448.06,275.95,28.33,5.72
1990-08-21 06:00:00+00:00,765.75,390.06,383.55,28.92,5.38
1990-08-21 07:00:00+00:00,771.05,441.11,332.0,29.57,5.1
1990-08-21 08:00:00+00:00,593.15,334.11,277.4,29.58,4.97
1990-08-21 09:00:00+00:00,453.85,234.8,258.4,29.35,4.62
1990-08-21 10:00:00+00:00,223.1,87.2,165.1,28.99,4.34
1990-08-21 11:00:00+00:00,121.6,49.82,98.95,28.34,4.0
1990-08-21 12:00:00+00:00,29.2,43.92,19.75,27.81,3.45
1990-08-21 13:00:00+00:00,0.0,0.0,0.0,27.35,3.24
1990-08-21 14:00:00+00:00,0.0,0.0,0.0,26.96,3.1
1990-08-21 15:00:00+00:00,0.0,0.0,0.0,26.78,2.9
1990-08-21 16:00:00+00:00,0.0,0.0,0.0,26.64,2.76
1990-08-21 17:00:00+00:00,0.0,0.0,0.0,26.48,2.9
1990-08-21 18:00:00+00:00,0.0,0.0,0.0,26.28,2.97
1990-08-21 19:00:00+00:00,0.0,0.0,0.0,26.12,2.69
1990-08-21 20:00:00+00:00,0.0,0.0,0.0,25.91,2.69
1990-08-21 21:00:00+00:00,0.0,0.0,0.0,25.66,2.62
1990-08-21 22:00:00+00:00,0.0,0.0,0.0,25.44,2.83
1990-08-21 23:00:00+00:00,0.0,0.0,0.0,25.27,2.76
1990-08-22 00:00:00+00:00,0.0,0.0,0.0,25.05,3.1
1990-08-22 01:00:00+00:00,51.3,34.71,47.9,24.94,3.03
1990-08-22 02:00:00+00:00,161.7,83.03,133.0,25.22,3.86
1990-08-22 03:00:00+00:00,346.15,172.69,247.4,25.47,3.79
1990-08-22 04:00:00+00:00,359.1,132.19,258.5,26.32,3.66
1990-08-22 05:00:00+00:00,534.15,194.86,358.7,26.94,4.07
1990-08-22 06:00:00+00:00,460.35,165.95,297.65,28.07,4.07
1990-08-22 07:00:00+00:00,236.6,40.53,196.25,28.6,3.31
1990-08-22 08:00:00+00:00,409.15,130.9,285.45,27.64,2.83
1990-08-22 09:00:00+00:00,106.95,3.79,103.8,27.85,2.9
1990-08-22 10:00:00+00:00,133.9,5.12,130.5,27.34,2.55
1990-08-22 11:00:00+00:00,78.55,5.29,76.15,27.21,2.83
1990-08-22 12:00:00+00:00,21.0,0.23,20.95,26.99,2.62
1990-08-22 13:00:00+00:00,0.0,0.0,0.0,26.67,2.62
1990-08-22 14:00:00+00:00,0.0,0.0,0.0,26.44,2.41
1990-08-22 15:00:00+00:00,0.0,0.0,0.0,26.28,2.69
1990-08-22 16:00:00+00:00,0.0,0.0,0.0,26.14,2.69
1990-08-22 17:00:00+00:00,0.0,0.0,0.0,25.98,2.76
1990-08-22 18:00:00+00:00,0.0,0.0,0.0,25.84,3.03
1990-08-22 19:00:00+00:00,0.0,0.0,0.0,25.66,2.9
1990-08-22 20:00:00+00:00,0.0,0.0,0.0,25.62,3.1
1990-08-22 21:00:00+00:00,0.0,0.0,0.0,25.44,3.03
1990-08-22 22:00:00+00:00,0.0,0.0,0.0,24.93,3.1
1990-08-22 23:00:00+00:00,0.0,0.0,0.0,24.87,3.52
1990-08-23 00:00:00+00:00,0.0,0.0,0.0,24.88,3.79
1990-08-23 01:00:00+00:00,125.85,576.0,69.2,24.97,3.86
1990-08-23 02:00:00+00:00,231.6,267.69,138.9,25.64,4.62
1990-08-23 03:00:00+00:00,410.1,405.69,177.8,26.44,4.83
1990-08-23 04:00:00+00:00,655.4,580.95,212.8,27.37,5.17
1990-08-23 05:00:00+00:00,792.55,606.35,246.15,28.38,5.45
1990-08-23 06:00:00+00:00,700.55,441.3,267.65,29.04,5.66
1990-08-23 07:00:00+00:00,883.85,698.72,188.0,29.12,5.24
1990-08-23 08:00:00+00:00,744.95,609.74,168.8,29.5,5.38
1990-08-23 09:00:00+00:00,633.4,581.9,149.55,29.27,5.38
1990-08-23 10:00:00+00:00,409.7,433.92,121.85,29.0,5.17
1990-08-23 11:00:00+00:00,189.65,244.91,78.95,28.48,5.03
1990-08-23 12:00:00+00:00,37.45,88.06,18.8,27.75,4.69
1990-08-23 13:00:00+00:00,0.0,0.0,0.0,27.06,4.0
1990-08-23 14:00:00+00:00,0.0,0.0,0.0,26.59,3.93
1990-08-23 15:00:00+00:00,0.0,0.0,0.0,26.34,3.93
1990-08-23 16:00:00+00:00,0.0,0.0,0.0,26.2,4.0
1990-08-23 17:00:00+00:00,0.0,0.0,0.0,26.02,4.0
1990-08-23 18:00:00+00:00,0.0,0.0,0.0,25.89,4.0
1990-08-23 19:00:00+00:00,0.0,0.0,0.0,25.93,4.07
1990-08-23 20:00:00+00:00,0.0,0.0,0.0,25.69,4.07
1990-08-23 21:00:00+00:00,0.0,0.0,0.0,25.46,4.07
1990-08-23 22:00:00+00:00,0.0,0.0,0.0,25.14,4.55
1990-08-23 23:00:00+00:00,0.0,0.0,0.0,24.89,4.55
1990-08-24 00:00:00+00:00,0.0,0.0,0.0,24.74,4.07
1990-08-24 01:00:00+00:00,138.75,767.98,62.9,24.8,4.48
1990-08-24 02:00:00+00:00,347.35,672.58,114.0,25.34,4.83
1990-08-24 03:00:00+00:00,458.95,525.73,157.5,26.55,5.38
1990-08-24 04:00:00+00:00,628.0,510.59,238.6,27.4,5.38
1990-08-24 05:00:00+00:00,871.7,770.14,177.15,28.31,5.52
1990-08-24 06:00:00+00:00,815.65,640.92,186.6,29.15,5.52
1990-08-24 07:00:00+00:00,894.95,733.64,164.15,29.27,5.45
1990-08-24 08:00:00+00:00,724.9,604.79,153.5,29.51,5.72
1990-08-24 09:00:00+00:00,607.05,584.38,121.45,29.01,5.52
1990-08-24 10:00:00+00:00,437.75,505.43,102.95,28.77,5.86
1990-08-24 11:00:00+00:00,206.4,266.08,86.5,28.3,5.59
1990-08-24 12:00:00+00:00,44.05,99.52,23.15,27.72,5.31
1990-08-24 13:00:00+00:00,0.0,0.0,0.0,27.07,4.62
1990-08-24 14:00:00+00:00,0.0,0.0,0.0,26.67,4.28
1990-08-24 15:00:00+00:00,0.0,0.0,0.0,26.44,4.14
1990-08-24 16:00:00+00:00,0.0,0.0,0.0,26.27,4.21
1990-08-24 17:00:00+00:00,0.0,0.0,0.0,26.11,4.41
1990-08-24 18:00:00+00:00,0.0,0.0,0.0,25.82,4.83
1990-08-24 19:00:00+00:00,0.0,0.0,0.0,26.18,4.48
1990-08-24 20:00:00+00:00,0.0,0.0,0.0,25.99,4.97
1990-08-24 21:00:00+00:00,0.0,0.0,0.0,25.66,5.17
1990-08-24 22:00:00+00:00,0.0,0.0,0.0,25.46,5.03
1990-08-24 23:00:00+00:00,0.0,0.0,0.0,25.19,4.69
1990-08-25 00:00:00+00:00,0.0,0.0,0.0,24.98,4.69
1990-08-25 01:00:00+00:00,121.2,534.25,68.2,24.8,4.62
1990-08-25 02:00:00+00:00,318.5,576.07,118.25,25.32,5.38
1990-08-25 03:00:00+00:00,498.75,552.1,181.75,26.46,5.93
1990-08-25 04:00:00+00:00,590.5,420.92,269.15,27.54,6.28
1990-08-25 05:00:00+00:00,794.25,650.39,207.25,28.25,6.48
1990-08-25 06:00:00+00:00,790.45,619.42,182.2,28.78,6.55
1990-08-25 07:00:00+00:00,715.15,528.5,188.6,29.22,6.28
1990-08-25 08:00:00+00:00,738.1,602.52,168.95,28.84,6.41
1990-08-25 09:00:00+00:00,588.9,558.3,125.3,28.98,6.62
1990-08-25 10:00:00+00:00,385.35,406.49,116.5,28.77,6.55
1990-08-25 11:00:00+00:00,215.75,323.04,70.65,28.27,6.76
1990-08-25 12:00:00+00:00,35.55,81.41,18.6,27.83,6.55
1990-08-25 13:00:00+00:00,0.0,0.0,0.0,27.21,5.52
1990-08-25 14:00:00+00:00,0.0,0.0,0.0,26.87,5.38
1990-08-25 15:00:00+00:00,0.0,0.0,0.0,26.67,5.1
1990-08-25 16:00:00+00:00,0.0,0.0,0.0,26.57,4.9
1990-08-25 17:00:00+00:00,0.0,0.0,0.0,26.52,4.83
1990-08-25 18:00:00+00:00,0.0,0.0,0.0,26.4,5.03
1990-08-25 19:00:00+00:00,0.0,0.0,0.0,26.34,5.45
1990-08-25 20:00:00+00:00,0.0,0.0,0.0,26.31,5.17
1990-08-25 21:00:00+00:00,0.0,0.0,0.0,26.12,4.69
1990-08-25 22:00:00+00:00,0.0,0.0,0.0,26.01,4.48
1990-08-25 23:00:00+00:00,0.0,0.0,0.0,25.99,4.69
1990-08-26 00:00:00+00:00,0.0,0.0,0.0,25.53,5.52
1990-08-26 01:00:00+00:00,75.35,194.64,55.95,25.26,5.24
1990-08-26 02:00:00+00:00,221.35,264.43,129.25,25.83,5.45
1990-08-26 03:00:00+00:00,456.15,528.03,152.55,26.52,5.72
1990-08-26 04:00:00+00:00,596.6,449.53,253.05,27.61,6.07
1990-08-26 05:00:00+00:00,773.3,630.96,203.4,28.46,6.34
1990-08-26 06:00:00+00:00,885.55,705.44,192.5,29.13,7.17
1990-08-26 07:00:00+00:00,757.8,505.28,254.3,29.48,6.83
1990-08-26 08:00:00+00:00,730.25,503.76,254.5,29.3,6.83
1990-08-26 09:00:00+00:00,512.85,330.53,238.6,29.17,7.1
1990-08-26 10:00:00+00:00,332.65,215.2,190.55,28.72,7.03
1990-08-26 11:00:00+00:00,153.75,124.42,98.05,28.34,7.1
1990-08-26 12:00:00+00:00,32.1,46.53,22.5,27.74,6.28
1990-08-26 13:00:00+00:00,0.0,0.0,0.0,27.22,5.79
1990-08-26 14:00:00+00:00,0.0,0.0,0.0,26.82,5.72
1990-08-26 15:00:00+00:00,0.0,0.0,0.0,26.73,5.86
1990-08-26 16:00:00+00:00,0.0,0.0,0.0,26.71,5.93
1990-08-26 17:00:00+00:00,0.0,0.0,0.0,26.41,5.66
1990-08-26 18:00:00+00:00,0.0,0.0,0.0,26.42,5.38
1990-08-26 19:00:00+00:00,0.0,0.0,0.0,26.36,5.72
1990-08-26 20:00:00+00:00,0.0,0.0,0.0,26.04,6.48
1990-08-26 21:00:00+00:00,0.0,0.0,0.0,25.93,6.07
1990-08-26 22:00:00+00:00,0.0,0.0,0.0,26.02,6.55
1990-08-26 23:00:00+00:00,0.0,0.0,0.0,26.23,6.34
1990-08-27 00:00:00+00:00,0.0,0.0,0.0,26.01,6.41
1990-08-27 01:00:00+00:00,110.7,597.05,50.9,25.67,5.79
1990-08-27 02:00:00+00:00,227.75,281.53,129.5,26.11,5.86
1990-08-27 03:00:00+00:00,470.95,551.35,153.5,26.9,6.62
1990-08-27 04:00:00+00:00,556.25,434.76,223.65,27.94,7.31
1990-08-27 05:00:00+00:00,816.8,584.59,288.4,27.68,8.0
1990-08-27 06:00:00+00:00,883.35,676.65,218.3,28.68,7.93
1990-08-27 07:00:00+00:00,893.9,720.91,175.45,29.31,7.86
1990-08-27 08:00:00+00:00,722.45,614.91,141.9,29.41,7.79
1990-08-27 09:00:00+00:00,624.55,592.13,133.65,29.17,7.86
1990-08-27 10:00:00+00:00,435.9,412.85,163.75,28.89,7.72
1990-08-27 11:00:00+00:00,231.2,316.94,89.8,28.43,7.38
1990-08-27 12:00:00+00:00,37.85,50.88,27.45,27.81,6.76
1990-08-27 13:00:00+00:00,0.0,0.0,0.0,27.17,6.14
1990-08-27 14:00:00+00:00,0.0,0.0,0.0,26.89,6.48
1990-08-27 15:00:00+00:00,0.0,0.0,0.0,26.82,6.76
1990-08-27 16:00:00+00:00,0.0,0.0,0.0,26.73,6.83
1990-08-27 17:00:00+00:00,0.0,0.0,0.0,26.74,6.76
1990-08-27 18:00:00+00:00,0.0,0.0,0.0,26.71,6.69
1990-08-27 19:00:00+00:00,0.0,0.0,0.0,26.71,6.83
1990-08-27 20:00:00+00:00,0.0,0.0,0.0,26.6,6.9
1990-08-27 21:00:00+00:00,0.0,0.0,0.0,26.51,6.97
1990-08-27 22:00:00+00:00,0.0,0.0,0.0,26.43,6.69
1990-08-27 23:00:00+00:00,0.0,0.0,0.0,26.31,6.62
1990-08-28 00:00:00+00:00,0.0,0.0,0.0,26.24,6.41
1990-08-28 01:00:00+00:00,119.75,504.12,69.0,26.29,6.41
1990-08-28 02:00:00+00:00,319.0,485.42,149.25,26.79,7.66
1990-08-28 03:00:00+00:00,516.85,570.01,188.2,27.49,7.59
1990-08-28 04:00:00+00:00,489.35,224.21,317.65,28.04,7.45
1990-08-28 05:00:00+00:00,591.2,226.14,386.65,27.76,7.93
1990-08-28 06:00:00+00:00,769.65,384.13,391.95,28.12,7.52
1990-08-28 07:00:00+00:00,689.8,395.42,295.7,28.81,7.59
1990-08-28 08:00:00+00:00,594.1,297.2,313.6,28.72,7.86
1990-08-28 09:00:00+00:00,469.7,254.01,259.3,28.58,7.93
1990-08-28 10:00:00+00:00,287.0,118.61,208.95,28.12,7.79
1990-08-28 11:00:00+00:00,124.35,26.77,112.45,27.77,7.59
1990-08-28 12:00:00+00:00,26.25,5.93,25.05,27.19,7.59
1990-08-28 13:00:00+00:00,0.0,0.0,0.0,26.77,7.66
1990-08-28 14:00:00+00:00,0.0,0.0,0.0,26.51,7.1
1990-08-28 15:00:00+00:00,0.0,0.0,0.0,26.46,7.17
1990-08-28 16:00:00+00:00,0.0,0.0,0.0,26.4,7.03
1990-08-28 17:00:00+00:00,0.0,0.0,0.0,26.44,6.62
1990-08-28 18:00:00+00:00,0.0,0.0,0.0,26.35,6.21
1990-08-28 19:00:00+00:00,0.0,0.0,0.0,26.43,6.83
1990-08-28 20:00:00+00:00,0.0,0.0,0.0,26.39,6.83
1990-08-28 21:00:00+00:00,0.0,0.0,0.0,26.3,7.1
1990-08-28 22:00:00+00:00,0.0,0.0,0.0,26.23,7.31
1990-08-28 23:00:00+00:00,0.0,0.0,0.0,26.24,7.24
1990-08-29 00:00:00+00:00,0.0,0.0,0.0,26.11,6.28
1990-08-29 01:00:00+00:00,111.5,422.41,68.75,26.06,6.41
1990-08-29 02:00:00+00:00,284.6,486.56,114.1,26.54,6.9
1990-08-29 03:00:00+00:00,446.35,402.52,213.95,27.13,7.17
1990-08-29 04:00:00+00:00,484.65,300.89,254.0,27.62,7.17
1990-08-29 05:00:00+00:00,527.6,338.79,220.95,27.61,7.38
1990-08-29 06:00:00+00:00,726.2,470.5,263.4,28.02,7.52
1990-08-29 07:00:00+00:00,597.3,356.17,242.3,28.4,8.07
1990-08-29 08:00:00+00:00,630.65,416.82,237.4,28.55,8.21
1990-08-29 09:00:00+00:00,589.3,524.22,155.5,28.28,8.14
1990-08-29 10:00:00+00:00,328.35,308.32,125.85,28.39,7.86
1990-08-29 11:00:00+00:00,83.85,80.04,48.4,27.77,7.72
1990-08-29 12:00:00+00:00,17.5,20.2,13.45,27.22,7.45
1990-08-29 13:00:00+00:00,0.0,0.0,0.0,27.04,7.24
1990-08-29 14:00:00+00:00,0.0,0.0,0.0,26.76,6.34
1990-08-29 15:00:00+00:00,0.0,0.0,0.0,26.54,6.14
1990-08-29 16:00:00+00:00,0.0,0.0,0.0,26.5,6.21
1990-08-29 17:00:00+00:00,0.0,0.0,0.0,26.51,6.48
1990-08-29 18:00:00+00:00,0.0,0.0,0.0,26.44,6.41
1990-08-29 19:00:00+00:00,0.0,0.0,0.0,26.44,6.83
1990-08-29 20:00:00+00:00,0.0,0.0,0.0,26.3,6.76
1990-08-29 21:00:00+00:00,0.0,0.0,0.0,26.25,6.62
1990-08-29 22:00:00+00:00,0.0,0.0,0.0,26.21,6.62
1990-08-29 23:00:00+00:00,0.0,0.0,0.0,26.21,6.55
1990-08-30 00:00:00+00:00,0.0,0.0,0.0,26.22,6.34
1990-08-30 01:00:00+00:00,99.85,409.3,58.2,26.32,6.14
1990-08-30 02:00:00+00:00,329.75,624.51,110.45,26.74,6.76
1990-08-30 03:00:00+00:00,535.0,684.06,139.5,27.47,7.66
1990-08-30 04:00:00+00:00,718.3,729.48,158.55,28.11,7.66
1990-08-30 05:00:00+00:00,822.7,713.12,176.8,28.55,7.38
1990-08-30 06:00:00+00:00,971.5,803.38,181.0,28.93,7.24
1990-08-30 07:00:00+00:00,896.8,626.37,272.5,29.76,6.9
1990-08-30 08:00:00+00:00,610.2,268.07,357.4,29.77,6.9
1990-08-30 09:00:00+00:00,461.6,209.03,288.8,29.08,6.9
1990-08-30 10:00:00+00:00,309.05,161.25,203.35,28.67,6.76
1990-08-30 11:00:00+00:00,183.6,212.7,89.75,28.16,6.48
1990-08-30 12:00:00+00:00,33.75,68.79,20.1,27.73,6.0
1990-08-30 13:00:00+00:00,0.0,0.0,0.0,27.24,5.31
1990-08-30 14:00:00+00:00,0.0,0.0,0.0,26.98,5.38
1990-08-30 15:00:00+00:00,0.0,0.0,0.0,26.88,5.45
1990-08-30 16:00:00+00:00,0.0,0.0,0.0,26.83,5.52
1990-08-30 17:00:00+00:00,0.0,0.0,0.0,26.77,5.52
1990-08-30 18:00:00+00:00,0.0,0.0,0.0,26.63,5.52
1990-08-30 19:00:00+00:00,0.0,0.0,0.0,26.73,5.59
1990-08-30 20:00:00+00:00,0.0,0.0,0.0,26.6,5.66
1990-08-30 21:00:00+00:00,0.0,0.0,0.0,26.49,5.52
1990-08-30 22:00:00+00:00,0.0,0.0,0.0,26.37,5.31
1990-08-30 23:00:00+00:00,0.0,0.0,0.0,26.42,5.31
1990-08-31 00:00:00+00:00,0.0,0.0,0.0,26.46,5.45
1990-08-31 01:00:00+00:00,138.35,787.15,57.8,26.46,5.66
1990-08-31 02:00:00+00:00,344.45,692.4,100.8,27.04,6.21
1990-08-31 03:00:00+00:00,562.3,764.38,119.75,27.96,6.62
1990-08-31 04:00:00+00:00,653.3,637.06,164.0,28.75,6.62
1990-08-31 05:00:00+00:00,839.35,699.21,205.65,29.06,6.41
1990-08-31 06:00:00+00:00,920.5,771.43,161.2,29.63,6.34
1990-08-31 07:00:00+00:00,914.85,699.49,217.7,29.82,6.48
1990-08-31 08:00:00+00:00,697.35,491.57,234.0,29.86,6.41
1990-08-31 09:00:00+00:00,468.5,263.81,250.65,29.51,6.41
1990-08-31 10:00:00+00:00,419.4,422.58,142.95,28.91,6.28
1990-08-31 11:00:00+00:00,202.1,230.83,100.65,28.74,6.07
1990-08-31 12:00:00+00:00,35.85,67.23,22.65,28.07,5.66
1990-08-31 13:00:00+00:00,0.0,0.0,0.0,27.46,5.03
1990-08-31 14:00:00+00:00,0.0,0.0,0.0,27.1,5.03
1990-08-31 15:00:00+00:00,0.0,0.0,0.0,27.0,5.17
1990-08-31 16:00:00+00:00,0.0,0.0,0.0,25.56,5.47
1990-08-31 17:00:00+00:00,0.0,0.0,0.0,25.77,5.37
1990-08-31 18:00:00+00:00,0.0,0.0,0.0,25.98,5.26
1990-08-31 19:00:00+00:00,0.0,0.0,0.0,26.18,5.16
1990-08-31 20:00:00+00:00,0.0,0.0,0.0,26.39,5.05
1990-08-31 21:00:00+00:00,0.0,0.0,0.0,26.6,4.95
1990-08-31 22:00:00+00:00,0.0,0.0,0.0,26.8,4.85
1990-08-31 23:00:00+00:00,0.0,0.0,0.0,27.01,4.74
1990-09-01 00:00:00+00:00,0.0,0.0,0.0,27.21,4.64
1990-09-01 01:00:00+00:00,118.2,528.07,63.85,27.42,4.53
1990-09-01 02:00:00+00:00,291.75,525.18,106.55,27.63,4.43
1990-09-01 03:00:00+00:00,508.5,611.64,153.9,27.83,4.33
1990-09-01 04:00:00+00:00,626.05,583.71,177.3,28.04,4.22
1990-09-01 05:00:00+00:00,675.55,480.51,239.8,28.25,4.12
1990-09-01 06:00:00+00:00,794.35,550.82,252.05,28.45,4.01
1990-09-01 07:00:00+00:00,701.35,437.66,265.2,28.66,3.91
1990-09-01 08:00:00+00:00,698.75,485.84,241.05,30.13,5.17
1990-09-01 09:00:00+00:00,427.5,263.08,210.5,30.06,5.31
1990-09-01 10:00:00+00:00,322.7,250.99,158.85,29.44,5.59
1990-09-01 11:00:00+00:00,154.0,114.0,104.1,29.05,5.79
1990-09-01 12:00:00+00:00,25.55,19.82,21.7,28.25,5.86
1990-09-01 13:00:00+00:00,0.0,0.0,0.0,27.51,5.45
1990-09-01 14:00:00+00:00,0.0,0.0,0.0,27.16,4.9
1990-09-01 15:00:00+00:00,0.0,0.0,0.0,26.9,4.76
1990-09-01 16:00:00+00:00,0.0,0.0,0.0,26.58,4.69
1990-09-01 17:00:00+00:00,0.0,0.0,0.0,26.37,4.69
1990-09-01 18:00:00+00:00,0.0,0.0,0.0,26.05,4.83
1990-09-01 19:00:00+00:00,0.0,0.0,0.0,26.18,5.79
1990-09-01 20:00:00+00:00,0.0,0.0,0.0,25.99,5.31
1990-09-01 21:00:00+00:00,0.0,0.0,0.0,26.02,5.17
1990-09-01 22:00:00+00:00,0.0,0.0,0.0,25.95,5.03
1990-09-01 23:00:00+00:00,0.0,0.0,0.0,25.93,5.03
1990-09-02 00:00:00+00:00,0.0,0.0,0.0,25.86,4.69
1990-09-02 01:00:00+00:00,90.55,272.87,62.3,25.82,4.83
1990-09-02 02:00:00+00:00,244.3,367.86,114.3,26.31,5.66
1990-09-02 03:00:00+00:00,432.85,425.81,185.65,27.24,5.79
1990-09-02 04:00:00+00:00,482.35,315.4,239.65,28.08,6.0
1990-09-02 05:00:00+00:00,712.45,486.52,271.0,28.63,6.14
1990-09-02 06:00:00+00:00,577.4,187.96,392.3,29.29,6.28
1990-09-02 07:00:00+00:00,645.6,276.84,369.75,29.29,5.86
1990-09-02 08:00:00+00:00,473.25,156.07,326.3,29.42,6.0
1990-09-02 09:00:00+00:00,344.9,135.64,233.15,29.15,6.07
1990-09-02 10:00:00+00:00,192.25,36.08,168.75,28.66,5.79
1990-09-02 11:00:00+00:00,89.2,2.41,88.15,28.26,5.79
1990-09-02 12:00:00+00:00,15.7,0.0,15.7,27.64,5.66
1990-09-02 13:00:00+00:00,0.0,0.0,0.0,27.11,5.17
1990-09-02 14:00:00+00:00,0.0,0.0,0.0,26.71,4.97
1990-09-02 15:00:00+00:00,0.0,0.0,0.0,26.45,4.9
1990-09-02 16:00:00+00:00,0.0,0.0,0.0,26.3,4.83
1990-09-02 17:00:00+00:00,0.0,0.0,0.0,26.22,4.83
1990-09-02 18:00:00+00:00,0.0,0.0,0.0,26.15,4.69
1990-09-02 19:00:00+00:00,0.0,0.0,0.0,26.26,4.83
1990-09-02 20:00:00+00:00,0.0,0.0,0.0,26.17,4.9
1990-09-02 21:00:00+00:00,0.0,0.0,0.0,26.09,4.83
1990-09-02 22:00:00+00:00,0.0,0.0,0.0,25.99,4.62
1990-09-02 23:00:00+00:00,0.0,0.0,0.0,25.85,4.83
1990-09-03 00:00:00+00:00,0.0,0.0,0.0,25.65,5.1
1990-09-03 01:00:00+00:00,101.65,204.03,80.4,25.54,5.03
1990-09-03 02:00:00+00:00,267.6,270.08,171.95,25.95,5.86
1990-09-03 03:00:00+00:00,457.0,380.08,236.05,26.56,6.41
1990-09-03 04:00:00+00:00,546.75,338.62,285.95,27.46,6.48
1990-09-03 05:00:00+00:00,628.45,262.27,390.35,28.2,6.41
1990-09-03 06:00:00+00:00,743.45,394.03,355.35,28.63,6.48
1990-09-03 07:00:00+00:00,606.3,266.2,341.1,28.95,6.69
1990-09-03 08:00:00+00:00,586.05,365.86,241.8,28.8,6.69
1990-09-03 09:00:00+00:00,553.9,422.03,206.65,28.69,6.62
1990-09-03 10:00:00+00:00,382.0,409.67,115.75,28.7,6.48
1990-09-03 11:00:00+00:00,190.45,264.39,75.7,28.32,6.28
1990-09-03 12:00:00+00:00,33.15,87.7,16.5,27.74,6.0
1990-09-03 13:00:00+00:00,0.0,0.0,0.0,27.16,5.52
1990-09-03 14:00:00+00:00,0.0,0.0,0.0,26.84,5.1
1990-09-03 15:00:00+00:00,0.0,0.0,0.0,26.68,5.03
1990-09-03 16:00:00+00:00,0.0,0.0,0.0,26.54,4.9
1990-09-03 17:00:00+00:00,0.0,0.0,0.0,26.38,4.97
1990-09-03 18:00:00+00:00,0.0,0.0,0.0,26.12,4.9
1990-09-03 19:00:00+00:00,0.0,0.0,0.0,26.07,5.1
1990-09-03 20:00:00+00:00,0.0,0.0,0.0,25.99,5.17
1990-09-03 21:00:00+00:00,0.0,0.0,0.0,25.88,5.17
1990-09-03 22:00:00+00:00,0.0,0.0,0.0,25.66,4.83
1990-09-03 23:00:00+00:00,0.0,0.0,0.0,25.37,4.97
1990-09-04 00:00:00+00:00,0.0,0.0,0.0,25.52,4.48
1990-09-04 01:00:00+00:00,69.95,116.9,57.7,25.63,4.83
1990-09-04 02:00:00+00:00,150.75,51.84,132.35,25.89,5.03
1990-09-04 03:00:00+00:00,262.55,81.6,215.05,26.34,4.83
1990-09-04 04:00:00+00:00,456.8,238.05,273.3,26.85,4.69
1990-09-04 05:00:00+00:00,530.95,224.1,327.4,27.51,4.83
1990-09-04 06:00:00+00:00,747.45,414.06,339.55,27.9,5.1
1990-09-04 07:00:00+00:00,794.05,509.43,286.65,28.93,5.79
1990-09-04 08:00:00+00:00,598.25,347.23,271.75,29.26,6.14
1990-09-04 09:00:00+00:00,502.05,378.72,190.85,28.64,6.28
1990-09-04 10:00:00+00:00,360.9,380.02,114.5,28.3,6.28
1990-09-04 11:00:00+00:00,179.35,258.73,67.55,27.93,6.28
1990-09-04 12:00:00+00:00,28.75,68.75,15.85,27.4,6.28
1990-09-04 13:00:00+00:00,0.0,0.0,0.0,26.89,5.72
1990-09-04 14:00:00+00:00,0.0,0.0,0.0,26.69,5.38
1990-09-04 15:00:00+00:00,0.0,0.0,0.0,26.37,5.45
1990-09-04 16:00:00+00:00,0.0,0.0,0.0,26.19,4.9
1990-09-04 17:00:00+00:00,0.0,0.0,0.0,26.15,5.66
1990-09-04 18:00:00+00:00,0.0,0.0,0.0,25.78,6.07
1990-09-04 19:00:00+00:00,0.0,0.0,0.0,25.36,5.38
1990-09-04 20:00:00+00:00,0.0,0.0,0.0,25.26,5.17
1990-09-04 21:00:00+00:00,0.0,0.0,0.0,25.13,5.31
1990-09-04 22:00:00+00:00,0.0,0.0,0.0,25.08,5.59
1990-09-04 23:00:00+00:00,0.0,0.0,0.0,24.84,5.45
1990-09-05 00:00:00+00:00,0.0,0.0,0.0,24.78,5.31
1990-09-05 01:00:00+00:00,116.0,489.38,64.4,24.92,4.97
1990-09-05 02:00:00+00:00,316.15,465.02,150.75,25.53,5.66
1990-09-05 03:00:00+00:00,479.1,512.72,180.25,26.33,5.79
1990-09-05 04:00:00+00:00,707.15,655.02,201.8,27.23,5.93
1990-09-05 05:00:00+00:00,859.15,720.06,204.8,28.23,6.48
1990-09-05 06:00:00+00:00,817.85,612.14,214.75,28.85,6.76
1990-09-05 07:00:00+00:00,736.6,471.5,267.1,28.0,6.48
1990-09-05 08:00:00+00:00,392.8,202.27,202.75,27.71,6.14
1990-09-05 09:00:00+00:00,394.65,196.2,233.65,26.77,6.48
1990-09-05 10:00:00+00:00,359.55,293.28,169.85,26.91,6.62
1990-09-05 11:00:00+00:00,142.55,93.22,102.45,26.81,6.76
1990-09-05 12:00:00+00:00,22.9,30.48,17.25,26.55,6.62
1990-09-05 13:00:00+00:00,0.0,0.0,0.0,26.33,6.48
1990-09-05 14:00:00+00:00,0.0,0.0,0.0,26.26,5.72
1990-09-05 15:00:00+00:00,0.0,0.0,0.0,26.27,5.59
1990-09-05 16:00:00+00:00,0.0,0.0,0.0,26.32,5.59
1990-09-05 17:00:00+00:00,0.0,0.0,0.0,26.39,5.52
1990-09-05 18:00:00+00:00,0.0,0.0,0.0,26.34,5.38
1990-09-05 19:00:00+00:00,0.0,0.0,0.0,26.26,5.59
1990-09-05 20:00:00+00:00,0.0,0.0,0.0,26.22,5.52
1990-09-05 21:00:00+00:00,0.0,0.0,0.0,26.13,5.38
1990-09-05 22:00:00+00:00,0.0,0.0,0.0,26.13,5.66
1990-09-05 23:00:00+00:00,0.0,0.0,0.0,26.15,5.45
1990-09-06 00:00:00+00:00,0.0,0.0,0.0,26.13,5.45
1990-09-06 01:00:00+00:00,113.35,296.89,81.85,26.17,4.97
1990-09-06 02:00:00+00:00,309.2,478.89,138.5,26.76,4.76
1990-09-06 03:00:00+00:00,507.05,560.9,179.7,27.57,5.72
1990-09-06 04:00:00+00:00,676.95,538.38,261.25,28.27,6.21
1990-09-06 05:00:00+00:00,615.25,281.15,359.65,29.04,6.76
1990-09-06 06:00:00+00:00,397.9,44.96,353.6,28.73,6.83
1990-09-06 07:00:00+00:00,309.3,76.2,233.45,27.25,6.76
1990-09-06 08:00:00+00:00,479.55,141.5,346.7,27.01,6.21
1990-09-06 09:00:00+00:00,337.65,92.87,261.55,27.55,5.93
1990-09-06 10:00:00+00:00,292.65,181.03,175.85,27.36,5.52
1990-09-06 11:00:00+00:00,156.1,127.06,101.7,26.93,5.52
1990-09-06 12:00:00+00:00,21.5,18.03,18.2,26.52,5.38
1990-09-06 13:00:00+00:00,0.0,0.0,0.0,26.31,4.62
1990-09-06 14:00:00+00:00,0.0,0.0,0.0,26.16,4.14
1990-09-06 15:00:00+00:00,0.0,0.0,0.0,26.09,3.86
1990-09-06 16:00:00+00:00,0.0,0.0,0.0,26.02,3.79
1990-09-06 17:00:00+00:00,0.0,0.0,0.0,25.97,3.45
1990-09-06 18:00:00+00:00,0.0,0.0,0.0,25.9,3.45
1990-09-06 19:00:00+00:00,0.0,0.0,0.0,25.51,3.17
1990-09-06 20:00:00+00:00,0.0,0.0,0.0,25.13,2.76
1990-09-06 21:00:00+00:00,0.0,0.0,0.0,25.11,3.1
1990-09-06 22:00:00+00:00,0.0,0.0,0.0,25.22,2.9
1990-09-06 23:00:00+00:00,0.0,0.0,0.0,25.23,2.76
1990-09-07 00:00:00+00:00,0.0,0.0,0.0,25.38,2.41
1990-09-07 01:00:00+00:00,98.85,182.17,79.4,25.49,2.55
1990-09-07 02:00:00+00:00,201.65,103.44,164.7,26.1,2.76
1990-09-07 03:00:00+00:00,339.85,170.02,240.5,26.82,3.24
1990-09-07 04:00:00+00:00,459.75,186.8,315.4,27.4,3.52
1990-09-07 05:00:00+00:00,487.25,135.13,364.35,28.03,3.59
1990-09-07 06:00:00+00:00,445.6,97.99,349.05,28.44,3.93
1990-09-07 07:00:00+00:00,231.15,38.04,193.3,28.3,4.41
1990-09-07 08:00:00+00:00,338.5,81.71,261.85,27.74,4.14
1990-09-07 09:00:00+00:00,398.55,137.32,286.2,27.69,4.21
1990-09-07 10:00:00+00:00,223.05,88.34,166.2,27.98,4.48
1990-09-07 11:00:00+00:00,118.65,53.62,95.8,27.64,4.34
1990-09-07 12:00:00+00:00,21.15,27.39,16.2,27.26,4.34
1990-09-07 13:00:00+00:00,0.0,0.0,0.0,26.77,3.79
1990-09-07 14:00:00+00:00,0.0,0.0,0.0,26.5,3.31
1990-09-07 15:00:00+00:00,0.0,0.0,0.0,26.32,3.1
1990-09-07 16:00:00+00:00,0.0,0.0,0.0,26.17,3.45
1990-09-07 17:00:00+00:00,0.0,0.0,0.0,26.06,3.59
1990-09-07 18:00:00+00:00,0.0,0.0,0.0,25.98,3.86
1990-09-07 19:00:00+00:00,0.0,0.0,0.0,25.92,3.52
1990-09-07 20:00:00+00:00,0.0,0.0,0.0,25.9,3.86
1990-09-07 21:00:00+00:00,0.0,0.0,0.0,25.9,4.0
1990-09-07 22:00:00+00:00,0.0,0.0,0.0,25.9,3.79
1990-09-07 23:00:00+00:00,0.0,0.0,0.0,25.87,3.93
1990-09-08 00:00:00+00:00,0.0,0.0,0.0,25.86,3.86
1990-09-08 01:00:00+00:00,93.15,195.91,72.1,25.89,3.52
1990-09-08 02:00:00+00:00,324.3,479.37,152.7,26.3,3.59
1990-09-08 03:00:00+00:00,480.6,505.14,185.05,27.21,4.62
1990-09-08 04:00:00+00:00,559.9,408.18,244.25,27.96,4.9
1990-09-08 05:00:00+00:00,756.45,590.67,219.05,28.36,5.38
1990-09-08 06:00:00+00:00,879.35,677.55,211.75,28.6,5.86
1990-09-08 07:00:00+00:00,882.05,653.34,232.2,28.78,5.31
1990-09-08 08:00:00+00:00,653.4,425.1,255.0,29.08,5.45
1990-09-08 09:00:00+00:00,490.5,421.01,146.6,28.78,5.66
1990-09-08 10:00:00+00:00,382.8,406.49,121.9,28.4,5.45
1990-09-08 11:00:00+00:00,170.3,225.09,74.85,28.11,5.52
1990-09-08 12:00:00+00:00,16.45,37.84,9.7,27.15,5.1
1990-09-08 13:00:00+00:00,0.0,0.0,0.0,26.17,4.69
1990-09-08 14:00:00+00:00,0.0,0.0,0.0,26.09,5.17
1990-09-08 15:00:00+00:00,0.0,0.0,0.0,26.06,5.45
1990-09-08 16:00:00+00:00,0.0,0.0,0.0,26.02,5.59
1990-09-08 17:00:00+00:00,0.0,0.0,0.0,25.9,5.59
1990-09-08 18:00:00+00:00,0.0,0.0,0.0,25.92,6.07
1990-09-08 19:00:00+00:00,0.0,0.0,0.0,25.99,6.21
1990-09-08 20:00:00+00:00,0.0,0.0,0.0,25.79,5.59
1990-09-08 21:00:00+00:00,0.0,0.0,0.0,25.68,5.52
1990-09-08 22:00:00+00:00,0.0,0.0,0.0,25.67,5.24
1990-09-08 23:00:00+00:00,0.0,0.0,0.0,25.44,4.76
1990-09-09 00:00:00+00:00,0.0,0.0,0.0,25.45,4.41
1990-09-09 01:00:00+00:00,114.3,433.73,67.4,25.51,4.41
1990-09-09 02:00:00+00:00,262.7,283.93,160.85,26.09,4.41
1990-09-09 03:00:00+00:00,437.95,456.99,170.25,26.78,5.72
1990-09-09 04:00:00+00:00,685.4,560.76,251.45,27.55,6.34
1990-09-09 05:00:00+00:00,658.55,376.55,315.85,28.2,6.62
1990-09-09 06:00:00+00:00,877.05,656.63,230.1,28.04,6.69
1990-09-09 07:00:00+00:00,794.7,552.71,245.2,28.87,6.14
1990-09-09 08:00:00+00:00,749.15,624.32,164.6,28.93,6.41
1990-09-09 09:00:00+00:00,473.65,399.81,147.6,28.69,6.76
1990-09-09 10:00:00+00:00,370.3,326.13,161.55,28.35,6.83
1990-09-09 11:00:00+00:00,161.25,174.67,87.55,27.77,6.97
1990-09-09 12:00:00+00:00,18.9,10.51,17.05,27.15,6.62
1990-09-09 13:00:00+00:00,0.0,0.0,0.0,26.58,6.07
1990-09-09 14:00:00+00:00,0.0,0.0,0.0,26.34,5.72
1990-09-09 15:00:00+00:00,0.0,0.0,0.0,26.18,6.07
1990-09-09 16:00:00+00:00,0.0,0.0,0.0,26.2,6.21
1990-09-09 17:00:00+00:00,0.0,0.0,0.0,26.24,6.41
1990-09-09 18:00:00+00:00,0.0,0.0,0.0,26.25,6.41
1990-09-09 19:00:00+00:00,0.0,0.0,0.0,26.22,7.1
1990-09-09 20:00:00+00:00,0.0,0.0,0.0,26.12,6.69
1990-09-09 21:00:00+00:00,0.0,0.0,0.0,25.98,6.21
1990-09-09 22:00:00+00:00,0.0,0.0,0.0,25.91,5.93
1990-09-09 23:00:00+00:00,0.0,0.0,0.0,25.9,5.72
1990-09-10 00:00:00+00:00,0.0,0.0,0.0,25.91,5.86
1990-09-10 01:00:00+00:00,123.25,490.26,69.9,25.96,5.93
1990-09-10 02:00:00+00:00,317.65,467.5,149.6,26.48,6.21
1990-09-10 03:00:00+00:00,481.5,503.52,186.2,27.18,6.41
1990-09-10 04:00:00+00:00,705.35,636.13,212.75,27.81,6.48
1990-09-10 05:00:00+00:00,768.15,556.7,261.35,28.51,6.62
1990-09-10 06:00:00+00:00,745.95,462.11,290.7,28.83,6.62
1990-09-10 07:00:00+00:00,798.8,459.55,342.15,29.07,6.55
1990-09-10 08:00:00+00:00,531.9,305.82,245.85,28.29,7.38
1990-09-10 09:00:00+00:00,183.3,52.39,140.65,28.11,7.17
1990-09-10 10:00:00+00:00,253.4,94.47,193.1,27.48,7.1
1990-09-10 11:00:00+00:00,120.95,86.11,84.8,27.44,7.17
1990-09-10 12:00:00+00:00,21.85,30.53,16.55,27.04,6.97
1990-09-10 13:00:00+00:00,0.0,0.0,0.0,26.6,6.34
1990-09-10 14:00:00+00:00,0.0,0.0,0.0,26.5,6.69
1990-09-10 15:00:00+00:00,0.0,0.0,0.0,26.45,6.55
1990-09-10 16:00:00+00:00,0.0,0.0,0.0,26.42,6.62
1990-09-10 17:00:00+00:00,0.0,0.0,0.0,26.38,6.55
1990-09-10 18:00:00+00:00,0.0,0.0,0.0,26.3,6.41
1990-09-10 19:00:00+00:00,0.0,0.0,0.0,26.28,7.1
1990-09-10 20:00:00+00:00,0.0,0.0,0.0,25.87,6.83
1990-09-10 21:00:00+00:00,0.0,0.0,0.0,25.72,6.55
1990-09-10 22:00:00+00:00,0.0,0.0,0.0,25.46,6.55
1990-09-10 23:00:00+00:00,0.0,0.0,0.0,25.32,6.14
1990-09-11 00:00:00+00:00,0.0,0.0,0.0,25.19,6.07
1990-09-11 01:00:00+00:00,98.7,446.99,49.75,25.34,5.38
1990-09-11 02:00:00+00:00,290.25,498.33,110.75,26.02,6.28
1990-09-11 03:00:00+00:00,509.0,528.75,198.55,26.76,6.69
1990-09-11 04:00:00+00:00,754.3,770.78,157.05,27.6,6.9
1990-09-11 05:00:00+00:00,805.8,510.83,340.65,28.38,7.31
1990-09-11 06:00:00+00:00,756.8,510.09,254.35,28.67,7.31
1990-09-11 07:00:00+00:00,683.75,386.15,300.25,28.87,7.52
1990-09-11 08:00:00+00:00,651.7,500.72,183.85,28.48,7.24
1990-09-11 09:00:00+00:00,495.55,413.8,159.25,28.41,7.45
1990-09-11 10:00:00+00:00,284.1,228.29,138.8,27.98,7.17
1990-09-11 11:00:00+00:00,134.7,172.4,62.7,27.37,7.93
1990-09-11 12:00:00+00:00,20.65,42.36,13.4,26.99,7.79
1990-09-11 13:00:00+00:00,0.0,0.0,0.0,26.47,7.59
1990-09-11 14:00:00+00:00,0.0,0.0,0.0,26.43,7.45
1990-09-11 15:00:00+00:00,0.0,0.0,0.0,26.37,6.97
1990-09-11 16:00:00+00:00,0.0,0.0,0.0,26.41,6.9
1990-09-11 17:00:00+00:00,0.0,0.0,0.0,26.35,6.69
1990-09-11 18:00:00+00:00,0.0,0.0,0.0,25.98,6.76
1990-09-11 19:00:00+00:00,0.0,0.0,0.0,25.92,6.83
1990-09-11 20:00:00+00:00,0.0,0.0,0.0,25.51,6.41
1990-09-11 21:00:00+00:00,0.0,0.0,0.0,25.29,6.28
1990-09-11 22:00:00+00:00,0.0,0.0,0.0,25.05,6.41
1990-09-11 23:00:00+00:00,0.0,0.0,0.0,25.14,6.41
1990-09-12 00:00:00+00:00,0.0,0.0,0.0,25.28,6.21
1990-09-12 01:00:00+00:00,79.0,256.34,50.75,25.22,6.28
1990-09-12 02:00:00+00:00,264.85,250.88,174.3,25.48,5.86
1990-09-12 03:00:00+00:00,510.3,521.62,203.7,26.0,6.28
1990-09-12 04:00:00+00:00,372.55,197.92,219.1,26.75,6.55
1990-09-12 05:00:00+00:00,646.05,392.92,288.2,26.77,6.41
1990-09-12 06:00:00+00:00,441.25,182.72,261.3,27.7,6.69
1990-09-12 07:00:00+00:00,334.7,109.57,225.95,27.0,7.17
1990-09-12 08:00:00+00:00,521.35,344.47,199.85,26.2,7.31
1990-09-12 09:00:00+00:00,309.25,103.24,225.5,26.92,6.97
1990-09-12 10:00:00+00:00,197.45,87.85,141.7,25.79,7.17
1990-09-12 11:00:00+00:00,71.8,11.79,66.9,26.05,6.41
1990-09-12 12:00:00+00:00,11.5,0.3,11.45,26.0,6.34
1990-09-12 13:00:00+00:00,0.0,0.0,0.0,25.75,6.76
1990-09-12 14:00:00+00:00,0.0,0.0,0.0,25.62,6.62
1990-09-12 15:00:00+00:00,0.0,0.0,0.0,25.5,6.76
1990-09-12 16:00:00+00:00,0.0,0.0,0.0,25.37,7.1
1990-09-12 17:00:00+00:00,0.0,0.0,0.0,25.19,6.69
1990-09-12 18:00:00+00:00,0.0,0.0,0.0,24.96,6.83
1990-09-12 19:00:00+00:00,0.0,0.0,0.0,24.52,6.34
1990-09-12 20:00:00+00:00,0.0,0.0,0.0,24.6,6.14
1990-09-12 21:00:00+00:00,0.0,0.0,0.0,24.65,5.72
1990-09-12 22:00:00+00:00,0.0,0.0,0.0,24.57,5.79
1990-09-12 23:00:00+00:00,0.0,0.0,0.0,24.52,5.59
1990-09-13 00:00:00+00:00,0.0,0.0,0.0,24.52,5.72
1990-09-13 01:00:00+00:00,107.0,391.36,63.6,24.57,5.86
1990-09-13 02:00:00+00:00,299.6,450.17,136.8,24.96,5.52
1990-09-13 03:00:00+00:00,466.4,445.27,204.4,25.88,5.93
1990-09-13 04:00:00+00:00,589.6,476.51,219.95,26.67,6.41
1990-09-13 05:00:00+00:00,784.3,575.99,259.65,27.38,6.76
1990-09-13 06:00:00+00:00,728.45,405.3,329.4,27.98,6.83
1990-09-13 07:00:00+00:00,688.45,356.4,334.95,28.24,6.76
1990-09-13 08:00:00+00:00,591.8,356.94,259.05,28.04,7.03
1990-09-13 09:00:00+00:00,407.1,297.39,166.3,27.74,7.38
1990-09-13 10:00:00+00:00,319.65,315.56,120.0,27.59,7.45
1990-09-13 11:00:00+00:00,144.95,179.21,70.9,27.42,7.1
1990-09-13 12:00:00+00:00,22.15,57.15,12.65,26.96,6.55
1990-09-13 13:00:00+00:00,0.0,0.0,0.0,26.32,6.07
1990-09-13 14:00:00+00:00,0.0,0.0,0.0,26.07,5.93
1990-09-13 15:00:00+00:00,0.0,0.0,0.0,26.04,6.0
1990-09-13 16:00:00+00:00,0.0,0.0,0.0,26.04,6.14
1990-09-13 17:00:00+00:00,0.0,0.0,0.0,25.96,5.86
1990-09-13 18:00:00+00:00,0.0,0.0,0.0,25.87,6.0
1990-09-13 19:00:00+00:00,0.0,0.0,0.0,26.03,6.34
1990-09-13 20:00:00+00:00,0.0,0.0,0.0,25.96,6.34
1990-09-13 21:00:00+00:00,0.0,0.0,0.0,25.68,6.41
1990-09-13 22:00:00+00:00,0.0,0.0,0.0,25.24,6.55
1990-09-13 23:00:00+00:00,0.0,0.0,0.0,25.27,6.14
1990-09-14 00:00:00+00:00,0.0,0.0,0.0,25.39,6.83
1990-09-14 01:00:00+00:00,119.15,617.91,50.2,25.34,6.48
1990-09-14 02:00:00+00:00,290.85,511.39,105.55,25.85,6.14
1990-09-14 03:00:00+00:00,382.85,262.48,228.25,26.54,6.14
1990-09-14 04:00:00+00:00,437.6,324.88,185.45,26.88,6.48
1990-09-14 05:00:00+00:00,671.1,458.64,253.3,27.15,6.9
1990-09-14 06:00:00+00:00,916.25,672.76,254.05,27.74,7.1
1990-09-14 07:00:00+00:00,832.75,640.05,198.35,28.65,7.17
1990-09-14 08:00:00+00:00,683.5,469.93,245.95,28.84,7.1
1990-09-14 09:00:00+00:00,546.4,448.12,184.25,28.85,7.45
1990-09-14 10:00:00+00:00,401.35,451.69,116.45,28.06,6.9
1990-09-14 11:00:00+00:00,167.35,243.22,67.4,27.78,7.17
1990-09-14 12:00:00+00:00,20.75,45.5,13.3,27.15,6.62
1990-09-14 13:00:00+00:00,0.0,0.0,0.0,26.72,6.34
1990-09-14 14:00:00+00:00,0.0,0.0,0.0,26.56,6.28
1990-09-14 15:00:00+00:00,0.0,0.0,0.0,26.52,6.28
1990-09-14 16:00:00+00:00,0.0,0.0,0.0,26.52,6.41
1990-09-14 17:00:00+00:00,0.0,0.0,0.0,26.5,6.34
1990-09-14 18:00:00+00:00,0.0,0.0,0.0,26.24,6.21
1990-09-14 19:00:00+00:00,0.0,0.0,0.0,26.35,6.55
1990-09-14 20:00:00+00:00,0.0,0.0,0.0,26.28,6.34
1990-09-14 21:00:00+00:00,0.0,0.0,0.0,26.07,6.62
1990-09-14 22:00:00+00:00,0.0,0.0,0.0,25.88,6.28
1990-09-14 23:00:00+00:00,0.0,0.0,0.0,25.81,6.0
1990-09-15 00:00:00+00:00,0.0,0.0,0.0,25.8,6.41
1990-09-15 01:00:00+00:00,98.3,225.34,73.0,25.68,6.34
1990-09-15 02:00:00+00:00,276.7,340.74,153.0,26.27,6.69
1990-09-15 03:00:00+00:00,437.2,328.62,243.45,26.87,7.1
1990-09-15 04:00:00+00:00,624.75,480.44,251.7,27.42,7.17
1990-09-15 05:00:00+00:00,788.75,562.4,276.4,28.13,7.31
1990-09-15 06:00:00+00:00,715.6,350.92,370.3,28.61,7.1
1990-09-15 07:00:00+00:00,853.5,599.95,259.3,28.61,7.52
1990-09-15 08:00:00+00:00,740.4,546.83,231.9,28.86,7.93
1990-09-15 09:00:00+00:00,457.2,380.88,150.0,28.62,7.86
1990-09-15 10:00:00+00:00,337.2,370.33,104.35,28.13,7.66
1990-09-15 11:00:00+00:00,163.6,222.56,72.65,27.81,7.52
1990-09-15 12:00:00+00:00,19.75,32.25,14.55,27.38,6.62
1990-09-15 13:00:00+00:00,0.0,0.0,0.0,26.86,6.14
1990-09-15 14:00:00+00:00,0.0,0.0,0.0,26.6,6.07
1990-09-15 15:00:00+00:00,0.0,0.0,0.0,26.43,6.21
1990-09-15 16:00:00+00:00,0.0,0.0,0.0,26.26,6.55
1990-09-15 17:00:00+00:00,0.0,0.0,0.0,25.83,6.48
1990-09-15 18:00:00+00:00,0.0,0.0,0.0,25.55,6.21
1990-09-15 19:00:00+00:00,0.0,0.0,0.0,25.59,6.07
1990-09-15 20:00:00+00:00,0.0,0.0,0.0,25.22,6.48
1990-09-15 21:00:00+00:00,0.0,0.0,0.0,25.39,6.48
1990-09-15 22:00:00+00:00,0.0,0.0,0.0,25.16,6.07
1990-09-15 23:00:00+00:00,0.0,0.0,0.0,25.18,6.07
1990-09-16 00:00:00+00:00,0.0,0.0,0.0,25.21,6.14
1990-09-16 01:00:00+00:00,113.25,513.93,55.2,25.01,5.45
1990-09-16 02:00:00+00:00,260.0,446.66,97.55,25.17,6.07
1990-09-16 03:00:00+00:00,375.65,387.21,147.15,25.65,6.69
1990-09-16 04:00:00+00:00,508.15,409.69,189.9,26.23,7.1
1990-09-16 05:00:00+00:00,631.6,443.91,227.2,27.04,7.45
1990-09-16 06:00:00+00:00,712.7,524.46,196.85,27.86,7.86
1990-09-16 07:00:00+00:00,784.25,616.85,173.8,28.37,7.59
1990-09-16 08:00:00+00:00,624.95,429.59,226.0,28.6,7.93
1990-09-16 09:00:00+00:00,526.5,433.47,177.6,27.89,8.07
1990-09-16 10:00:00+00:00,284.8,210.69,152.75,27.76,8.14
1990-09-16 11:00:00+00:00,142.45,142.37,84.6,27.45,7.66
1990-09-16 12:00:00+00:00,21.15,44.73,14.05,27.15,7.38
1990-09-16 13:00:00+00:00,0.0,0.0,0.0,26.67,6.48
1990-09-16 14:00:00+00:00,0.0,0.0,0.0,26.54,6.55
1990-09-16 15:00:00+00:00,0.0,0.0,0.0,26.48,6.55
1990-09-16 16:00:00+00:00,0.0,0.0,0.0,26.27,6.69
1990-09-16 17:00:00+00:00,0.0,0.0,0.0,26.07,6.69
1990-09-16 18:00:00+00:00,0.0,0.0,0.0,26.0,6.69
1990-09-16 19:00:00+00:00,0.0,0.0,0.0,26.37,6.69
1990-09-16 20:00:00+00:00,0.0,0.0,0.0,26.34,6.9
1990-09-16 21:00:00+00:00,0.0,0.0,0.0,26.14,6.69
1990-09-16 22:00:00+00:00,0.0,0.0,0.0,25.97,6.62
1990-09-16 23:00:00+00:00,0.0,0.0,0.0,25.82,6.34
1990-09-17 00:00:00+00:00,0.0,0.0,0.0,25.84,6.14
1990-09-17 01:00:00+00:00,87.85,337.07,49.55,25.83,6.14
1990-09-17 02:00:00+00:00,217.45,279.27,115.7,26.23,6.69
1990-09-17 03:00:00+00:00,420.4,478.98,137.5,26.9,7.38
1990-09-17 04:00:00+00:00,662.35,660.43,149.15,27.42,7.31
1990-09-17 05:00:00+00:00,649.7,449.8,239.95,27.7,7.66
1990-09-17 06:00:00+00:00,833.65,615.21,228.8,27.25,7.24
1990-09-17 07:00:00+00:00,700.55,409.65,295.5,28.4,8.21
1990-09-17 08:00:00+00:00,488.35,211.24,292.45,27.87,7.93
1990-09-17 09:00:00+00:00,311.05,184.2,163.1,26.98,7.86
1990-09-17 10:00:00+00:00,216.35,136.47,131.1,26.71,8.14
1990-09-17 11:00:00+00:00,156.7,172.77,86.9,26.58,8.41
1990-09-17 12:00:00+00:00,15.9,21.77,12.5,26.57,8.83
1990-09-17 13:00:00+00:00,0.0,0.0,0.0,26.3,8.34
1990-09-17 14:00:00+00:00,0.0,0.0,0.0,26.2,8.34
1990-09-17 15:00:00+00:00,0.0,0.0,0.0,26.25,8.21
1990-09-17 16:00:00+00:00,0.0,0.0,0.0,26.29,8.07
1990-09-17 17:00:00+00:00,0.0,0.0,0.0,26.27,7.72
1990-09-17 18:00:00+00:00,0.0,0.0,0.0,26.24,7.45
1990-09-17 19:00:00+00:00,0.0,0.0,0.0,25.84,7.31
1990-09-17 20:00:00+00:00,0.0,0.0,0.0,25.79,7.1
1990-09-17 21:00:00+00:00,0.0,0.0,0.0,25.81,7.1
1990-09-17 22:00:00+00:00,0.0,0.0,0.0,25.8,6.97
1990-09-17 23:00:00+00:00,0.0,0.0,0.0,25.74,6.97
1990-09-18 00:00:00+00:00,0.0,0.0,0.0,25.76,6.83
1990-09-18 01:00:00+00:00,101.95,255.93,72.7,25.75,6.9
1990-09-18 02:00:00+00:00,266.0,391.54,123.1,26.02,7.03
1990-09-18 03:00:00+00:00,400.8,394.68,167.5,26.6,8.07
1990-09-18 04:00:00+00:00,544.2,410.78,224.9,27.29,8.41
1990-09-18 05:00:00+00:00,752.8,538.72,262.1,27.88,8.62
1990-09-18 06:00:00+00:00,689.85,416.72,280.35,28.41,8.76
1990-09-18 07:00:00+00:00,557.2,267.7,292.75,28.12,8.14
1990-09-18 08:00:00+00:00,358.75,81.04,283.7,28.09,8.28
1990-09-18 09:00:00+00:00,279.3,60.08,231.15,27.54,7.52
1990-09-18 10:00:00+00:00,157.65,51.56,125.55,27.33,7.17
1990-09-18 11:00:00+00:00,119.8,85.27,85.55,27.13,7.31
1990-09-18 12:00:00+00:00,16.25,17.57,13.55,27.07,7.66
1990-09-18 13:00:00+00:00,0.0,0.0,0.0,26.82,7.17
1990-09-18 14:00:00+00:00,0.0,0.0,0.0,26.65,6.9
1990-09-18 15:00:00+00:00,0.0,0.0,0.0,26.61,6.69
1990-09-18 16:00:00+00:00,0.0,0.0,0.0,26.56,6.41
1990-09-18 17:00:00+00:00,0.0,0.0,0.0,26.51,6.14
1990-09-18 18:00:00+00:00,0.0,0.0,0.0,26.39,6.0
1990-09-18 19:00:00+00:00,0.0,0.0,0.0,26.49,6.14
1990-09-18 20:00:00+00:00,0.0,0.0,0.0,26.35,6.14
1990-09-18 21:00:00+00:00,0.0,0.0,0.0,26.24,6.14
1990-09-18 22:00:00+00:00,0.0,0.0,0.0,26.16,6.14
1990-09-18 23:00:00+00:00,0.0,0.0,0.0,26.15,6.21
1990-09-19 00:00:00+00:00,0.0,0.0,0.0,26.25,6.48
1990-09-19 01:00:00+00:00,112.9,280.14,80.7,26.01,6.28
1990-09-19 02:00:00+00:00,291.2,373.11,154.8,26.54,6.14
1990-09-19 03:00:00+00:00,409.4,352.03,201.15,27.05,7.24
1990-09-19 04:00:00+00:00,627.1,442.76,282.85,27.66,7.52
1990-09-19 05:00:00+00:00,747.35,509.7,283.15,28.26,8.07
1990-09-19 06:00:00+00:00,853.7,507.05,355.7,28.66,8.41
1990-09-19 07:00:00+00:00,743.6,421.92,327.2,28.84,8.41
1990-09-19 08:00:00+00:00,592.95,335.3,282.9,28.71,8.48
1990-09-19 09:00:00+00:00,457.4,210.45,289.1,28.45,8.28
1990-09-19 10:00:00+00:00,366.15,308.53,174.7,28.15,8.69
1990-09-19 11:00:00+00:00,147.05,127.72,96.05,28.03,8.76
1990-09-19 12:00:00+00:00,13.55,18.2,10.8,27.54,7.86
1990-09-19 13:00:00+00:00,0.0,0.0,0.0,27.08,7.17
1990-09-19 14:00:00+00:00,0.0,0.0,0.0,26.91,7.38
1990-09-19 15:00:00+00:00,0.0,0.0,0.0,26.85,7.45
1990-09-19 16:00:00+00:00,0.0,0.0,0.0,26.81,7.31
1990-09-19 17:00:00+00:00,0.0,0.0,0.0,26.73,7.24
1990-09-19 18:00:00+00:00,0.0,0.0,0.0,26.58,7.17
1990-09-19 19:00:00+00:00,0.0,0.0,0.0,26.65,7.38
1990-09-19 20:00:00+00:00,0.0,0.0,0.0,26.52,7.45
1990-09-19 21:00:00+00:00,0.0,0.0,0.0,26.38,7.24
1990-09-19 22:00:00+00:00,0.0,0.0,0.0,26.2,7.24
1990-09-19 23:00:00+00:00,0.0,0.0,0.0,26.09,7.03
1990-09-20 00:00:00+00:00,0.0,0.0,0.0,26.02,7.17
1990-09-20 01:00:00+00:00,140.3,558.46,75.75,26.19,7.1
1990-09-20 02:00:00+00:00,217.05,301.65,106.6,26.5,7.03
1990-09-20 03:00:00+00:00,474.45,434.98,216.95,26.79,6.9
1990-09-20 04:00:00+00:00,679.35,492.18,296.6,27.48,6.9
1990-09-20 05:00:00+00:00,774.25,583.94,242.55,28.11,7.52
1990-09-20 06:00:00+00:00,816.4,591.95,235.35,28.52,7.66
1990-09-20 07:00:00+00:00,770.95,605.93,173.55,28.91,7.93
1990-09-20 08:00:00+00:00,728.5,582.97,190.25,29.09,8.0
1990-09-20 09:00:00+00:00,541.05,454.62,178.3,28.92,8.34
1990-09-20 10:00:00+00:00,377.95,435.65,108.55,28.34,8.0
1990-09-20 11:00:00+00:00,190.15,331.18,58.7,28.19,7.86
1990-09-20 12:00:00+00:00,19.1,61.58,9.95,27.75,7.45
1990-09-20 13:00:00+00:00,0.0,0.0,0.0,27.25,7.45
1990-09-20 14:00:00+00:00,0.0,0.0,0.0,27.05,7.38
1990-09-20 15:00:00+00:00,0.0,0.0,0.0,26.95,7.31
1990-09-20 16:00:00+00:00,0.0,0.0,0.0,26.9,7.24
1990-09-20 17:00:00+00:00,0.0,0.0,0.0,26.81,7.17
1990-09-20 18:00:00+00:00,0.0,0.0,0.0,26.69,6.97
1990-09-20 19:00:00+00:00,0.0,0.0,0.0,26.7,7.24
1990-09-20 20:00:00+00:00,0.0,0.0,0.0,26.56,7.1
1990-09-20 21:00:00+00:00,0.0,0.0,0.0,26.39,6.97
1990-09-20 22:00:00+00:00,0.0,0.0,0.0,26.26,6.83
1990-09-20 23:00:00+00:00,0.0,0.0,0.0,26.16,6.76
1990-09-21 00:00:00+00:00,0.0,0.0,0.0,26.09,6.76
1990-09-21 01:00:00+00:00,126.35,323.55,88.75,26.19,6.62
1990-09-21 02:00:00+00:00,318.85,429.49,161.35,26.73,7.17
1990-09-21 03:00:00+00:00,479.1,437.83,219.75,27.48,7.59
1990-09-21 04:00:00+00:00,699.35,620.24,216.95,28.01,7.79
1990-09-21 05:00:00+00:00,719.8,472.26,289.9,28.65,7.86
1990-09-21 06:00:00+00:00,833.4,565.37,278.8,28.89,7.79
1990-09-21 07:00:00+00:00,864.75,627.74,246.5,29.1,7.86
1990-09-21 08:00:00+00:00,715.75,485.99,267.75,29.3,7.86
1990-09-21 09:00:00+00:00,569.7,425.77,230.75,29.02,7.93
1990-09-21 10:00:00+00:00,339.0,255.18,181.75,28.69,7.72
1990-09-21 11:00:00+00:00,157.25,135.23,103.9,28.18,7.45
1990-09-21 12:00:00+00:00,16.8,22.59,13.5,27.59,6.97
1990-09-21 13:00:00+00:00,0.0,0.0,0.0,27.06,6.69
1990-09-21 14:00:00+00:00,0.0,0.0,0.0,26.85,6.62
1990-09-21 15:00:00+00:00,0.0,0.0,0.0,26.74,6.62
1990-09-21 16:00:00+00:00,0.0,0.0,0.0,26.65,6.41
1990-09-21 17:00:00+00:00,0.0,0.0,0.0,26.58,6.34
1990-09-21 18:00:00+00:00,0.0,0.0,0.0,26.49,6.41
1990-09-21 19:00:00+00:00,0.0,0.0,0.0,26.57,6.69
1990-09-21 20:00:00+00:00,0.0,0.0,0.0,26.4,6.55
1990-09-21 21:00:00+00:00,0.0,0.0,0.0,26.37,6.48
1990-09-21 22:00:00+00:00,0.0,0.0,0.0,26.21,6.28
1990-09-21 23:00:00+00:00,0.0,0.0,0.0,26.17,6.14
1990-09-22 00:00:00+00:00,0.0,0.0,0.0,26.05,6.07
1990-09-22 01:00:00+00:00,150.2,710.91,67.15,26.11,6.14
1990-09-22 02:00:00+00:00,402.2,833.93,95.95,26.76,7.03
1990-09-22 03:00:00+00:00,543.95,713.52,121.05,27.76,7.1
1990-09-22 04:00:00+00:00,725.05,721.94,163.5,28.38,7.03
1990-09-22 05:00:00+00:00,926.45,853.38,149.85,28.95,7.1
1990-09-22 06:00:00+00:00,923.9,678.53,258.75,29.46,7.45
1990-09-22 07:00:00+00:00,847.75,638.35,219.75,29.46,7.59
1990-09-22 08:00:00+00:00,813.7,670.52,196.6,29.32,7.45
1990-09-22 09:00:00+00:00,628.05,565.52,178.9,29.22,7.38
1990-09-22 10:00:00+00:00,426.25,508.91,113.75,28.85,7.24
1990-09-22 11:00:00+00:00,188.65,305.53,68.85,28.3,6.69
1990-09-22 12:00:00+00:00,19.75,62.02,10.85,27.55,6.0
1990-09-22 13:00:00+00:00,0.0,0.0,0.0,26.86,5.52
1990-09-22 14:00:00+00:00,0.0,0.0,0.0,26.55,5.86
1990-09-22 15:00:00+00:00,0.0,0.0,0.0,26.43,6.0
1990-09-22 16:00:00+00:00,0.0,0.0,0.0,26.39,6.0
1990-09-22 17:00:00+00:00,0.0,0.0,0.0,26.4,6.0
1990-09-22 18:00:00+00:00,0.0,0.0,0.0,26.39,6.0
1990-09-22 19:00:00+00:00,0.0,0.0,0.0,26.28,6.21
1990-09-22 20:00:00+00:00,0.0,0.0,0.0,26.19,6.14
1990-09-22 21:00:00+00:00,0.0,0.0,0.0,25.96,5.86
1990-09-22 22:00:00+00:00,0.0,0.0,0.0,25.97,6.0
1990-09-22 23:00:00+00:00,0.0,0.0,0.0,25.81,5.66
1990-09-23 00:00:00+00:00,0.0,0.0,0.0,25.72,5.38
1990-09-23 01:00:00+00:00,155.85,769.49,65.5,25.87,5.31
1990-09-23 02:00:00+00:00,360.7,652.24,120.85,26.6,6.07
1990-09-23 03:00:00+00:00,557.3,698.4,143.15,27.49,5.93
1990-09-23 04:00:00+00:00,742.5,754.07,155.95,28.26,5.86
1990-09-23 05:00:00+00:00,903.2,789.88,184.65,28.97,5.72
1990-09-23 06:00:00+00:00,925.25,771.99,169.05,29.53,5.79
1990-09-23 07:00:00+00:00,848.9,700.04,161.0,29.82,5.38
1990-09-23 08:00:00+00:00,843.95,764.7,141.35,29.78,5.66
1990-09-23 09:00:00+00:00,599.85,566.88,150.7,29.69,5.86
1990-09-23 10:00:00+00:00,416.95,488.19,118.25,29.11,5.86
1990-09-23 11:00:00+00:00,189.55,335.14,58.95,28.56,5.86
1990-09-23 12:00:00+00:00,18.85,62.07,10.1,27.76,5.66
1990-09-23 13:00:00+00:00,0.0,0.0,0.0,27.02,5.31
1990-09-23 14:00:00+00:00,0.0,0.0,0.0,26.62,5.17
1990-09-23 15:00:00+00:00,0.0,0.0,0.0,26.5,5.24
1990-09-23 16:00:00+00:00,0.0,0.0,0.0,26.4,5.31
1990-09-23 17:00:00+00:00,0.0,0.0,0.0,26.38,5.45
1990-09-23 18:00:00+00:00,0.0,0.0,0.0,26.32,5.52
1990-09-23 19:00:00+00:00,0.0,0.0,0.0,26.25,5.72
1990-09-23 20:00:00+00:00,0.0,0.0,0.0,26.1,5.72
1990-09-23 21:00:00+00:00,0.0,0.0,0.0,25.96,5.79
1990-09-23 22:00:00+00:00,0.0,0.0,0.0,25.95,5.86
1990-09-23 23:00:00+00:00,0.0,0.0,0.0,25.96,6.0
1990-09-24 00:00:00+00:00,0.0,0.0,0.0,25.91,5.93
1990-09-24 01:00:00+00:00,136.55,625.91,62.7,26.08,5.79
1990-09-24 02:00:00+00:00,329.65,613.11,103.9,26.71,6.55
1990-09-24 03:00:00+00:00,579.15,758.1,129.4,27.56,6.83
1990-09-24 04:00:00+00:00,792.7,812.08,161.05,28.46,6.9
1990-09-24 05:00:00+00:00,748.3,509.84,284.7,29.23,6.9
1990-09-24 06:00:00+00:00,932.75,713.14,234.75,29.45,6.69
1990-09-24 07:00:00+00:00,876.05,649.9,238.2,29.78,6.41
1990-09-24 08:00:00+00:00,763.0,592.94,219.15,29.78,6.41
1990-09-24 09:00:00+00:00,644.15,620.96,153.35,29.61,6.34
1990-09-24 10:00:00+00:00,419.5,494.32,118.15,29.32,6.21
1990-09-24 11:00:00+00:00,193.75,345.37,60.0,28.79,5.93
1990-09-24 12:00:00+00:00,18.1,59.23,9.9,28.03,5.66
1990-09-24 13:00:00+00:00,0.0,0.0,0.0,27.24,5.17
1990-09-24 14:00:00+00:00,0.0,0.0,0.0,26.78,5.24
1990-09-24 15:00:00+00:00,0.0,0.0,0.0,26.57,5.38
1990-09-24 16:00:00+00:00,0.0,0.0,0.0,26.47,5.45
1990-09-24 17:00:00+00:00,0.0,0.0,0.0,26.43,5.45
1990-09-24 18:00:00+00:00,0.0,0.0,0.0,26.39,5.38
1990-09-24 19:00:00+00:00,0.0,0.0,0.0,26.41,5.17
1990-09-24 20:00:00+00:00,0.0,0.0,0.0,26.38,5.31
1990-09-24 21:00:00+00:00,0.0,0.0,0.0,26.2,5.38
1990-09-24 22:00:00+00:00,0.0,0.0,0.0,26.07,5.38
1990-09-24 23:00:00+00:00,0.0,0.0,0.0,25.94,5.38
1990-09-25 00:00:00+00:00,0.0,0.0,0.0,25.77,5.31
1990-09-25 01:00:00+00:00,155.45,771.88,63.95,25.73,4.97
1990-09-25 02:00:00+00:00,382.05,728.09,113.65,26.45,6.07
1990-09-25 03:00:00+00:00,573.05,676.35,171.65,27.56,6.21
1990-09-25 04:00:00+00:00,709.2,665.77,191.4,28.66,6.0
1990-09-25 05:00:00+00:00,895.35,822.33,147.95,29.41,6.14
1990-09-25 06:00:00+00:00,811.65,656.63,169.5,30.04,6.28
1990-09-25 07:00:00+00:00,870.95,757.93,128.0,29.99,6.28
1990-09-25 08:00:00+00:00,806.55,747.28,122.35,30.21,6.34
1990-09-25 09:00:00+00:00,643.05,682.19,105.2,30.09,6.34
1990-09-25 10:00:00+00:00,394.2,485.93,99.05,29.64,6.07
1990-09-25 11:00:00+00:00,193.95,349.11,59.6,28.97,5.86
1990-09-25 12:00:00+00:00,17.65,59.96,9.5,28.13,5.52
1990-09-25 13:00:00+00:00,0.0,0.0,0.0,27.26,4.97
1990-09-25 14:00:00+00:00,0.0,0.0,0.0,26.79,4.83
1990-09-25 15:00:00+00:00,0.0,0.0,0.0,26.56,4.62
1990-09-25 16:00:00+00:00,0.0,0.0,0.0,26.43,4.62
1990-09-25 17:00:00+00:00,0.0,0.0,0.0,26.3,4.62
1990-09-25 18:00:00+00:00,0.0,0.0,0.0,26.19,4.55
1990-09-25 19:00:00+00:00,0.0,0.0,0.0,26.21,4.62
1990-09-25 20:00:00+00:00,0.0,0.0,0.0,26.15,4.62
1990-09-25 21:00:00+00:00,0.0,0.0,0.0,26.06,4.62
1990-09-25 22:00:00+00:00,0.0,0.0,0.0,26.06,4.69
1990-09-25 23:00:00+00:00,0.0,0.0,0.0,26.05,4.69
1990-09-26 00:00:00+00:00,0.0,0.0,0.0,26.06,4.62
1990-09-26 01:00:00+00:00,133.2,560.17,66.5,26.14,4.62
1990-09-26 02:00:00+00:00,315.25,529.62,119.8,26.79,5.59
1990-09-26 03:00:00+00:00,531.25,589.9,181.05,27.76,5.79
1990-09-26 04:00:00+00:00,724.2,696.03,182.95,28.69,5.66
1990-09-26 05:00:00+00:00,846.3,747.69,167.1,29.56,5.86
1990-09-26 06:00:00+00:00,855.9,706.5,165.6,30.14,6.0
1990-09-26 07:00:00+00:00,911.9,797.43,131.25,30.25,6.21
1990-09-26 08:00:00+00:00,794.35,740.04,118.0,30.5,6.34
1990-09-26 09:00:00+00:00,596.85,600.31,124.75,30.19,6.41
1990-09-26 10:00:00+00:00,401.25,512.78,90.95,29.65,6.14
1990-09-26 11:00:00+00:00,175.2,287.79,65.15,28.97,5.72
1990-09-26 12:00:00+00:00,16.95,57.72,9.25,28.12,5.24
1990-09-26 13:00:00+00:00,0.0,0.0,0.0,27.2,4.62
1990-09-26 14:00:00+00:00,0.0,0.0,0.0,26.73,4.41
1990-09-26 15:00:00+00:00,0.0,0.0,0.0,26.41,4.28
1990-09-26 16:00:00+00:00,0.0,0.0,0.0,26.31,4.21
1990-09-26 17:00:00+00:00,0.0,0.0,0.0,26.2,4.21
1990-09-26 18:00:00+00:00,0.0,0.0,0.0,26.2,4.34
1990-09-26 19:00:00+00:00,0.0,0.0,0.0,26.27,4.9
1990-09-26 20:00:00+00:00,0.0,0.0,0.0,26.28,5.03
1990-09-26 21:00:00+00:00,0.0,0.0,0.0,26.15,4.97
1990-09-26 22:00:00+00:00,0.0,0.0,0.0,26.02,4.69
1990-09-26 23:00:00+00:00,0.0,0.0,0.0,25.93,4.62
1990-09-27 00:00:00+00:00,0.0,0.0,0.0,26.02,4.55
1990-09-27 01:00:00+00:00,122.75,436.96,70.5,26.06,4.34
1990-09-27 02:00:00+00:00,304.1,479.96,126.8,26.77,5.38
1990-09-27 03:00:00+00:00,522.85,535.12,205.1,27.71,5.79
1990-09-27 04:00:00+00:00,731.4,686.67,197.55,28.76,6.0
1990-09-27 05:00:00+00:00,780.85,611.38,225.8,29.66,6.07
1990-09-27 06:00:00+00:00,888.85,664.04,240.65,30.05,5.86
1990-09-27 07:00:00+00:00,763.4,525.76,249.4,30.3,5.79
1990-09-27 08:00:00+00:00,636.75,423.52,250.4,30.17,5.93
1990-09-27 09:00:00+00:00,507.2,431.73,168.55,29.94,5.93
1990-09-27 10:00:00+00:00,426.45,534.37,104.3,29.57,5.86
1990-09-27 11:00:00+00:00,177.35,292.13,66.35,29.24,5.79
1990-09-27 12:00:00+00:00,15.9,53.09,8.95,28.37,5.38
1990-09-27 13:00:00+00:00,0.0,0.0,0.0,27.45,4.83
1990-09-27 14:00:00+00:00,0.0,0.0,0.0,26.94,4.34
1990-09-27 15:00:00+00:00,0.0,0.0,0.0,26.67,4.48
1990-09-27 16:00:00+00:00,0.0,0.0,0.0,26.56,4.55
1990-09-27 17:00:00+00:00,0.0,0.0,0.0,26.51,4.55
1990-09-27 18:00:00+00:00,0.0,0.0,0.0,26.56,4.62
1990-09-27 19:00:00+00:00,0.0,0.0,0.0,26.57,5.1
1990-09-27 20:00:00+00:00,0.0,0.0,0.0,26.48,5.17
1990-09-27 21:00:00+00:00,0.0,0.0,0.0,26.49,5.24
1990-09-27 22:00:00+00:00,0.0,0.0,0.0,26.43,5.24
1990-09-27 23:00:00+00:00,0.0,0.0,0.0,26.3,5.24
1990-09-28 00:00:00+00:00,0.0,0.0,0.0,26.26,5.24
1990-09-28 01:00:00+00:00,117.3,298.61,81.45,26.23,5.1
1990-09-28 02:00:00+00:00,325.4,550.4,121.9,26.92,6.0
1990-09-28 03:00:00+00:00,525.2,591.87,173.7,28.01,6.34
1990-09-28 04:00:00+00:00,698.4,692.21,160.4,28.94,6.48
1990-09-28 05:00:00+00:00,875.85,787.91,161.0,29.6,6.62
1990-09-28 06:00:00+00:00,921.6,789.51,151.7,30.17,6.76
1990-09-28 07:00:00+00:00,846.75,731.51,132.6,30.32,6.9
1990-09-28 08:00:00+00:00,668.0,554.69,162.95,30.26,6.69
1990-09-28 09:00:00+00:00,657.45,679.86,125.55,29.92,6.48
1990-09-28 10:00:00+00:00,427.45,540.81,102.65,29.76,6.41
1990-09-28 11:00:00+00:00,188.45,347.65,57.2,29.12,6.21
1990-09-28 12:00:00+00:00,15.6,54.51,8.6,28.25,5.86
1990-09-28 13:00:00+00:00,0.0,0.0,0.0,27.4,5.17
1990-09-28 14:00:00+00:00,0.0,0.0,0.0,26.95,5.45
1990-09-28 15:00:00+00:00,0.0,0.0,0.0,26.73,5.59
1990-09-28 16:00:00+00:00,0.0,0.0,0.0,26.65,5.79
1990-09-28 17:00:00+00:00,0.0,0.0,0.0,26.62,5.79
1990-09-28 18:00:00+00:00,0.0,0.0,0.0,26.6,5.86
1990-09-28 19:00:00+00:00,0.0,0.0,0.0,26.74,6.0
1990-09-28 20:00:00+00:00,0.0,0.0,0.0,26.63,5.93
1990-09-28 21:00:00+00:00,0.0,0.0,0.0,26.54,5.93
1990-09-28 22:00:00+00:00,0.0,0.0,0.0,26.45,5.86
1990-09-28 23:00:00+00:00,0.0,0.0,0.0,26.46,5.66
1990-09-29 00:00:00+00:00,0.0,0.0,0.0,26.38,5.52
1990-09-29 01:00:00+00:00,165.3,831.9,65.05,26.45,5.52
1990-09-29 02:00:00+00:00,371.85,731.85,101.05,27.13,6.48
1990-09-29 03:00:00+00:00,525.2,668.27,128.3,28.15,6.97
1990-09-29 04:00:00+00:00,650.0,654.87,141.2,28.71,7.38
1990-09-29 05:00:00+00:00,752.9,585.13,222.4,29.13,7.59
1990-09-29 06:00:00+00:00,934.05,787.62,166.8,29.45,7.66
1990-09-29 07:00:00+00:00,857.8,677.03,197.8,30.09,7.45
1990-09-29 08:00:00+00:00,756.9,654.7,161.95,29.99,7.38
1990-09-29 09:00:00+00:00,603.7,558.57,167.85,29.78,7.17
1990-09-29 10:00:00+00:00,380.55,414.44,132.6,29.45,6.76
1990-09-29 11:00:00+00:00,166.9,235.67,78.5,28.83,6.48
1990-09-29 12:00:00+00:00,13.6,30.96,9.7,28.09,6.07
1990-09-29 13:00:00+00:00,0.0,0.0,0.0,27.28,5.31
1990-09-29 14:00:00+00:00,0.0,0.0,0.0,26.89,5.66
1990-09-29 15:00:00+00:00,0.0,0.0,0.0,26.69,5.79
1990-09-29 16:00:00+00:00,0.0,0.0,0.0,26.6,5.86
1990-09-29 17:00:00+00:00,0.0,0.0,0.0,26.58,5.79
1990-09-29 18:00:00+00:00,0.0,0.0,0.0,26.51,5.72
1990-09-29 19:00:00+00:00,0.0,0.0,0.0,26.45,5.66
1990-09-29 20:00:00+00:00,0.0,0.0,0.0,26.34,5.59
1990-09-29 21:00:00+00:00,0.0,0.0,0.0,26.21,5.66
1990-09-29 22:00:00+00:00,0.0,0.0,0.0,26.14,5.45
1990-09-29 23:00:00+00:00,0.0,0.0,0.0,26.11,5.38
1990-09-30 00:00:00+00:00,0.0,0.0,0.0,26.11,5.31
1990-09-30 01:00:00+00:00,148.4,728.11,60.35,26.23,5.24
1990-09-30 02:00:00+00:00,390.45,775.11,103.45,27.08,6.0
1990-09-30 03:00:00+00:00,570.55,713.74,146.65,28.1,6.41
1990-09-30 04:00:00+00:00,770.8,829.49,126.6,28.75,6.9
1990-09-30 05:00:00+00:00,848.8,765.39,155.4,29.44,7.17
1990-09-30 06:00:00+00:00,948.95,825.85,145.35,29.92,7.31
1990-09-30 07:00:00+00:00,862.15,754.57,127.65,30.14,7.31
1990-09-30 08:00:00+00:00,714.9,597.84,172.7,30.07,7.24
1990-09-30 09:00:00+00:00,664.8,719.28,105.05,29.79,7.17
1990-09-30 10:00:00+00:00,427.1,568.9,88.05,29.58,7.1
1990-09-30 11:00:00+00:00,176.3,323.88,55.6,28.91,6.83
1990-09-30 12:00:00+00:00,13.15,38.46,8.4,28.05,6.41
1990-09-30 13:00:00+00:00,0.0,0.0,0.0,27.3,5.72
1990-09-30 14:00:00+00:00,0.0,0.0,0.0,26.99,5.93
1990-09-30 15:00:00+00:00,0.0,0.0,0.0,26.88,6.28
1990-09-30 16:00:00+00:00,0.0,0.0,0.0,25.59,6.23
1990-09-30 17:00:00+00:00,0.0,0.0,0.0,25.85,6.14
1990-09-30 18:00:00+00:00,0.0,0.0,0.0,26.11,6.05
1990-09-30 19:00:00+00:00,0.0,0.0,0.0,26.37,5.95
1990-09-30 20:00:00+00:00,0.0,0.0,0.0,26.64,5.86
1990-09-30 21:00:00+00:00,0.0,0.0,0.0,26.9,5.77
1990-09-30 22:00:00+00:00,0.0,0.0,0.0,27.16,5.68
1990-09-30 23:00:00+00:00,0.0,0.0,0.0,27.42,5.58
1990-10-01 00:00:00+00:00,0.0,0.0,0.0,27.69,5.49
1990-10-01 01:00:00+00:00,140.65,644.99,62.4,27.95,5.4
1990-10-01 02:00:00+00:00,346.65,595.71,125.95,28.21,5.31
1990-10-01 03:00:00+00:00,544.95,631.46,169.95,28.47,5.22
1990-10-01 04:00:00+00:00,819.0,886.25,131.05,28.74,5.12
1990-10-01 05:00:00+00:00,944.05,897.54,131.6,29.0,5.03
1990-10-01 06:00:00+00:00,936.7,763.74,194.4,29.26,4.94
1990-10-01 07:00:00+00:00,950.2,857.7,116.6,29.52,4.85
1990-10-01 08:00:00+00:00,833.4,778.58,128.7,31.33,4.97
1990-10-01 09:00:00+00:00,575.45,606.3,104.9,31.09,5.38
1990-10-01 10:00:00+00:00,371.45,451.43,103.45,30.29,5.52
1990-10-01 11:00:00+00:00,159.0,273.73,57.65,29.47,5.45
1990-10-01 12:00:00+00:00,11.65,34.69,7.45,28.41,5.24
1990-10-01 13:00:00+00:00,0.0,0.0,0.0,27.43,5.1
1990-10-01 14:00:00+00:00,0.0,0.0,0.0,26.9,4.97
1990-10-01 15:00:00+00:00,0.0,0.0,0.0,26.61,4.55
1990-10-01 16:00:00+00:00,0.0,0.0,0.0,26.37,4.41
1990-10-01 17:00:00+00:00,0.0,0.0,0.0,26.22,4.76
1990-10-01 18:00:00+00:00,0.0,0.0,0.0,26.14,4.9
1990-10-01 19:00:00+00:00,0.0,0.0,0.0,26.13,4.83
1990-10-01 20:00:00+00:00,0.0,0.0,0.0,26.07,4.76
1990-10-01 21:00:00+00:00,0.0,0.0,0.0,26.21,4.76
1990-10-01 22:00:00+00:00,0.0,0.0,0.0,26.32,4.83
1990-10-01 23:00:00+00:00,0.0,0.0,0.0,26.32,4.9
1990-10-02 00:00:00+00:00,0.0,0.0,0.0,26.34,4.9
1990-10-02 01:00:00+00:00,117.9,364.89,73.5,26.51,4.97
1990-10-02 02:00:00+00:00,359.2,666.13,112.3,27.08,5.72
1990-10-02 03:00:00+00:00,586.7,699.6,171.3,28.11,6.14
1990-10-02 04:00:00+00:00,765.85,764.16,173.0,29.09,6.21
1990-10-02 05:00:00+00:00,806.45,653.08,215.8,29.92,6.34
1990-10-02 06:00:00+00:00,886.0,714.8,192.1,30.16,6.48
1990-10-02 07:00:00+00:00,833.2,655.63,197.0,30.61,6.34
1990-10-02 08:00:00+00:00,762.0,691.56,137.35,30.54,6.41
1990-10-02 09:00:00+00:00,475.25,457.19,121.4,30.3,6.48
1990-10-02 10:00:00+00:00,369.65,411.0,126.6,29.51,6.34
1990-10-02 11:00:00+00:00,107.45,162.84,47.55,29.09,6.34
1990-10-02 12:00:00+00:00,7.25,9.27,6.15,27.99,6.0
1990-10-02 13:00:00+00:00,0.0,0.0,0.0,27.43,5.59
1990-10-02 14:00:00+00:00,0.0,0.0,0.0,27.14,5.1
1990-10-02 15:00:00+00:00,0.0,0.0,0.0,27.03,4.83
1990-10-02 16:00:00+00:00,0.0,0.0,0.0,26.94,4.41
1990-10-02 17:00:00+00:00,0.0,0.0,0.0,26.87,4.34
1990-10-02 18:00:00+00:00,0.0,0.0,0.0,26.74,4.48
1990-10-02 19:00:00+00:00,0.0,0.0,0.0,26.52,4.41
1990-10-02 20:00:00+00:00,0.0,0.0,0.0,26.35,4.48
1990-10-02 21:00:00+00:00,0.0,0.0,0.0,26.21,4.48
1990-10-02 22:00:00+00:00,0.0,0.0,0.0,26.19,4.55
1990-10-02 23:00:00+00:00,0.0,0.0,0.0,26.19,4.41
1990-10-03 00:00:00+00:00,0.0,0.0,0.0,26.19,4.41
1990-10-03 01:00:00+00:00,136.05,558.58,67.9,26.32,4.21
1990-10-03 02:00:00+00:00,376.35,738.45,102.55,27.15,5.03
1990-10-03 03:00:00+00:00,597.05,674.18,196.85,28.35,5.17
1990-10-03 04:00:00+00:00,749.65,702.08,205.3,29.52,4.76
1990-10-03 05:00:00+00:00,934.65,877.37,141.9,30.4,4.55
1990-10-03 06:00:00+00:00,899.0,679.6,240.1,31.34,4.69
1990-10-03 07:00:00+00:00,820.4,575.51,262.85,31.67,4.76
1990-10-03 08:00:00+00:00,693.1,551.34,196.15,31.6,4.9
1990-10-03 09:00:00+00:00,489.6,335.11,230.95,31.2,5.1
1990-10-03 10:00:00+00:00,221.95,114.59,154.45,30.76,5.79
1990-10-03 11:00:00+00:00,110.85,80.86,81.3,29.68,6.0
1990-10-03 12:00:00+00:00,9.35,12.9,7.85,28.61,5.86
1990-10-03 13:00:00+00:00,0.0,0.0,0.0,27.73,5.52
1990-10-03 14:00:00+00:00,0.0,0.0,0.0,27.43,4.97
1990-10-03 15:00:00+00:00,0.0,0.0,0.0,27.2,4.41
1990-10-03 16:00:00+00:00,0.0,0.0,0.0,27.11,4.0
1990-10-03 17:00:00+00:00,0.0,0.0,0.0,26.94,4.0
1990-10-03 18:00:00+00:00,0.0,0.0,0.0,26.79,4.0
1990-10-03 19:00:00+00:00,0.0,0.0,0.0,26.87,3.38
1990-10-03 20:00:00+00:00,0.0,0.0,0.0,26.73,3.24
1990-10-03 21:00:00+00:00,0.0,0.0,0.0,26.52,3.38
1990-10-03 22:00:00+00:00,0.0,0.0,0.0,26.52,3.72
1990-10-03 23:00:00+00:00,0.0,0.0,0.0,26.43,3.72
1990-10-04 00:00:00+00:00,0.0,0.0,0.0,26.22,3.79
1990-10-04 01:00:00+00:00,115.65,248.17,85.3,26.29,3.66
1990-10-04 02:00:00+00:00,247.85,257.38,152.4,26.96,4.41
1990-10-04 03:00:00+00:00,405.65,266.76,247.35,27.87,4.69
1990-10-04 04:00:00+00:00,467.8,261.42,265.25,28.77,4.83
1990-10-04 05:00:00+00:00,553.95,241.07,336.35,29.12,4.9
1990-10-04 06:00:00+00:00,699.2,412.44,299.85,29.48,4.9
1990-10-04 07:00:00+00:00,728.25,453.44,289.7,30.2,5.03
1990-10-04 08:00:00+00:00,721.0,548.46,227.7,30.41,4.97
1990-10-04 09:00:00+00:00,556.25,465.53,197.95,30.36,4.97
1990-10-04 10:00:00+00:00,265.2,219.7,136.3,30.19,5.03
1990-10-04 11:00:00+00:00,114.55,126.42,68.65,29.23,4.55
1990-10-04 12:00:00+00:00,8.4,9.65,7.3,28.43,4.83
1990-10-04 13:00:00+00:00,0.0,0.0,0.0,27.55,4.55
1990-10-04 14:00:00+00:00,0.0,0.0,0.0,27.05,4.07
1990-10-04 15:00:00+00:00,0.0,0.0,0.0,26.83,3.52
1990-10-04 16:00:00+00:00,0.0,0.0,0.0,26.72,3.03
1990-10-04 17:00:00+00:00,0.0,0.0,0.0,26.53,2.76
1990-10-04 18:00:00+00:00,0.0,0.0,0.0,26.34,2.55
1990-10-04 19:00:00+00:00,0.0,0.0,0.0,26.27,2.9
1990-10-04 20:00:00+00:00,0.0,0.0,0.0,26.09,2.97
1990-10-04 21:00:00+00:00,0.0,0.0,0.0,25.99,2.97
1990-10-04 22:00:00+00:00,0.0,0.0,0.0,25.94,2.83
1990-10-04 23:00:00+00:00,0.0,0.0,0.0,25.89,2.83
1990-10-05 00:00:00+00:00,0.0,0.0,0.0,25.87,2.69
1990-10-05 01:00:00+00:00,123.9,422.68,72.1,25.91,2.41
1990-10-05 02:00:00+00:00,306.45,381.38,165.0,26.82,3.1
1990-10-05 03:00:00+00:00,481.35,370.98,261.3,28.01,3.03
1990-10-05 04:00:00+00:00,665.55,441.29,323.9,29.15,3.17
1990-10-05 05:00:00+00:00,732.0,463.62,313.95,30.09,3.31
1990-10-05 06:00:00+00:00,910.95,740.52,194.9,30.51,3.66
1990-10-05 07:00:00+00:00,774.8,564.78,229.5,31.46,3.31
1990-10-05 08:00:00+00:00,698.7,604.92,155.8,31.32,3.79
1990-10-05 09:00:00+00:00,453.9,365.48,173.4,30.69,4.21
1990-10-05 10:00:00+00:00,318.1,326.23,127.45,29.97,4.41
1990-10-05 11:00:00+00:00,124.45,171.06,62.75,29.58,4.14
1990-10-05 12:00:00+00:00,9.3,21.05,6.95,28.81,4.21
1990-10-05 13:00:00+00:00,0.0,0.0,0.0,27.92,4.14
1990-10-05 14:00:00+00:00,0.0,0.0,0.0,27.44,4.07
1990-10-05 15:00:00+00:00,0.0,0.0,0.0,27.22,3.79
1990-10-05 16:00:00+00:00,0.0,0.0,0.0,27.11,3.31
1990-10-05 17:00:00+00:00,0.0,0.0,0.0,26.82,2.83
1990-10-05 18:00:00+00:00,0.0,0.0,0.0,26.65,2.69
1990-10-05 19:00:00+00:00,0.0,0.0,0.0,26.67,2.41
1990-10-05 20:00:00+00:00,0.0,0.0,0.0,26.54,2.14
1990-10-05 21:00:00+00:00,0.0,0.0,0.0,26.22,1.93
1990-10-05 22:00:00+00:00,0.0,0.0,0.0,25.8,1.93
1990-10-05 23:00:00+00:00,0.0,0.0,0.0,25.47,2.76
1990-10-06 00:00:00+00:00,0.0,0.0,0.0,25.37,2.76
1990-10-06 01:00:00+00:00,157.5,782.37,61.45,25.25,2.41
1990-10-06 02:00:00+00:00,394.7,778.29,106.05,26.1,2.76
1990-10-06 03:00:00+00:00,610.7,800.96,135.85,27.6,2.69
1990-10-06 04:00:00+00:00,754.7,792.31,141.8,29.17,2.76
1990-10-06 05:00:00+00:00,920.35,848.4,156.2,30.51,3.1
1990-10-06 06:00:00+00:00,813.35,682.07,154.75,31.37,3.66
1990-10-06 07:00:00+00:00,849.8,690.48,184.3,31.56,2.97
1990-10-06 08:00:00+00:00,720.25,619.48,165.5,31.82,3.17
1990-10-06 09:00:00+00:00,510.8,511.43,119.4,31.68,3.17
1990-10-06 10:00:00+00:00,290.0,341.1,91.45,30.94,3.59
1990-10-06 11:00:00+00:00,122.9,169.53,62.15,30.12,4.07
1990-10-06 12:00:00+00:00,7.2,16.92,5.35,29.26,3.79
1990-10-06 13:00:00+00:00,0.0,0.0,0.0,28.52,3.52
1990-10-06 14:00:00+00:00,0.0,0.0,0.0,27.93,3.03
1990-10-06 15:00:00+00:00,0.0,0.0,0.0,27.21,2.0
1990-10-06 16:00:00+00:00,0.0,0.0,0.0,25.95,1.86
1990-10-06 17:00:00+00:00,0.0,0.0,0.0,25.61,2.28
1990-10-06 18:00:00+00:00,0.0,0.0,0.0,25.49,2.34
1990-10-06 19:00:00+00:00,0.0,0.0,0.0,26.5,2.9
1990-10-06 20:00:00+00:00,0.0,0.0,0.0,26.23,2.48
1990-10-06 21:00:00+00:00,0.0,0.0,0.0,26.02,2.55
1990-10-06 22:00:00+00:00,0.0,0.0,0.0,25.88,2.83
1990-10-06 23:00:00+00:00,0.0,0.0,0.0,25.71,2.9
1990-10-07 00:00:00+00:00,0.0,0.0,0.0,25.55,2.69
1990-10-07 01:00:00+00:00,155.1,763.74,61.2,25.64,3.1
1990-10-07 02:00:00+00:00,354.9,647.89,114.65,26.33,3.79
1990-10-07 03:00:00+00:00,601.5,778.07,140.5,27.51,3.72
1990-10-07 04:00:00+00:00,665.35,643.39,168.1,28.89,3.79
1990-10-07 05:00:00+00:00,820.45,713.06,178.95,29.68,4.0
1990-10-07 06:00:00+00:00,856.2,694.53,186.55,30.4,4.28
1990-10-07 07:00:00+00:00,860.2,750.19,138.45,30.7,4.41
1990-10-07 08:00:00+00:00,732.45,663.11,139.95,30.85,4.69
1990-10-07 09:00:00+00:00,527.6,518.47,131.95,30.48,4.83
1990-10-07 10:00:00+00:00,311.25,370.48,96.45,29.96,4.9
1990-10-07 11:00:00+00:00,120.8,198.16,50.25,29.39,4.48
1990-10-07 12:00:00+00:00,6.6,14.94,5.0,28.65,4.0
1990-10-07 13:00:00+00:00,0.0,0.0,0.0,27.97,3.72
1990-10-07 14:00:00+00:00,0.0,0.0,0.0,27.53,3.72
1990-10-07 15:00:00+00:00,0.0,0.0,0.0,27.29,3.59
1990-10-07 16:00:00+00:00,0.0,0.0,0.0,27.06,3.38
1990-10-07 17:00:00+00:00,0.0,0.0,0.0,26.77,3.38
1990-10-07 18:00:00+00:00,0.0,0.0,0.0,26.4,0.0
1990-10-07 19:00:00+00:00,0.0,0.0,0.0,25.37,0.0
1990-10-07 20:00:00+00:00,0.0,0.0,0.0,25.35,3.24
1990-10-07 21:00:00+00:00,0.0,0.0,0.0,25.09,2.41
1990-10-07 22:00:00+00:00,0.0,0.0,0.0,24.91,2.9
1990-10-07 23:00:00+00:00,0.0,0.0,0.0,24.83,3.17
1990-10-08 00:00:00+00:00,0.0,0.0,0.0,25.0,3.45
1990-10-08 01:00:00+00:00,96.2,339.2,54.45,25.12,3.59
1990-10-08 02:00:00+00:00,298.7,445.63,133.5,25.52,3.52
1990-10-08 03:00:00+00:00,450.8,483.13,164.75,26.89,3.79
1990-10-08 04:00:00+00:00,593.5,559.18,161.75,27.91,4.07
1990-10-08 05:00:00+00:00,759.35,596.42,223.45,28.86,4.28
1990-10-08 06:00:00+00:00,641.5,380.74,274.95,29.37,4.21
1990-10-08 07:00:00+00:00,707.8,430.16,294.7,29.38,4.41
1990-10-08 08:00:00+00:00,558.05,368.2,229.8,29.63,4.34
1990-10-08 09:00:00+00:00,341.1,260.35,143.0,29.15,4.34
1990-10-08 10:00:00+00:00,272.9,238.79,135.0,28.77,4.55
1990-10-08 11:00:00+00:00,100.25,94.71,66.75,28.26,4.48
1990-10-08 12:00:00+00:00,4.45,7.15,3.7,27.85,4.28
1990-10-08 13:00:00+00:00,0.0,0.0,0.0,27.06,4.55
1990-10-08 14:00:00+00:00,0.0,0.0,0.0,25.97,3.72
1990-10-08 15:00:00+00:00,0.0,0.0,0.0,25.83,3.86
1990-10-08 16:00:00+00:00,0.0,0.0,0.0,25.89,4.07
1990-10-08 17:00:00+00:00,0.0,0.0,0.0,25.59,3.59
1990-10-08 18:00:00+00:00,0.0,0.0,0.0,25.2,3.66
1990-10-08 19:00:00+00:00,0.0,0.0,0.0,24.67,3.86
1990-10-08 20:00:00+00:00,0.0,0.0,0.0,24.54,3.45
1990-10-08 21:00:00+00:00,0.0,0.0,0.0,24.63,2.83
1990-10-08 22:00:00+00:00,0.0,0.0,0.0,24.68,2.62
1990-10-08 23:00:00+00:00,0.0,0.0,0.0,24.73,2.83
1990-10-09 00:00:00+00:00,0.0,0.0,0.0,24.95,2.9
1990-10-09 01:00:00+00:00,94.3,222.03,66.95,25.08,3.03
1990-10-09 02:00:00+00:00,209.6,190.12,139.15,25.44,3.17
1990-10-09 03:00:00+00:00,434.9,299.52,257.7,26.14,2.97
1990-10-09 04:00:00+00:00,551.65,357.77,275.7,27.24,3.03
1990-10-09 05:00:00+00:00,675.85,398.16,318.55,28.11,3.45
1990-10-09 06:00:00+00:00,606.1,272.88,343.8,28.81,4.21
1990-10-09 07:00:00+00:00,599.95,339.63,274.4,29.08,3.86
1990-10-09 08:00:00+00:00,444.3,166.0,296.65,29.36,3.79
1990-10-09 09:00:00+00:00,350.25,174.05,218.2,29.39,3.66
1990-10-09 10:00:00+00:00,148.35,109.09,85.6,28.47,3.38
1990-10-09 11:00:00+00:00,74.0,44.96,58.2,28.03,2.97
1990-10-09 12:00:00+00:00,4.8,8.77,3.9,27.64,2.55
1990-10-09 13:00:00+00:00,0.0,0.0,0.0,27.23,2.41
1990-10-09 14:00:00+00:00,0.0,0.0,0.0,26.93,2.62
1990-10-09 15:00:00+00:00,0.0,0.0,0.0,26.7,2.76
1990-10-09 16:00:00+00:00,0.0,0.0,0.0,26.47,2.9
1990-10-09 17:00:00+00:00,0.0,0.0,0.0,26.34,3.03
1990-10-09 18:00:00+00:00,0.0,0.0,0.0,26.28,2.97
1990-10-09 19:00:00+00:00,0.0,0.0,0.0,25.96,2.62
1990-10-09 20:00:00+00:00,0.0,0.0,0.0,25.23,3.17
1990-10-09 21:00:00+00:00,0.0,0.0,0.0,24.74,3.38
1990-10-09 22:00:00+00:00,0.0,0.0,0.0,24.47,2.83
1990-10-09 23:00:00+00:00,0.0,0.0,0.0,24.67,2.34
1990-10-10 00:00:00+00:00,0.0,0.0,0.0,24.74,2.48
1990-10-10 01:00:00+00:00,94.1,190.69,70.6,24.98,2.83
1990-10-10 02:00:00+00:00,203.25,149.18,148.0,25.56,3.24
1990-10-10 03:00:00+00:00,456.7,411.44,213.5,26.16,3.24
1990-10-10 04:00:00+00:00,381.15,185.61,238.15,27.14,3.03
1990-10-10 05:00:00+00:00,551.6,290.4,291.35,27.05,2.83
1990-10-10 06:00:00+00:00,729.9,474.84,274.2,27.52,2.97
1990-10-10 07:00:00+00:00,662.75,476.64,206.75,28.22,4.28
1990-10-10 08:00:00+00:00,477.2,326.52,187.45,27.67,4.0
1990-10-10 09:00:00+00:00,412.25,385.07,120.95,27.74,3.79
1990-10-10 10:00:00+00:00,227.55,202.56,111.5,27.88,3.72
1990-10-10 11:00:00+00:00,63.95,78.9,36.4,26.91,3.66
1990-10-10 12:00:00+00:00,6.0,12.44,4.75,26.26,3.66
1990-10-10 13:00:00+00:00,0.0,0.0,0.0,25.92,3.38
1990-10-10 14:00:00+00:00,0.0,0.0,0.0,25.81,3.38
1990-10-10 15:00:00+00:00,0.0,0.0,0.0,25.74,3.31
1990-10-10 16:00:00+00:00,0.0,0.0,0.0,25.83,3.59
1990-10-10 17:00:00+00:00,0.0,0.0,0.0,25.88,3.59
1990-10-10 18:00:00+00:00,0.0,0.0,0.0,25.8,3.86
1990-10-10 19:00:00+00:00,0.0,0.0,0.0,25.71,3.72
1990-10-10 20:00:00+00:00,0.0,0.0,0.0,25.52,3.1
1990-10-10 21:00:00+00:00,0.0,0.0,0.0,25.44,3.24
1990-10-10 22:00:00+00:00,0.0,0.0,0.0,25.18,4.21
1990-10-10 23:00:00+00:00,0.0,0.0,0.0,25.16,4.34
1990-10-11 00:00:00+00:00,0.0,0.0,0.0,25.23,3.59
1990-10-11 01:00:00+00:00,116.65,449.9,61.2,25.27,2.83
1990-10-11 02:00:00+00:00,235.65,381.12,94.6,25.7,2.9
1990-10-11 03:00:00+00:00,461.1,502.35,164.45,26.32,2.76
1990-10-11 04:00:00+00:00,654.1,513.11,259.25,27.21,2.9
1990-10-11 05:00:00+00:00,607.05,332.83,309.2,28.03,3.38
1990-10-11 06:00:00+00:00,511.5,257.69,264.6,26.89,4.14
1990-10-11 07:00:00+00:00,606.3,373.83,249.35,27.56,3.86
1990-10-11 08:00:00+00:00,679.4,561.1,182.65,27.98,4.07
1990-10-11 09:00:00+00:00,457.35,333.23,206.0,28.15,3.72
1990-10-11 10:00:00+00:00,198.35,170.95,100.8,27.7,4.21
1990-10-11 11:00:00+00:00,96.45,88.49,65.75,27.31,4.55
1990-10-11 12:00:00+00:00,6.15,6.61,5.5,26.48,5.1
1990-10-11 13:00:00+00:00,0.0,0.0,0.0,25.63,4.9
1990-10-11 14:00:00+00:00,0.0,0.0,0.0,25.34,4.48
1990-10-11 15:00:00+00:00,0.0,0.0,0.0,25.29,4.34
1990-10-11 16:00:00+00:00,0.0,0.0,0.0,25.11,4.55
1990-10-11 17:00:00+00:00,0.0,0.0,0.0,24.84,5.45
1990-10-11 18:00:00+00:00,0.0,0.0,0.0,24.73,5.52
1990-10-11 19:00:00+00:00,0.0,0.0,0.0,24.6,4.76
1990-10-11 20:00:00+00:00,0.0,0.0,0.0,24.53,5.17
1990-10-11 21:00:00+00:00,0.0,0.0,0.0,24.59,5.66
1990-10-11 22:00:00+00:00,0.0,0.0,0.0,24.3,6.21
1990-10-11 23:00:00+00:00,0.0,0.0,0.0,24.31,6.28
1990-10-12 00:00:00+00:00,0.0,0.0,0.0,24.62,6.07
1990-10-12 01:00:00+00:00,129.35,580.68,57.8,25.04,5.38
1990-10-12 02:00:00+00:00,242.95,262.99,145.7,25.78,5.03
1990-10-12 03:00:00+00:00,396.3,354.89,186.95,26.36,5.72
1990-10-12 04:00:00+00:00,561.9,492.02,183.75,25.89,5.72
1990-10-12 05:00:00+00:00,659.25,445.84,260.85,26.78,5.31
1990-10-12 06:00:00+00:00,658.8,432.36,245.25,27.4,5.59
1990-10-12 07:00:00+00:00,511.95,279.71,245.4,27.85,5.72
1990-10-12 08:00:00+00:00,453.2,272.41,212.6,26.69,6.0
1990-10-12 09:00:00+00:00,294.75,154.97,178.2,27.47,5.45
1990-10-12 10:00:00+00:00,231.5,166.61,136.8,27.5,5.1
1990-10-12 11:00:00+00:00,107.6,171.0,48.65,27.18,5.31
1990-10-12 12:00:00+00:00,6.35,12.97,5.1,26.81,5.38
1990-10-12 13:00:00+00:00,0.0,0.0,0.0,25.44,5.59
1990-10-12 14:00:00+00:00,0.0,0.0,0.0,25.14,5.52
1990-10-12 15:00:00+00:00,0.0,0.0,0.0,25.14,5.52
1990-10-12 16:00:00+00:00,0.0,0.0,0.0,25.03,5.59
1990-10-12 17:00:00+00:00,0.0,0.0,0.0,25.38,5.31
1990-10-12 18:00:00+00:00,0.0,0.0,0.0,25.41,5.1
1990-10-12 19:00:00+00:00,0.0,0.0,0.0,25.67,5.86
1990-10-12 20:00:00+00:00,0.0,0.0,0.0,25.62,5.59
1990-10-12 21:00:00+00:00,0.0,0.0,0.0,25.47,5.72
1990-10-12 22:00:00+00:00,0.0,0.0,0.0,25.42,5.79
1990-10-12 23:00:00+00:00,0.0,0.0,0.0,25.52,5.79
1990-10-13 00:00:00+00:00,0.0,0.0,0.0,25.65,6.0
1990-10-13 01:00:00+00:00,52.3,74.31,43.15,25.27,5.93
1990-10-13 02:00:00+00:00,189.6,245.11,99.05,25.42,5.72
1990-10-13 03:00:00+00:00,261.8,162.34,166.15,25.68,5.66
1990-10-13 04:00:00+00:00,325.85,169.18,196.0,25.96,5.45
1990-10-13 05:00:00+00:00,575.8,342.0,270.65,26.5,5.38
1990-10-13 06:00:00+00:00,201.55,6.13,195.7,27.41,5.38
1990-10-13 07:00:00+00:00,244.05,4.94,239.35,26.79,5.66
1990-10-13 08:00:00+00:00,177.45,7.32,171.0,26.84,6.0
1990-10-13 09:00:00+00:00,228.05,92.42,158.75,26.64,5.72
1990-10-13 10:00:00+00:00,100.35,39.48,78.0,27.05,6.14
1990-10-13 11:00:00+00:00,37.7,9.2,34.55,26.85,6.07
1990-10-13 12:00:00+00:00,2.6,0.0,2.6,26.45,6.28
1990-10-13 13:00:00+00:00,0.0,0.0,0.0,26.25,5.72
1990-10-13 14:00:00+00:00,0.0,0.0,0.0,26.23,6.0
1990-10-13 15:00:00+00:00,0.0,0.0,0.0,26.22,6.07
1990-10-13 16:00:00+00:00,0.0,0.0,0.0,26.32,6.28
1990-10-13 17:00:00+00:00,0.0,0.0,0.0,26.32,6.0
1990-10-13 18:00:00+00:00,0.0,0.0,0.0,26.32,5.93
1990-10-13 19:00:00+00:00,0.0,0.0,0.0,26.12,5.79
1990-10-13 20:00:00+00:00,0.0,0.0,0.0,26.05,5.38
1990-10-13 21:00:00+00:00,0.0,0.0,0.0,25.93,5.24
1990-10-13 22:00:00+00:00,0.0,0.0,0.0,25.64,4.76
1990-10-13 23:00:00+00:00,0.0,0.0,0.0,25.7,4.76
1990-10-14 00:00:00+00:00,0.0,0.0,0.0,25.64,4.62
1990-10-14 01:00:00+00:00,85.2,337.76,43.65,25.65,4.9
1990-10-14 02:00:00+00:00,263.5,333.19,140.55,26.06,0.0
1990-10-14 03:00:00+00:00,351.6,386.76,124.0,26.77,0.0
1990-10-14 04:00:00+00:00,532.5,403.02,223.6,26.9,5.31
1990-10-14 05:00:00+00:00,680.75,480.0,253.15,27.48,5.31
1990-10-14 06:00:00+00:00,758.25,558.16,226.25,28.0,5.38
1990-10-14 07:00:00+00:00,744.9,559.85,213.55,28.74,6.0
1990-10-14 08:00:00+00:00,540.8,382.02,205.0,28.92,5.93
1990-10-14 09:00:00+00:00,445.75,336.93,193.85,28.77,5.93
1990-10-14 10:00:00+00:00,319.6,319.45,139.45,28.48,5.93
1990-10-14 11:00:00+00:00,118.95,160.97,64.15,28.19,5.66
1990-10-14 12:00:00+00:00,6.35,14.62,5.0,27.59,5.38
1990-10-14 13:00:00+00:00,0.0,0.0,0.0,26.88,4.97
1990-10-14 14:00:00+00:00,0.0,0.0,0.0,26.44,4.48
1990-10-14 15:00:00+00:00,0.0,0.0,0.0,26.2,4.21
1990-10-14 16:00:00+00:00,0.0,0.0,0.0,26.0,4.28
1990-10-14 17:00:00+00:00,0.0,0.0,0.0,25.87,4.55
1990-10-14 18:00:00+00:00,0.0,0.0,0.0,25.55,4.97
1990-10-14 19:00:00+00:00,0.0,0.0,0.0,25.65,4.0
1990-10-14 20:00:00+00:00,0.0,0.0,0.0,25.5,4.07
1990-10-14 21:00:00+00:00,0.0,0.0,0.0,25.33,4.28
1990-10-14 22:00:00+00:00,0.0,0.0,0.0,24.94,4.69
1990-10-14 23:00:00+00:00,0.0,0.0,0.0,25.15,3.93
1990-10-15 00:00:00+00:00,0.0,0.0,0.0,25.21,4.21
1990-10-15 01:00:00+00:00,148.35,670.75,65.95,25.42,4.14
1990-10-15 02:00:00+00:00,282.95,384.35,141.3,26.06,4.21
1990-10-15 03:00:00+00:00,435.05,499.42,141.55,26.86,3.79
1990-10-15 04:00:00+00:00,629.6,607.19,164.9,27.51,4.0
1990-10-15 05:00:00+00:00,684.6,586.86,162.65,28.26,4.21
1990-10-15 06:00:00+00:00,748.6,560.23,215.6,28.69,4.28
1990-10-15 07:00:00+00:00,679.5,497.92,207.9,29.33,4.9
1990-10-15 08:00:00+00:00,728.3,652.37,156.25,29.3,4.69
1990-10-15 09:00:00+00:00,522.35,546.19,115.2,29.36,4.69
1990-10-15 10:00:00+00:00,339.9,453.14,85.35,29.03,4.62
1990-10-15 11:00:00+00:00,135.95,244.87,53.1,28.53,4.83
1990-10-15 12:00:00+00:00,5.1,11.06,4.1,27.9,4.14
1990-10-15 13:00:00+00:00,0.0,0.0,0.0,27.3,3.59
1990-10-15 14:00:00+00:00,0.0,0.0,0.0,26.95,3.45
1990-10-15 15:00:00+00:00,0.0,0.0,0.0,26.78,3.1
1990-10-15 16:00:00+00:00,0.0,0.0,0.0,26.68,2.83
1990-10-15 17:00:00+00:00,0.0,0.0,0.0,26.43,2.69
1990-10-15 18:00:00+00:00,0.0,0.0,0.0,26.2,2.69
1990-10-15 19:00:00+00:00,0.0,0.0,0.0,26.2,2.83
1990-10-15 20:00:00+00:00,0.0,0.0,0.0,26.05,2.69
1990-10-15 21:00:00+00:00,0.0,0.0,0.0,25.96,2.41
1990-10-15 22:00:00+00:00,0.0,0.0,0.0,25.79,2.28
1990-10-15 23:00:00+00:00,0.0,0.0,0.0,25.72,2.21
1990-10-16 00:00:00+00:00,0.0,0.0,0.0,25.64,2.28
1990-10-16 01:00:00+00:00,130.95,313.54,92.5,25.64,2.28
1990-10-16 02:00:00+00:00,310.1,392.64,165.6,26.28,3.03
1990-10-16 03:00:00+00:00,497.35,526.04,188.65,27.19,3.59
1990-10-16 04:00:00+00:00,569.05,399.33,263.9,27.85,3.24
1990-10-16 05:00:00+00:00,760.75,527.82,292.1,28.34,2.28
1990-10-16 06:00:00+00:00,812.35,698.59,148.95,29.12,2.83
1990-10-16 07:00:00+00:00,759.0,602.4,189.65,29.99,3.93
1990-10-16 08:00:00+00:00,677.3,543.53,201.85,29.93,4.34
1990-10-16 09:00:00+00:00,330.25,246.49,147.05,29.71,4.76
1990-10-16 10:00:00+00:00,211.95,195.95,102.3,28.92,3.66
1990-10-16 11:00:00+00:00,91.7,125.34,49.55,28.48,3.66
1990-10-16 12:00:00+00:00,3.35,1.13,3.25,27.98,3.1
1990-10-16 13:00:00+00:00,0.0,0.0,0.0,27.4,2.62
1990-10-16 14:00:00+00:00,0.0,0.0,0.0,27.15,2.21
1990-10-16 15:00:00+00:00,0.0,0.0,0.0,26.91,2.41
1990-10-16 16:00:00+00:00,0.0,0.0,0.0,26.23,2.69
1990-10-16 17:00:00+00:00,0.0,0.0,0.0,25.57,2.28
1990-10-16 18:00:00+00:00,0.0,0.0,0.0,25.24,1.86
1990-10-16 19:00:00+00:00,0.0,0.0,0.0,25.9,1.72
1990-10-16 20:00:00+00:00,0.0,0.0,0.0,25.72,1.79
1990-10-16 21:00:00+00:00,0.0,0.0,0.0,25.5,1.72
1990-10-16 22:00:00+00:00,0.0,0.0,0.0,25.23,1.31
1990-10-16 23:00:00+00:00,0.0,0.0,0.0,24.7,1.86
1990-10-17 00:00:00+00:00,0.0,0.0,0.0,24.62,2.14
1990-10-17 01:00:00+00:00,151.85,661.53,70.9,24.7,2.69
1990-10-17 02:00:00+00:00,360.1,673.56,112.6,25.5,3.24
1990-10-17 03:00:00+00:00,529.55,642.31,153.2,26.57,3.38
1990-10-17 04:00:00+00:00,703.5,748.57,132.4,27.29,3.31
1990-10-17 05:00:00+00:00,827.65,715.69,193.3,28.2,3.1
1990-10-17 06:00:00+00:00,669.8,332.24,354.9,29.0,3.17
1990-10-17 07:00:00+00:00,658.0,445.91,237.45,28.8,3.31
1990-10-17 08:00:00+00:00,537.55,356.69,226.3,29.02,3.72
1990-10-17 09:00:00+00:00,366.0,240.67,187.65,28.8,3.59
1990-10-17 10:00:00+00:00,214.6,120.46,147.45,27.56,3.31
1990-10-17 11:00:00+00:00,54.1,15.11,49.05,27.51,3.45
1990-10-17 12:00:00+00:00,3.35,4.04,3.0,26.93,2.97
1990-10-17 13:00:00+00:00,0.0,0.0,0.0,26.54,2.48
1990-10-17 14:00:00+00:00,0.0,0.0,0.0,26.39,2.21
1990-10-17 15:00:00+00:00,0.0,0.0,0.0,26.22,2.48
1990-10-17 16:00:00+00:00,0.0,0.0,0.0,26.08,2.34
1990-10-17 17:00:00+00:00,0.0,0.0,0.0,25.71,2.41
1990-10-17 18:00:00+00:00,0.0,0.0,0.0,25.55,2.55
1990-10-17 19:00:00+00:00,0.0,0.0,0.0,26.17,2.83
1990-10-17 20:00:00+00:00,0.0,0.0,0.0,25.72,2.34
1990-10-17 21:00:00+00:00,0.0,0.0,0.0,25.69,2.14
1990-10-17 22:00:00+00:00,0.0,0.0,0.0,25.54,2.28
1990-10-17 23:00:00+00:00,0.0,0.0,0.0,24.97,1.93
1990-10-18 00:00:00+00:00,0.0,0.0,0.0,25.09,1.66
1990-10-18 01:00:00+00:00,78.9,74.97,69.75,24.84,1.66
1990-10-18 02:00:00+00:00,168.6,38.85,154.35,25.39,1.59
1990-10-18 03:00:00+00:00,144.8,4.1,142.4,26.04,1.72
1990-10-18 04:00:00+00:00,296.95,64.99,247.45,26.34,1.59
1990-10-18 05:00:00+00:00,305.4,64.08,248.7,27.0,1.38
1990-10-18 06:00:00+00:00,244.05,64.91,182.65,27.6,1.79
1990-10-18 07:00:00+00:00,211.45,5.53,206.25,27.51,2.14
1990-10-18 08:00:00+00:00,176.55,10.34,167.55,27.5,2.55
1990-10-18 09:00:00+00:00,197.35,6.43,192.6,27.34,2.34
1990-10-18 10:00:00+00:00,70.35,4.32,67.95,26.67,2.0
1990-10-18 11:00:00+00:00,32.5,9.03,29.5,26.53,1.79
1990-10-18 12:00:00+00:00,1.45,0.0,1.45,25.95,1.86
1990-10-18 13:00:00+00:00,0.0,0.0,0.0,25.56,2.48
1990-10-18 14:00:00+00:00,0.0,0.0,0.0,25.41,2.21
1990-10-18 15:00:00+00:00,0.0,0.0,0.0,25.4,2.48
1990-10-18 16:00:00+00:00,0.0,0.0,0.0,25.35,2.97
1990-10-18 17:00:00+00:00,0.0,0.0,0.0,25.33,2.9
1990-10-18 18:00:00+00:00,0.0,0.0,0.0,25.35,2.83
1990-10-18 19:00:00+00:00,0.0,0.0,0.0,25.36,3.1
1990-10-18 20:00:00+00:00,0.0,0.0,0.0,25.05,3.52
1990-10-18 21:00:00+00:00,0.0,0.0,0.0,24.83,3.93
1990-10-18 22:00:00+00:00,0.0,0.0,0.0,24.97,3.59
1990-10-18 23:00:00+00:00,0.0,0.0,0.0,24.83,3.66
1990-10-19 00:00:00+00:00,0.0,0.0,0.0,24.94,3.52
1990-10-19 01:00:00+00:00,54.85,69.44,46.4,24.85,3.66
1990-10-19 02:00:00+00:00,182.05,126.59,135.7,25.07,3.38
1990-10-19 03:00:00+00:00,269.95,190.59,158.65,25.91,3.59
1990-10-19 04:00:00+00:00,492.85,314.61,253.65,26.62,3.93
1990-10-19 05:00:00+00:00,620.35,358.61,303.65,27.7,4.55
1990-10-19 06:00:00+00:00,662.45,493.75,196.3,28.48,4.69
1990-10-19 07:00:00+00:00,662.95,523.09,171.75,28.98,5.17
1990-10-19 08:00:00+00:00,690.4,654.79,121.85,29.0,5.72
1990-10-19 09:00:00+00:00,423.15,352.18,163.7,28.91,5.79
1990-10-19 10:00:00+00:00,294.15,349.69,100.7,28.43,5.72
1990-10-19 11:00:00+00:00,98.95,181.49,39.0,28.05,4.76
1990-10-19 12:00:00+00:00,4.35,10.81,3.45,27.55,4.48
1990-10-19 13:00:00+00:00,0.0,0.0,0.0,26.94,4.69
1990-10-19 14:00:00+00:00,0.0,0.0,0.0,26.2,4.34
1990-10-19 15:00:00+00:00,0.0,0.0,0.0,26.06,3.79
1990-10-19 16:00:00+00:00,0.0,0.0,0.0,25.84,3.66
1990-10-19 17:00:00+00:00,0.0,0.0,0.0,24.81,4.28
1990-10-19 18:00:00+00:00,0.0,0.0,0.0,24.91,4.21
1990-10-19 19:00:00+00:00,0.0,0.0,0.0,25.44,4.0
1990-10-19 20:00:00+00:00,0.0,0.0,0.0,25.65,3.45
1990-10-19 21:00:00+00:00,0.0,0.0,0.0,25.47,4.14
1990-10-19 22:00:00+00:00,0.0,0.0,0.0,25.14,4.55
1990-10-19 23:00:00+00:00,0.0,0.0,0.0,25.01,4.34
1990-10-20 00:00:00+00:00,0.0,0.0,0.0,25.21,3.66
1990-10-20 01:00:00+00:00,110.05,402.78,61.2,25.65,3.17
1990-10-20 02:00:00+00:00,192.75,265.86,95.6,26.12,3.86
1990-10-20 03:00:00+00:00,397.65,360.52,187.5,26.68,4.21
1990-10-20 04:00:00+00:00,663.6,637.03,180.15,27.49,3.93
1990-10-20 05:00:00+00:00,628.85,492.82,194.45,28.41,4.41
1990-10-20 06:00:00+00:00,749.85,609.53,175.55,28.5,5.17
1990-10-20 07:00:00+00:00,656.3,397.66,283.7,28.43,5.1
1990-10-20 08:00:00+00:00,385.6,229.35,186.95,27.14,5.24
1990-10-20 09:00:00+00:00,314.8,166.5,192.5,27.04,5.03
1990-10-20 10:00:00+00:00,270.8,255.65,129.9,27.15,4.28
1990-10-20 11:00:00+00:00,93.35,105.96,58.55,27.33,4.28
1990-10-20 12:00:00+00:00,3.1,1.84,2.95,26.71,4.41
1990-10-20 13:00:00+00:00,0.0,0.0,0.0,26.26,3.93
1990-10-20 14:00:00+00:00,0.0,0.0,0.0,26.15,3.79
1990-10-20 15:00:00+00:00,0.0,0.0,0.0,26.1,3.66
1990-10-20 16:00:00+00:00,0.0,0.0,0.0,26.08,3.79
1990-10-20 17:00:00+00:00,0.0,0.0,0.0,25.98,4.14
1990-10-20 18:00:00+00:00,0.0,0.0,0.0,25.94,3.66
1990-10-20 19:00:00+00:00,0.0,0.0,0.0,26.17,2.9
1990-10-20 20:00:00+00:00,0.0,0.0,0.0,25.34,3.17
1990-10-20 21:00:00+00:00,0.0,0.0,0.0,25.0,2.9
1990-10-20 22:00:00+00:00,0.0,0.0,0.0,25.02,2.69
1990-10-20 23:00:00+00:00,0.0,0.0,0.0,25.13,2.83
1990-10-21 00:00:00+00:00,0.0,0.0,0.0,25.1,3.03
1990-10-21 01:00:00+00:00,99.7,299.2,63.55,25.13,2.97
1990-10-21 02:00:00+00:00,280.5,418.09,128.05,25.67,3.31
1990-10-21 03:00:00+00:00,402.85,313.78,220.3,26.69,2.9
1990-10-21 04:00:00+00:00,521.6,364.03,245.85,27.66,3.17
1990-10-21 05:00:00+00:00,826.1,731.0,183.0,28.24,3.1
1990-10-21 06:00:00+00:00,825.5,533.26,324.1,29.08,3.38
1990-10-21 07:00:00+00:00,655.85,375.98,304.35,29.37,3.86
1990-10-21 08:00:00+00:00,552.15,436.93,174.65,29.2,4.07
1990-10-21 09:00:00+00:00,387.3,309.94,160.3,28.11,3.66
1990-10-21 10:00:00+00:00,200.3,165.72,109.3,28.01,3.38
1990-10-21 11:00:00+00:00,46.8,8.42,44.05,27.52,3.45
1990-10-21 12:00:00+00:00,2.25,0.0,2.25,26.88,2.9
1990-10-21 13:00:00+00:00,0.0,0.0,0.0,26.83,2.55
1990-10-21 14:00:00+00:00,0.0,0.0,0.0,26.73,2.41
1990-10-21 15:00:00+00:00,0.0,0.0,0.0,26.63,2.28
1990-10-21 16:00:00+00:00,0.0,0.0,0.0,26.54,2.28
1990-10-21 17:00:00+00:00,0.0,0.0,0.0,26.33,2.34
1990-10-21 18:00:00+00:00,0.0,0.0,0.0,26.11,2.28
1990-10-21 19:00:00+00:00,0.0,0.0,0.0,25.34,2.76
1990-10-21 20:00:00+00:00,0.0,0.0,0.0,25.29,2.62
1990-10-21 21:00:00+00:00,0.0,0.0,0.0,25.37,2.69
1990-10-21 22:00:00+00:00,0.0,0.0,0.0,25.34,2.83
1990-10-21 23:00:00+00:00,0.0,0.0,0.0,25.23,3.24
1990-10-22 00:00:00+00:00,0.0,0.0,0.0,25.21,3.66
1990-10-22 01:00:00+00:00,67.05,86.86,56.6,25.38,3.31
1990-10-22 02:00:00+00:00,214.7,176.06,150.65,25.84,2.69
1990-10-22 03:00:00+00:00,427.35,303.9,250.9,26.57,2.97
1990-10-22 04:00:00+00:00,457.5,333.8,205.15,27.02,3.38
1990-10-22 05:00:00+00:00,701.9,478.19,282.05,26.88,2.97
1990-10-22 06:00:00+00:00,740.15,415.65,350.15,27.48,3.59
1990-10-22 07:00:00+00:00,629.85,285.17,363.85,28.51,3.72
1990-10-22 08:00:00+00:00,369.1,100.66,282.35,27.96,3.66
1990-10-22 09:00:00+00:00,314.15,222.79,151.45,27.2,3.45
1990-10-22 10:00:00+00:00,210.65,157.47,124.5,26.86,4.0
1990-10-22 11:00:00+00:00,73.65,55.58,55.6,25.98,4.41
1990-10-22 12:00:00+00:00,2.25,0.0,2.25,25.8,3.72
1990-10-22 13:00:00+00:00,0.0,0.0,0.0,25.68,3.31
1990-10-22 14:00:00+00:00,0.0,0.0,0.0,25.56,3.38
1990-10-22 15:00:00+00:00,0.0,0.0,0.0,25.58,3.24
1990-10-22 16:00:00+00:00,0.0,0.0,0.0,25.55,3.79
1990-10-22 17:00:00+00:00,0.0,0.0,0.0,25.4,3.31
1990-10-22 18:00:00+00:00,0.0,0.0,0.0,25.5,2.83
1990-10-22 19:00:00+00:00,0.0,0.0,0.0,25.85,3.45
1990-10-22 20:00:00+00:00,0.0,0.0,0.0,25.82,3.1
1990-10-22 21:00:00+00:00,0.0,0.0,0.0,25.54,2.76
1990-10-22 22:00:00+00:00,0.0,0.0,0.0,24.99,3.24
1990-10-22 23:00:00+00:00,0.0,0.0,0.0,24.79,3.45
1990-10-23 00:00:00+00:00,0.0,0.0,0.0,25.1,3.1
1990-10-23 01:00:00+00:00,99.4,233.81,71.4,25.38,3.52
1990-10-23 02:00:00+00:00,270.4,324.47,152.65,25.65,3.66
1990-10-23 03:00:00+00:00,454.5,464.62,185.3,26.37,3.66
1990-10-23 04:00:00+00:00,554.9,385.57,264.0,27.1,3.59
1990-10-23 05:00:00+00:00,534.45,270.37,297.55,27.84,3.59
1990-10-23 06:00:00+00:00,580.95,334.72,267.55,26.96,4.28
1990-10-23 07:00:00+00:00,336.35,123.03,221.85,27.43,4.21
1990-10-23 08:00:00+00:00,518.9,337.27,228.95,26.96,4.21
1990-10-23 09:00:00+00:00,404.4,279.25,201.05,27.42,4.41
1990-10-23 10:00:00+00:00,198.6,177.29,101.95,26.85,4.21
1990-10-23 11:00:00+00:00,60.45,33.9,49.5,26.69,4.21
1990-10-23 12:00:00+00:00,2.65,0.65,2.6,26.4,3.93
1990-10-23 13:00:00+00:00,0.0,0.0,0.0,25.84,4.28
1990-10-23 14:00:00+00:00,0.0,0.0,0.0,25.55,3.93
1990-10-23 15:00:00+00:00,0.0,0.0,0.0,25.54,4.14
1990-10-23 16:00:00+00:00,0.0,0.0,0.0,25.16,4.41
1990-10-23 17:00:00+00:00,0.0,0.0,0.0,25.13,4.14
1990-10-23 18:00:00+00:00,0.0,0.0,0.0,25.44,4.41
1990-10-23 19:00:00+00:00,0.0,0.0,0.0,25.18,4.69
1990-10-23 20:00:00+00:00,0.0,0.0,0.0,25.21,4.76
1990-10-23 21:00:00+00:00,0.0,0.0,0.0,25.47,4.97
1990-10-23 22:00:00+00:00,0.0,0.0,0.0,25.37,5.1
1990-10-23 23:00:00+00:00,0.0,0.0,0.0,25.07,5.1
1990-10-24 00:00:00+00:00,0.0,0.0,0.0,25.48,4.48
1990-10-24 01:00:00+00:00,94.6,391.12,48.0,25.66,4.41
1990-10-24 02:00:00+00:00,281.0,441.9,121.05,26.06,3.79
1990-10-24 03:00:00+00:00,494.65,540.37,182.25,26.97,4.07
1990-10-24 04:00:00+00:00,522.85,343.67,264.1,27.78,4.28
1990-10-24 05:00:00+00:00,590.8,318.05,312.7,28.03,4.48
1990-10-24 06:00:00+00:00,574.55,202.24,385.6,28.08,4.0
1990-10-24 07:00:00+00:00,567.0,204.24,377.35,28.37,4.41
1990-10-24 08:00:00+00:00,232.55,55.1,185.3,28.11,4.55
1990-10-24 09:00:00+00:00,114.1,15.98,102.5,27.19,3.66
1990-10-24 10:00:00+00:00,131.15,62.22,97.35,27.06,3.03
1990-10-24 11:00:00+00:00,51.05,5.6,49.25,27.04,2.97
1990-10-24 12:00:00+00:00,2.25,0.0,2.25,26.13,3.24
1990-10-24 13:00:00+00:00,0.0,0.0,0.0,25.36,3.79
1990-10-24 14:00:00+00:00,0.0,0.0,0.0,25.04,3.86
1990-10-24 15:00:00+00:00,0.0,0.0,0.0,25.07,3.52
1990-10-24 16:00:00+00:00,0.0,0.0,0.0,24.69,3.38
1990-10-24 17:00:00+00:00,0.0,0.0,0.0,24.74,3.66
1990-10-24 18:00:00+00:00,0.0,0.0,0.0,24.73,3.52
1990-10-24 19:00:00+00:00,0.0,0.0,0.0,24.85,4.07
1990-10-24 20:00:00+00:00,0.0,0.0,0.0,24.83,4.76
1990-10-24 21:00:00+00:00,0.0,0.0,0.0,24.97,4.55
1990-10-24 22:00:00+00:00,0.0,0.0,0.0,24.83,4.48
1990-10-24 23:00:00+00:00,0.0,0.0,0.0,24.65,3.86
1990-10-25 00:00:00+00:00,0.0,0.0,0.0,24.74,3.1
1990-10-25 01:00:00+00:00,52.1,52.75,45.85,24.72,3.1
1990-10-25 02:00:00+00:00,97.35,25.63,88.1,25.01,2.97
1990-10-25 03:00:00+00:00,206.65,34.24,186.9,25.47,2.83
1990-10-25 04:00:00+00:00,370.7,144.82,261.9,25.83,2.69
1990-10-25 05:00:00+00:00,393.7,91.75,313.65,26.27,2.83
1990-10-25 06:00:00+00:00,259.7,54.65,208.75,26.76,3.24
1990-10-25 07:00:00+00:00,235.8,33.08,205.15,26.24,2.76
1990-10-25 08:00:00+00:00,175.15,3.27,172.35,26.46,1.86
1990-10-25 09:00:00+00:00,182.25,14.09,172.05,26.48,1.38
1990-10-25 10:00:00+00:00,166.6,31.77,149.4,26.52,1.17
1990-10-25 11:00:00+00:00,66.75,18.93,60.7,26.18,1.24
1990-10-25 12:00:00+00:00,3.0,0.0,3.0,26.07,0.55
1990-10-25 13:00:00+00:00,0.0,0.0,0.0,25.85,1.03
1990-10-25 14:00:00+00:00,0.0,0.0,0.0,25.66,1.31
1990-10-25 15:00:00+00:00,0.0,0.0,0.0,25.58,1.52
1990-10-25 16:00:00+00:00,0.0,0.0,0.0,25.45,1.79
1990-10-25 17:00:00+00:00,0.0,0.0,0.0,25.38,1.31
1990-10-25 18:00:00+00:00,0.0,0.0,0.0,25.0,0.83
1990-10-25 19:00:00+00:00,0.0,0.0,0.0,25.96,0.41
1990-10-25 20:00:00+00:00,0.0,0.0,0.0,25.67,0.21
1990-10-25 21:00:00+00:00,0.0,0.0,0.0,25.32,0.28
1990-10-25 22:00:00+00:00,0.0,0.0,0.0,24.71,0.55
1990-10-25 23:00:00+00:00,0.0,0.0,0.0,24.25,0.83
1990-10-26 00:00:00+00:00,0.0,0.0,0.0,24.02,0.9
1990-10-26 01:00:00+00:00,78.0,106.98,65.4,24.53,1.1
1990-10-26 02:00:00+00:00,203.35,149.48,149.55,25.26,1.1
1990-10-26 03:00:00+00:00,299.9,225.23,170.3,26.15,1.45
1990-10-26 04:00:00+00:00,412.9,220.98,247.25,26.88,1.86
1990-10-26 05:00:00+00:00,437.7,182.17,279.1,27.57,2.48
1990-10-26 06:00:00+00:00,426.05,104.06,329.25,28.05,3.24
1990-10-26 07:00:00+00:00,395.55,133.89,271.8,27.89,3.38
1990-10-26 08:00:00+00:00,361.25,146.32,236.4,27.87,3.66
1990-10-26 09:00:00+00:00,215.95,86.01,153.85,27.59,3.52
1990-10-26 10:00:00+00:00,196.75,95.47,145.25,27.44,3.24
1990-10-26 11:00:00+00:00,72.7,47.95,57.45,27.26,3.93
1990-10-26 12:00:00+00:00,2.55,0.69,2.5,26.87,4.28
1990-10-26 13:00:00+00:00,0.0,0.0,0.0,26.56,4.28
1990-10-26 14:00:00+00:00,0.0,0.0,0.0,26.54,4.48
1990-10-26 15:00:00+00:00,0.0,0.0,0.0,26.56,4.69
1990-10-26 16:00:00+00:00,0.0,0.0,0.0,26.49,4.76
1990-10-26 17:00:00+00:00,0.0,0.0,0.0,26.43,4.76
1990-10-26 18:00:00+00:00,0.0,0.0,0.0,26.37,4.62
1990-10-26 19:00:00+00:00,0.0,0.0,0.0,26.16,4.69
1990-10-26 20:00:00+00:00,0.0,0.0,0.0,26.26,5.31
1990-10-26 21:00:00+00:00,0.0,0.0,0.0,26.25,5.45
1990-10-26 22:00:00+00:00,0.0,0.0,0.0,26.22,5.59
1990-10-26 23:00:00+00:00,0.0,0.0,0.0,26.25,5.66
1990-10-27 00:00:00+00:00,0.0,0.0,0.0,26.2,5.59
1990-10-27 01:00:00+00:00,136.1,547.79,72.0,26.22,5.72
1990-10-27 02:00:00+00:00,360.55,667.62,121.0,26.66,6.14
1990-10-27 03:00:00+00:00,557.4,750.17,126.8,27.35,6.9
1990-10-27 04:00:00+00:00,715.85,732.24,168.2,27.98,7.17
1990-10-27 05:00:00+00:00,778.85,680.39,187.8,28.4,7.24
1990-10-27 06:00:00+00:00,783.7,573.04,251.85,28.64,7.45
1990-10-27 07:00:00+00:00,760.35,558.48,245.35,28.67,7.45
1990-10-27 08:00:00+00:00,573.0,442.45,196.4,28.45,7.38
1990-10-27 09:00:00+00:00,431.35,414.5,132.9,28.2,7.1
1990-10-27 10:00:00+00:00,254.45,299.17,93.6,27.88,7.1
1990-10-27 11:00:00+00:00,115.25,197.8,52.65,27.6,6.76
1990-10-27 12:00:00+00:00,3.65,4.89,3.3,27.2,5.93
1990-10-27 13:00:00+00:00,0.0,0.0,0.0,26.76,5.72
1990-10-27 14:00:00+00:00,0.0,0.0,0.0,26.54,5.86
1990-10-27 15:00:00+00:00,0.0,0.0,0.0,26.36,5.86
1990-10-27 16:00:00+00:00,0.0,0.0,0.0,26.26,6.07
1990-10-27 17:00:00+00:00,0.0,0.0,0.0,26.2,6.14
1990-10-27 18:00:00+00:00,0.0,0.0,0.0,26.13,6.28
1990-10-27 19:00:00+00:00,0.0,0.0,0.0,26.28,6.62
1990-10-27 20:00:00+00:00,0.0,0.0,0.0,26.01,6.28
1990-10-27 21:00:00+00:00,0.0,0.0,0.0,25.64,6.41
1990-10-27 22:00:00+00:00,0.0,0.0,0.0,25.56,5.93
1990-10-27 23:00:00+00:00,0.0,0.0,0.0,25.26,5.86
1990-10-28 00:00:00+00:00,0.0,0.0,0.0,25.27,5.79
1990-10-28 01:00:00+00:00,104.2,309.79,68.2,25.43,5.72
1990-10-28 02:00:00+00:00,235.65,257.37,143.6,25.8,6.07
1990-10-28 03:00:00+00:00,526.35,656.56,150.45,26.24,6.9
1990-10-28 04:00:00+00:00,709.95,639.27,232.95,27.07,7.31
1990-10-28 05:00:00+00:00,780.15,663.12,205.4,27.98,6.76
1990-10-28 06:00:00+00:00,718.0,532.22,225.15,28.28,6.76
1990-10-28 07:00:00+00:00,533.5,335.38,224.95,28.07,7.1
1990-10-28 08:00:00+00:00,705.3,658.73,146.0,28.12,6.76
1990-10-28 09:00:00+00:00,439.2,372.33,171.85,28.48,6.55
1990-10-28 10:00:00+00:00,319.55,419.22,94.9,27.87,6.41
1990-10-28 11:00:00+00:00,104.3,178.43,48.1,27.74,6.28
1990-10-28 12:00:00+00:00,3.0,7.81,2.45,27.25,5.52
1990-10-28 13:00:00+00:00,0.0,0.0,0.0,26.8,5.17
1990-10-28 14:00:00+00:00,0.0,0.0,0.0,26.6,5.24
1990-10-28 15:00:00+00:00,0.0,0.0,0.0,26.21,5.66
1990-10-28 16:00:00+00:00,0.0,0.0,0.0,26.12,5.59
1990-10-28 17:00:00+00:00,0.0,0.0,0.0,26.1,6.21
1990-10-28 18:00:00+00:00,0.0,0.0,0.0,26.0,6.28
1990-10-28 19:00:00+00:00,0.0,0.0,0.0,25.99,6.07
1990-10-28 20:00:00+00:00,0.0,0.0,0.0,25.65,6.07
1990-10-28 21:00:00+00:00,0.0,0.0,0.0,25.66,5.79
1990-10-28 22:00:00+00:00,0.0,0.0,0.0,25.49,5.59
1990-10-28 23:00:00+00:00,0.0,0.0,0.0,25.48,6.14
1990-10-29 00:00:00+00:00,0.0,0.0,0.0,25.35,5.72
1990-10-29 01:00:00+00:00,111.2,375.38,67.9,25.45,5.66
1990-10-29 02:00:00+00:00,272.75,441.98,115.2,25.93,5.86
1990-10-29 03:00:00+00:00,547.9,743.77,123.2,26.58,5.93
1990-10-29 04:00:00+00:00,642.65,530.98,247.4,27.53,6.14
1990-10-29 05:00:00+00:00,699.9,499.45,268.0,28.08,6.28
1990-10-29 06:00:00+00:00,861.65,689.35,224.75,28.46,6.41
1990-10-29 07:00:00+00:00,798.2,639.76,211.0,28.95,6.41
1990-10-29 08:00:00+00:00,715.9,635.21,177.9,28.94,6.34
1990-10-29 09:00:00+00:00,576.15,638.68,118.8,28.72,6.28
1990-10-29 10:00:00+00:00,347.45,483.2,89.35,28.37,6.21
1990-10-29 11:00:00+00:00,115.25,162.5,64.3,27.86,5.72
1990-10-29 12:00:00+00:00,3.4,3.61,3.15,27.31,4.97
1990-10-29 13:00:00+00:00,0.0,0.0,0.0,26.84,4.62
1990-10-29 14:00:00+00:00,0.0,0.0,0.0,26.67,4.62
1990-10-29 15:00:00+00:00,0.0,0.0,0.0,26.56,4.62
1990-10-29 16:00:00+00:00,0.0,0.0,0.0,26.48,4.69
1990-10-29 17:00:00+00:00,0.0,0.0,0.0,26.49,4.83
1990-10-29 18:00:00+00:00,0.0,0.0,0.0,26.49,4.9
1990-10-29 19:00:00+00:00,0.0,0.0,0.0,26.43,5.24
1990-10-29 20:00:00+00:00,0.0,0.0,0.0,26.41,5.38
1990-10-29 21:00:00+00:00,0.0,0.0,0.0,26.44,5.45
1990-10-29 22:00:00+00:00,0.0,0.0,0.0,26.33,5.38
1990-10-29 23:00:00+00:00,0.0,0.0,0.0,26.04,4.9
1990-10-30 00:00:00+00:00,0.0,0.0,0.0,25.9,4.69
1990-10-30 01:00:00+00:00,138.65,657.97,63.35,26.06,4.69
1990-10-30 02:00:00+00:00,269.65,489.01,95.95,26.75,4.55
1990-10-30 03:00:00+00:00,494.35,605.76,149.4,27.29,5.03
1990-10-30 04:00:00+00:00,614.65,618.14,155.65,28.02,5.31
1990-10-30 05:00:00+00:00,709.95,566.46,221.25,28.38,5.38
1990-10-30 06:00:00+00:00,804.4,702.33,157.0,28.71,5.24
1990-10-30 07:00:00+00:00,804.9,641.42,217.55,28.98,5.59
1990-10-30 08:00:00+00:00,709.2,626.71,179.7,29.0,5.79
1990-10-30 09:00:00+00:00,532.5,528.44,155.1,28.84,6.0
1990-10-30 10:00:00+00:00,286.1,306.78,122.75,28.46,6.28
1990-10-30 11:00:00+00:00,104.6,140.8,60.65,27.91,6.14
1990-10-30 12:00:00+00:00,2.95,5.13,2.6,27.36,5.24
1990-10-30 13:00:00+00:00,0.0,0.0,0.0,26.98,4.9
1990-10-30 14:00:00+00:00,0.0,0.0,0.0,26.76,4.76
1990-10-30 15:00:00+00:00,0.0,0.0,0.0,26.66,4.69
1990-10-30 16:00:00+00:00,0.0,0.0,0.0,26.57,4.55
1990-10-30 17:00:00+00:00,0.0,0.0,0.0,26.46,4.55
1990-10-30 18:00:00+00:00,0.0,0.0,0.0,26.4,4.69
1990-10-30 19:00:00+00:00,0.0,0.0,0.0,26.3,4.41
1990-10-30 20:00:00+00:00,0.0,0.0,0.0,26.23,4.55
1990-10-30 21:00:00+00:00,0.0,0.0,0.0,26.07,4.69
1990-10-30 22:00:00+00:00,0.0,0.0,0.0,26.03,4.69
1990-10-30 23:00:00+00:00,0.0,0.0,0.0,25.94,4.62
1990-10-31 00:00:00+00:00,0.0,0.0,0.0,25.95,4.62
1990-10-31 01:00:00+00:00,130.9,389.91,86.65,26.02,4.55
1990-10-31 02:00:00+00:00,354.65,624.31,133.7,26.52,4.83
1990-10-31 03:00:00+00:00,446.45,405.4,216.25,27.64,5.66
1990-10-31 04:00:00+00:00,650.6,547.87,244.8,28.3,5.66
1990-10-31 05:00:00+00:00,625.05,380.28,297.75,28.78,5.72
1990-10-31 06:00:00+00:00,689.65,493.4,235.9,28.82,5.59
1990-10-31 07:00:00+00:00,589.15,389.96,232.9,29.08,5.24
1990-10-31 08:00:00+00:00,556.6,465.75,164.05,28.9,5.45
1990-10-31 09:00:00+00:00,470.1,471.79,134.05,28.82,5.52
1990-10-31 10:00:00+00:00,263.7,292.38,108.5,28.68,5.38
1990-10-31 11:00:00+00:00,94.9,166.5,43.15,28.21,4.97
1990-10-31 12:00:00+00:00,2.45,5.95,2.05,27.57,4.48
1990-10-31 13:00:00+00:00,0.0,0.0,0.0,26.97,4.41
1990-10-31 14:00:00+00:00,0.0,0.0,0.0,26.36,4.48
1990-10-31 15:00:00+00:00,0.0,0.0,0.0,25.85,4.62
1990-10-31 16:00:00+00:00,0.0,0.0,0.0,24.1,4.11
1990-10-31 17:00:00+00:00,0.0,0.0,0.0,24.37,4.14
1990-10-31 18:00:00+00:00,0.0,0.0,0.0,24.64,4.17
1990-10-31 19:00:00+00:00,0.0,0.0,0.0,24.92,4.2
1990-10-31 20:00:00+00:00,0.0,0.0,0.0,25.19,4.23
1990-10-31 21:00:00+00:00,0.0,0.0,0.0,25.46,4.25
1990-10-31 22:00:00+00:00,0.0,0.0,0.0,25.73,4.28
1990-10-31 23:00:00+00:00,0.0,0.0,0.0,26.01,4.31
1990-11-01 00:00:00+00:00,0.0,0.0,0.0,26.28,4.34
1990-11-01 01:00:00+00:00,137.45,631.21,66.45,26.55,4.37
1990-11-01 02:00:00+00:00,321.8,581.45,116.8,26.82,4.39
1990-11-01 03:00:00+00:00,533.95,628.59,178.05,27.09,4.42
1990-11-01 04:00:00+00:00,694.65,671.23,198.75,27.37,4.45
1990-11-01 05:00:00+00:00,690.35,454.74,299.9,27.64,4.48
1990-11-01 06:00:00+00:00,845.7,690.41,212.25,27.91,4.5
1990-11-01 07:00:00+00:00,579.1,443.38,175.0,28.18,4.53
1990-11-01 08:00:00+00:00,543.4,425.79,185.4,27.81,4.48
1990-11-01 09:00:00+00:00,308.75,254.28,128.1,28.35,4.14
1990-11-01 10:00:00+00:00,153.85,106.0,97.75,26.91,3.93
1990-11-01 11:00:00+00:00,53.15,55.73,35.9,26.21,3.03
1990-11-01 12:00:00+00:00,1.7,2.26,1.55,25.86,2.21
1990-11-01 13:00:00+00:00,0.0,0.0,0.0,25.4,2.69
1990-11-01 14:00:00+00:00,0.0,0.0,0.0,25.2,2.41
1990-11-01 15:00:00+00:00,0.0,0.0,0.0,25.18,2.28
1990-11-01 16:00:00+00:00,0.0,0.0,0.0,25.22,2.21
1990-11-01 17:00:00+00:00,0.0,0.0,0.0,25.08,2.69
1990-11-01 18:00:00+00:00,0.0,0.0,0.0,24.75,2.28
1990-11-01 19:00:00+00:00,0.0,0.0,0.0,24.74,2.76
1990-11-01 20:00:00+00:00,0.0,0.0,0.0,24.48,2.76
1990-11-01 21:00:00+00:00,0.0,0.0,0.0,24.6,2.34
1990-11-01 22:00:00+00:00,0.0,0.0,0.0,24.64,1.59
1990-11-01 23:00:00+00:00,0.0,0.0,0.0,24.66,1.93
1990-11-02 00:00:00+00:00,0.0,0.0,0.0,24.63,2.28
1990-11-02 01:00:00+00:00,121.5,467.11,69.45,24.65,2.34
1990-11-02 02:00:00+00:00,336.25,580.77,132.3,25.25,2.41
1990-11-02 03:00:00+00:00,492.05,553.59,179.55,26.22,2.34
1990-11-02 04:00:00+00:00,633.75,567.95,215.25,27.35,1.59
1990-11-02 05:00:00+00:00,769.85,615.8,242.4,28.09,0.62
1990-11-02 06:00:00+00:00,495.25,274.38,244.1,28.91,1.72
1990-11-02 07:00:00+00:00,631.85,526.13,153.45,28.14,2.21
1990-11-02 08:00:00+00:00,470.85,308.78,211.85,28.18,2.41
1990-11-02 09:00:00+00:00,293.3,162.57,178.1,28.04,2.48
1990-11-02 10:00:00+00:00,255.3,237.55,129.95,27.59,2.07
1990-11-02 11:00:00+00:00,75.3,60.82,56.55,27.42,1.93
1990-11-02 12:00:00+00:00,1.85,1.53,1.75,26.86,1.17
1990-11-02 13:00:00+00:00,0.0,0.0,0.0,25.86,0.69
1990-11-02 14:00:00+00:00,0.0,0.0,0.0,25.62,0.9
1990-11-02 15:00:00+00:00,0.0,0.0,0.0,25.3,1.1
1990-11-02 16:00:00+00:00,0.0,0.0,0.0,24.99,1.45
1990-11-02 17:00:00+00:00,0.0,0.0,0.0,24.95,1.59
1990-11-02 18:00:00+00:00,0.0,0.0,0.0,24.91,1.66
1990-11-02 19:00:00+00:00,0.0,0.0,0.0,24.73,1.38
1990-11-02 20:00:00+00:00,0.0,0.0,0.0,24.61,1.52
1990-11-02 21:00:00+00:00,0.0,0.0,0.0,24.54,1.59
1990-11-02 22:00:00+00:00,0.0,0.0,0.0,24.48,1.79
1990-11-02 23:00:00+00:00,0.0,0.0,0.0,24.46,1.66
1990-11-03 00:00:00+00:00,0.0,0.0,0.0,24.49,1.52
1990-11-03 01:00:00+00:00,101.1,432.33,53.4,24.6,1.52
1990-11-03 02:00:00+00:00,302.85,508.11,125.15,25.14,1.59
1990-11-03 03:00:00+00:00,386.25,345.71,191.7,26.18,1.31
1990-11-03 04:00:00+00:00,505.6,324.6,267.05,27.02,1.17
1990-11-03 05:00:00+00:00,487.05,232.03,288.8,27.97,1.45
1990-11-03 06:00:00+00:00,300.75,44.46,260.15,28.46,1.66
1990-11-03 07:00:00+00:00,241.7,50.82,195.6,27.85,1.1
1990-11-03 08:00:00+00:00,185.1,29.16,160.7,27.79,1.31
1990-11-03 09:00:00+00:00,159.4,29.5,138.55,27.64,1.17
1990-11-03 10:00:00+00:00,125.6,40.19,104.45,27.53,1.24
1990-11-03 11:00:00+00:00,61.95,57.63,44.25,27.39,1.24
1990-11-03 12:00:00+00:00,2.2,1.55,2.1,27.15,1.1
1990-11-03 13:00:00+00:00,0.0,0.0,0.0,26.58,1.1
1990-11-03 14:00:00+00:00,0.0,0.0,0.0,26.07,0.9
1990-11-03 15:00:00+00:00,0.0,0.0,0.0,25.89,0.9
1990-11-03 16:00:00+00:00,0.0,0.0,0.0,25.72,0.97
1990-11-03 17:00:00+00:00,0.0,0.0,0.0,25.53,0.97
1990-11-03 18:00:00+00:00,0.0,0.0,0.0,25.31,1.03
1990-11-03 19:00:00+00:00,0.0,0.0,0.0,25.6,1.52
1990-11-03 20:00:00+00:00,0.0,0.0,0.0,25.54,1.38
1990-11-03 21:00:00+00:00,0.0,0.0,0.0,25.42,1.45
1990-11-03 22:00:00+00:00,0.0,0.0,0.0,25.38,1.59
1990-11-03 23:00:00+00:00,0.0,0.0,0.0,25.32,1.66
1990-11-04 00:00:00+00:00,0.0,0.0,0.0,25.33,1.86
1990-11-04 01:00:00+00:00,156.85,891.59,59.5,25.55,2.0
1990-11-04 02:00:00+00:00,354.35,741.14,96.25,26.29,2.48
1990-11-04 03:00:00+00:00,500.4,622.21,151.35,27.13,2.97
1990-11-04 04:00:00+00:00,685.15,718.72,158.4,28.01,3.1
1990-11-04 05:00:00+00:00,677.3,608.84,158.4,28.97,3.17
1990-11-04 06:00:00+00:00,776.75,696.66,142.1,29.4,3.17
1990-11-04 07:00:00+00:00,758.0,647.32,172.15,29.56,1.45
1990-11-04 08:00:00+00:00,334.25,168.66,193.45,29.75,2.14
1990-11-04 09:00:00+00:00,392.55,301.09,180.25,28.07,2.41
1990-11-04 10:00:00+00:00,175.3,133.78,105.1,28.22,1.93
1990-11-04 11:00:00+00:00,65.4,39.54,53.3,27.99,1.1
1990-11-04 12:00:00+00:00,1.6,0.0,1.6,26.94,1.52
1990-11-04 13:00:00+00:00,0.0,0.0,0.0,25.47,2.14
1990-11-04 14:00:00+00:00,0.0,0.0,0.0,25.04,2.21
1990-11-04 15:00:00+00:00,0.0,0.0,0.0,24.88,1.86
1990-11-04 16:00:00+00:00,0.0,0.0,0.0,24.78,1.59
1990-11-04 17:00:00+00:00,0.0,0.0,0.0,24.69,1.17
1990-11-04 18:00:00+00:00,0.0,0.0,0.0,24.27,0.69
1990-11-04 19:00:00+00:00,0.0,0.0,0.0,24.5,1.31
1990-11-04 20:00:00+00:00,0.0,0.0,0.0,24.58,1.72
1990-11-04 21:00:00+00:00,0.0,0.0,0.0,24.64,1.66
1990-11-04 22:00:00+00:00,0.0,0.0,0.0,24.58,1.72
1990-11-04 23:00:00+00:00,0.0,0.0,0.0,24.54,1.86
1990-11-05 00:00:00+00:00,0.0,0.0,0.0,24.48,1.93
1990-11-05 01:00:00+00:00,163.3,991.24,56.25,24.46,1.79
1990-11-05 02:00:00+00:00,372.3,755.23,110.45,25.22,1.52
1990-11-05 03:00:00+00:00,525.1,682.98,143.2,26.34,1.72
1990-11-05 04:00:00+00:00,678.3,686.5,176.55,27.28,1.72
1990-11-05 05:00:00+00:00,783.7,708.06,181.75,28.17,1.93
1990-11-05 06:00:00+00:00,441.95,219.13,242.8,28.82,2.21
1990-11-05 07:00:00+00:00,434.6,225.16,231.3,28.0,2.28
1990-11-05 08:00:00+00:00,432.15,348.68,141.75,28.04,1.93
1990-11-05 09:00:00+00:00,144.25,46.28,111.7,28.11,2.0
1990-11-05 10:00:00+00:00,181.9,151.33,102.7,27.75,2.07
1990-11-05 11:00:00+00:00,54.35,64.91,34.55,27.49,2.48
1990-11-05 12:00:00+00:00,1.4,0.0,1.4,26.98,1.93
1990-11-05 13:00:00+00:00,0.0,0.0,0.0,26.66,1.86
1990-11-05 14:00:00+00:00,0.0,0.0,0.0,26.36,2.14
1990-11-05 15:00:00+00:00,0.0,0.0,0.0,26.12,1.93
1990-11-05 16:00:00+00:00,0.0,0.0,0.0,26.04,1.72
1990-11-05 17:00:00+00:00,0.0,0.0,0.0,25.89,1.86
1990-11-05 18:00:00+00:00,0.0,0.0,0.0,25.49,1.79
1990-11-05 19:00:00+00:00,0.0,0.0,0.0,25.27,1.93
1990-11-05 20:00:00+00:00,0.0,0.0,0.0,25.1,1.66
1990-11-05 21:00:00+00:00,0.0,0.0,0.0,24.72,1.52
1990-11-05 22:00:00+00:00,0.0,0.0,0.0,24.66,1.86
1990-11-05 23:00:00+00:00,0.0,0.0,0.0,24.72,2.07
1990-11-06 00:00:00+00:00,0.0,0.0,0.0,24.77,2.07
1990-11-06 01:00:00+00:00,105.25,309.1,72.25,24.75,2.14
1990-11-06 02:00:00+00:00,292.7,458.94,134.3,25.3,2.55
1990-11-06 03:00:00+00:00,363.4,340.74,173.5,26.38,3.17
1990-11-06 04:00:00+00:00,607.35,441.81,285.35,27.16,3.38
1990-11-06 05:00:00+00:00,466.9,267.17,240.35,28.06,3.17
1990-11-06 06:00:00+00:00,501.3,329.57,202.5,28.29,2.9
1990-11-06 07:00:00+00:00,235.85,66.77,175.7,27.69,2.62
1990-11-06 08:00:00+00:00,289.65,61.26,238.75,26.33,3.31
1990-11-06 09:00:00+00:00,116.35,32.35,93.65,26.7,3.72
1990-11-06 10:00:00+00:00,114.2,29.69,98.7,26.4,2.9
1990-11-06 11:00:00+00:00,39.7,3.29,38.7,26.35,1.86
1990-11-06 12:00:00+00:00,1.0,0.0,1.0,25.84,2.34
1990-11-06 13:00:00+00:00,0.0,0.0,0.0,25.32,2.21
1990-11-06 14:00:00+00:00,0.0,0.0,0.0,25.22,2.07
1990-11-06 15:00:00+00:00,0.0,0.0,0.0,24.99,2.21
1990-11-06 16:00:00+00:00,0.0,0.0,0.0,25.03,2.0
1990-11-06 17:00:00+00:00,0.0,0.0,0.0,25.11,2.07
1990-11-06 18:00:00+00:00,0.0,0.0,0.0,25.08,2.07
1990-11-06 19:00:00+00:00,0.0,0.0,0.0,24.65,1.45
1990-11-06 20:00:00+00:00,0.0,0.0,0.0,24.52,1.52
1990-11-06 21:00:00+00:00,0.0,0.0,0.0,24.48,1.79
1990-11-06 22:00:00+00:00,0.0,0.0,0.0,24.44,2.21
1990-11-06 23:00:00+00:00,0.0,0.0,0.0,24.41,1.93
1990-11-07 00:00:00+00:00,0.0,0.0,0.0,24.46,1.79
1990-11-07 01:00:00+00:00,120.1,574.51,59.5,24.62,2.0
1990-11-07 02:00:00+00:00,286.2,514.5,109.45,25.28,2.07
1990-11-07 03:00:00+00:00,464.05,500.51,186.05,26.19,2.41
1990-11-07 04:00:00+00:00,510.45,360.65,248.35,27.29,2.55
1990-11-07 05:00:00+00:00,624.85,482.8,216.5,28.03,2.83
1990-11-07 06:00:00+00:00,504.15,297.3,235.25,28.46,2.62
1990-11-07 07:00:00+00:00,643.85,434.49,253.35,28.62,3.59
1990-11-07 08:00:00+00:00,559.05,405.4,222.95,28.87,3.59
1990-11-07 09:00:00+00:00,262.95,164.04,148.1,27.49,3.72
1990-11-07 10:00:00+00:00,130.2,83.54,86.7,27.16,3.52
1990-11-07 11:00:00+00:00,59.45,70.76,38.0,26.75,2.14
1990-11-07 12:00:00+00:00,1.85,0.8,1.8,26.44,1.86
1990-11-07 13:00:00+00:00,0.0,0.0,0.0,26.19,2.21
1990-11-07 14:00:00+00:00,0.0,0.0,0.0,25.48,2.9
1990-11-07 15:00:00+00:00,0.0,0.0,0.0,25.31,2.55
1990-11-07 16:00:00+00:00,0.0,0.0,0.0,25.25,1.93
1990-11-07 17:00:00+00:00,0.0,0.0,0.0,25.18,1.72
1990-11-07 18:00:00+00:00,0.0,0.0,0.0,25.05,1.38
1990-11-07 19:00:00+00:00,0.0,0.0,0.0,24.46,1.1
1990-11-07 20:00:00+00:00,0.0,0.0,0.0,24.39,1.45
1990-11-07 21:00:00+00:00,0.0,0.0,0.0,24.29,1.1
1990-11-07 22:00:00+00:00,0.0,0.0,0.0,24.32,1.17
1990-11-07 23:00:00+00:00,0.0,0.0,0.0,24.42,1.45
1990-11-08 00:00:00+00:00,0.0,0.0,0.0,24.68,2.07
1990-11-08 01:00:00+00:00,87.55,178.09,69.0,24.73,2.62
1990-11-08 02:00:00+00:00,127.0,43.44,112.15,25.11,3.1
1990-11-08 03:00:00+00:00,134.2,22.13,121.95,25.43,3.1
1990-11-08 04:00:00+00:00,250.45,72.52,197.9,25.7,2.41
1990-11-08 05:00:00+00:00,150.7,6.1,145.55,26.07,2.0
1990-11-08 06:00:00+00:00,266.2,11.3,256.0,25.44,2.34
1990-11-08 07:00:00+00:00,189.5,10.82,179.8,26.07,3.66
1990-11-08 08:00:00+00:00,88.8,0.0,88.8,25.78,3.59
1990-11-08 09:00:00+00:00,136.6,5.08,133.05,25.62,3.66
1990-11-08 10:00:00+00:00,81.95,3.46,80.15,25.89,3.52
1990-11-08 11:00:00+00:00,20.85,0.0,20.85,26.01,2.76
1990-11-08 12:00:00+00:00,0.8,0.0,0.8,25.94,2.21
1990-11-08 13:00:00+00:00,0.0,0.0,0.0,25.73,1.45
1990-11-08 14:00:00+00:00,0.0,0.0,0.0,25.59,1.86
1990-11-08 15:00:00+00:00,0.0,0.0,0.0,25.44,2.28
1990-11-08 16:00:00+00:00,0.0,0.0,0.0,25.48,2.62
1990-11-08 17:00:00+00:00,0.0,0.0,0.0,25.28,3.1
1990-11-08 18:00:00+00:00,0.0,0.0,0.0,24.9,2.9
1990-11-08 19:00:00+00:00,0.0,0.0,0.0,24.91,2.14
1990-11-08 20:00:00+00:00,0.0,0.0,0.0,24.97,2.0
1990-11-08 21:00:00+00:00,0.0,0.0,0.0,25.04,2.07
1990-11-08 22:00:00+00:00,0.0,0.0,0.0,25.05,2.55
1990-11-08 23:00:00+00:00,0.0,0.0,0.0,25.05,3.17
1990-11-09 00:00:00+00:00,0.0,0.0,0.0,25.13,3.1
1990-11-09 01:00:00+00:00,52.25,117.71,40.15,25.23,3.17
1990-11-09 02:00:00+00:00,157.05,98.03,123.7,25.63,3.59
1990-11-09 03:00:00+00:00,269.1,147.76,187.6,26.24,4.07
1990-11-09 04:00:00+00:00,424.2,209.4,272.9,26.81,4.55
1990-11-09 05:00:00+00:00,420.5,155.99,289.25,27.43,4.9
1990-11-09 06:00:00+00:00,572.2,264.74,333.9,27.52,5.17
1990-11-09 07:00:00+00:00,588.5,265.86,350.65,28.12,5.86
1990-11-09 08:00:00+00:00,378.05,139.27,263.1,28.4,6.14
1990-11-09 09:00:00+00:00,292.25,147.41,189.5,28.04,6.14
1990-11-09 10:00:00+00:00,165.95,95.98,116.2,27.72,6.07
1990-11-09 11:00:00+00:00,64.4,65.34,44.7,27.45,5.66
1990-11-09 12:00:00+00:00,1.05,0.0,1.05,27.2,5.1
1990-11-09 13:00:00+00:00,0.0,0.0,0.0,26.99,4.76
1990-11-09 14:00:00+00:00,0.0,0.0,0.0,26.77,4.76
1990-11-09 15:00:00+00:00,0.0,0.0,0.0,26.4,4.69
1990-11-09 16:00:00+00:00,0.0,0.0,0.0,26.23,4.28
1990-11-09 17:00:00+00:00,0.0,0.0,0.0,26.15,4.14
1990-11-09 18:00:00+00:00,0.0,0.0,0.0,26.14,4.21
1990-11-09 19:00:00+00:00,0.0,0.0,0.0,25.97,4.34
1990-11-09 20:00:00+00:00,0.0,0.0,0.0,26.2,4.76
1990-11-09 21:00:00+00:00,0.0,0.0,0.0,25.49,5.38
1990-11-09 22:00:00+00:00,0.0,0.0,0.0,25.1,4.97
1990-11-09 23:00:00+00:00,0.0,0.0,0.0,24.86,4.41
1990-11-10 00:00:00+00:00,0.0,0.0,0.0,25.02,4.41
1990-11-10 01:00:00+00:00,52.3,39.95,48.25,24.88,4.34
1990-11-10 02:00:00+00:00,137.65,87.45,108.05,25.23,4.14
1990-11-10 03:00:00+00:00,351.05,224.26,227.8,25.48,4.21
1990-11-10 04:00:00+00:00,508.35,402.08,218.7,26.48,4.62
1990-11-10 05:00:00+00:00,507.95,309.22,248.45,26.86,5.31
1990-11-10 06:00:00+00:00,685.75,511.33,226.6,27.11,5.59
1990-11-10 07:00:00+00:00,591.75,327.29,299.6,27.84,5.79
1990-11-10 08:00:00+00:00,322.4,193.6,162.95,27.77,5.66
1990-11-10 09:00:00+00:00,423.2,401.63,143.85,28.07,6.0
1990-11-10 10:00:00+00:00,247.7,219.54,134.15,28.41,6.0
1990-11-10 11:00:00+00:00,54.8,34.91,44.3,28.11,5.17
1990-11-10 12:00:00+00:00,2.0,0.82,1.95,27.59,4.28
1990-11-10 13:00:00+00:00,0.0,0.0,0.0,27.21,3.86
1990-11-10 14:00:00+00:00,0.0,0.0,0.0,26.93,3.79
1990-11-10 15:00:00+00:00,0.0,0.0,0.0,26.7,3.66
1990-11-10 16:00:00+00:00,0.0,0.0,0.0,26.4,3.66
1990-11-10 17:00:00+00:00,0.0,0.0,0.0,26.15,3.66
1990-11-10 18:00:00+00:00,0.0,0.0,0.0,25.98,3.59
1990-11-10 19:00:00+00:00,0.0,0.0,0.0,26.06,3.52
1990-11-10 20:00:00+00:00,0.0,0.0,0.0,25.95,3.59
1990-11-10 21:00:00+00:00,0.0,0.0,0.0,25.65,3.24
1990-11-10 22:00:00+00:00,0.0,0.0,0.0,25.64,2.9
1990-11-10 23:00:00+00:00,0.0,0.0,0.0,25.47,3.17
1990-11-11 00:00:00+00:00,0.0,0.0,0.0,25.11,3.31
1990-11-11 01:00:00+00:00,84.3,180.11,66.3,25.01,3.52
1990-11-11 02:00:00+00:00,254.3,296.85,154.35,25.25,3.86
1990-11-11 03:00:00+00:00,406.2,265.62,260.75,25.95,4.28
1990-11-11 04:00:00+00:00,472.85,264.68,282.75,27.14,4.48
1990-11-11 05:00:00+00:00,565.3,271.98,337.65,27.74,4.83
1990-11-11 06:00:00+00:00,692.25,547.11,202.15,27.93,5.1
1990-11-11 07:00:00+00:00,498.35,290.13,239.95,28.46,3.86
1990-11-11 08:00:00+00:00,411.9,221.46,229.9,28.05,3.79
1990-11-11 09:00:00+00:00,318.8,242.54,150.45,27.73,3.79
1990-11-11 10:00:00+00:00,177.35,152.77,98.5,27.85,3.66
1990-11-11 11:00:00+00:00,68.0,68.15,47.55,27.43,3.24
1990-11-11 12:00:00+00:00,1.55,0.0,1.55,27.04,2.62
1990-11-11 13:00:00+00:00,0.0,0.0,0.0,26.74,2.41
1990-11-11 14:00:00+00:00,0.0,0.0,0.0,26.54,2.48
1990-11-11 15:00:00+00:00,0.0,0.0,0.0,26.26,2.48
1990-11-11 16:00:00+00:00,0.0,0.0,0.0,26.02,2.21
1990-11-11 17:00:00+00:00,0.0,0.0,0.0,25.91,2.07
1990-11-11 18:00:00+00:00,0.0,0.0,0.0,25.76,2.0
1990-11-11 19:00:00+00:00,0.0,0.0,0.0,25.75,1.86
1990-11-11 20:00:00+00:00,0.0,0.0,0.0,25.59,1.93
1990-11-11 21:00:00+00:00,0.0,0.0,0.0,25.36,2.21
1990-11-11 22:00:00+00:00,0.0,0.0,0.0,25.31,2.21
1990-11-11 23:00:00+00:00,0.0,0.0,0.0,25.19,2.07
1990-11-12 00:00:00+00:00,0.0,0.0,0.0,25.1,1.93
1990-11-12 01:00:00+00:00,132.7,785.13,55.4,24.92,1.17
1990-11-12 02:00:00+00:00,344.65,726.93,101.2,25.72,0.97
1990-11-12 03:00:00+00:00,522.95,719.36,130.5,26.84,1.17
1990-11-12 04:00:00+00:00,638.45,647.23,175.0,27.81,1.52
1990-11-12 05:00:00+00:00,614.8,466.89,225.05,28.32,2.07
1990-11-12 06:00:00+00:00,669.1,534.16,191.75,28.63,2.34
1990-11-12 07:00:00+00:00,637.55,530.75,165.9,28.18,2.83
1990-11-12 08:00:00+00:00,558.9,492.01,155.4,28.18,2.62
1990-11-12 09:00:00+00:00,461.95,462.96,141.25,28.29,2.48
1990-11-12 10:00:00+00:00,199.35,206.25,93.1,28.23,2.41
1990-11-12 11:00:00+00:00,50.9,47.08,36.8,27.4,1.52
1990-11-12 12:00:00+00:00,1.45,0.0,1.45,26.88,1.45
1990-11-12 13:00:00+00:00,0.0,0.0,0.0,26.21,1.1
1990-11-12 14:00:00+00:00,0.0,0.0,0.0,26.06,0.97
1990-11-12 15:00:00+00:00,0.0,0.0,0.0,25.82,0.97
1990-11-12 16:00:00+00:00,0.0,0.0,0.0,25.85,1.1
1990-11-12 17:00:00+00:00,0.0,0.0,0.0,25.45,1.45
1990-11-12 18:00:00+00:00,0.0,0.0,0.0,24.96,0.97
1990-11-12 19:00:00+00:00,0.0,0.0,0.0,24.66,1.24
1990-11-12 20:00:00+00:00,0.0,0.0,0.0,24.36,0.9
1990-11-12 21:00:00+00:00,0.0,0.0,0.0,24.18,0.34
1990-11-12 22:00:00+00:00,0.0,0.0,0.0,24.09,0.69
1990-11-12 23:00:00+00:00,0.0,0.0,0.0,24.27,1.1
1990-11-13 00:00:00+00:00,0.0,0.0,0.0,24.36,1.59
1990-11-13 01:00:00+00:00,85.9,209.43,65.6,24.34,2.0
1990-11-13 02:00:00+00:00,193.0,174.44,134.9,24.85,2.41
1990-11-13 03:00:00+00:00,300.55,251.34,163.95,25.58,2.76
1990-11-13 04:00:00+00:00,430.45,275.12,234.05,26.15,2.76
1990-11-13 05:00:00+00:00,599.25,386.03,277.85,27.0,2.83
1990-11-13 06:00:00+00:00,697.95,484.73,265.8,27.61,4.0
1990-11-13 07:00:00+00:00,446.5,206.05,263.8,27.58,2.55
1990-11-13 08:00:00+00:00,361.75,144.61,243.4,26.98,4.62
1990-11-13 09:00:00+00:00,125.0,19.45,111.55,26.7,5.31
1990-11-13 10:00:00+00:00,36.6,0.0,36.6,26.02,4.21
1990-11-13 11:00:00+00:00,37.75,17.73,32.45,25.66,3.31
1990-11-13 12:00:00+00:00,1.4,0.0,1.4,25.28,3.1
1990-11-13 13:00:00+00:00,0.0,0.0,0.0,25.33,2.21
1990-11-13 14:00:00+00:00,0.0,0.0,0.0,25.33,2.34
1990-11-13 15:00:00+00:00,0.0,0.0,0.0,25.14,2.41
1990-11-13 16:00:00+00:00,0.0,0.0,0.0,25.03,2.48
1990-11-13 17:00:00+00:00,0.0,0.0,0.0,24.88,3.03
1990-11-13 18:00:00+00:00,0.0,0.0,0.0,24.54,3.45
1990-11-13 19:00:00+00:00,0.0,0.0,0.0,24.56,3.1
1990-11-13 20:00:00+00:00,0.0,0.0,0.0,24.51,3.1
1990-11-13 21:00:00+00:00,0.0,0.0,0.0,24.46,3.45
1990-11-13 22:00:00+00:00,0.0,0.0,0.0,24.45,3.45
1990-11-13 23:00:00+00:00,0.0,0.0,0.0,24.36,3.45
1990-11-14 00:00:00+00:00,0.0,0.0,0.0,24.33,3.45
1990-11-14 01:00:00+00:00,26.25,0.0,26.25,24.45,3.45
1990-11-14 02:00:00+00:00,69.2,0.15,69.15,24.77,3.79
1990-11-14 03:00:00+00:00,90.4,0.18,90.3,25.25,4.41
1990-11-14 04:00:00+00:00,111.75,1.05,111.0,25.47,4.0
1990-11-14 05:00:00+00:00,148.65,1.99,147.0,25.63,4.07
1990-11-14 06:00:00+00:00,221.3,30.69,194.0,25.76,4.0
1990-11-14 07:00:00+00:00,254.4,18.54,238.0,25.48,5.38
1990-11-14 08:00:00+00:00,185.1,20.32,168.5,25.9,4.97
1990-11-14 09:00:00+00:00,117.8,2.75,115.9,26.04,4.97
1990-11-14 10:00:00+00:00,40.3,0.0,40.3,25.47,4.34
1990-11-14 11:00:00+00:00,14.7,0.0,14.7,25.06,3.59
1990-11-14 12:00:00+00:00,0.55,0.0,0.55,24.72,3.93
1990-11-14 13:00:00+00:00,0.0,0.0,0.0,24.65,3.59
1990-11-14 14:00:00+00:00,0.0,0.0,0.0,24.73,3.52
1990-11-14 15:00:00+00:00,0.0,0.0,0.0,24.88,3.24
1990-11-14 16:00:00+00:00,0.0,0.0,0.0,24.94,3.03
1990-11-14 17:00:00+00:00,0.0,0.0,0.0,24.57,2.69
1990-11-14 18:00:00+00:00,0.0,0.0,0.0,24.6,2.28
1990-11-14 19:00:00+00:00,0.0,0.0,0.0,24.63,3.79
1990-11-14 20:00:00+00:00,0.0,0.0,0.0,24.69,4.55
1990-11-14 21:00:00+00:00,0.0,0.0,0.0,24.65,5.17
1990-11-14 22:00:00+00:00,0.0,0.0,0.0,24.64,5.93
1990-11-14 23:00:00+00:00,0.0,0.0,0.0,24.79,5.93
1990-11-15 00:00:00+00:00,0.0,0.0,0.0,24.62,6.34
1990-11-15 01:00:00+00:00,5.05,0.0,5.05,24.53,6.28
1990-11-15 02:00:00+00:00,16.15,0.0,16.15,24.41,6.48
1990-11-15 03:00:00+00:00,36.15,4.26,33.85,24.4,6.41
1990-11-15 04:00:00+00:00,33.3,0.0,33.3,24.51,6.48
1990-11-15 05:00:00+00:00,73.95,4.23,70.45,24.5,6.41
1990-11-15 06:00:00+00:00,54.65,0.0,54.65,24.68,6.28
1990-11-15 07:00:00+00:00,85.65,0.57,85.15,24.44,6.48
1990-11-15 08:00:00+00:00,146.95,3.8,143.85,24.58,6.21
1990-11-15 09:00:00+00:00,107.75,7.04,102.9,24.97,6.48
1990-11-15 10:00:00+00:00,68.75,0.88,68.3,25.12,6.55
1990-11-15 11:00:00+00:00,29.0,10.23,25.95,25.2,6.21
1990-11-15 12:00:00+00:00,0.95,0.0,0.95,25.15,5.72
1990-11-15 13:00:00+00:00,0.0,0.0,0.0,25.14,5.38
1990-11-15 14:00:00+00:00,0.0,0.0,0.0,25.11,5.17
1990-11-15 15:00:00+00:00,0.0,0.0,0.0,25.15,4.62
1990-11-15 16:00:00+00:00,0.0,0.0,0.0,25.15,4.14
1990-11-15 17:00:00+00:00,0.0,0.0,0.0,25.08,3.93
1990-11-15 18:00:00+00:00,0.0,0.0,0.0,25.01,3.86
1990-11-15 19:00:00+00:00,0.0,0.0,0.0,25.18,4.21
1990-11-15 20:00:00+00:00,0.0,0.0,0.0,25.14,4.07
1990-11-15 21:00:00+00:00,0.0,0.0,0.0,25.1,3.72
1990-11-15 22:00:00+00:00,0.0,0.0,0.0,25.08,3.38
1990-11-15 23:00:00+00:00,0.0,0.0,0.0,25.18,3.03
1990-11-16 00:00:00+00:00,0.0,0.0,0.0,25.33,2.41
1990-11-16 01:00:00+00:00,96.1,365.18,62.45,25.43,2.07
1990-11-16 02:00:00+00:00,281.35,487.18,121.85,25.95,2.41
1990-11-16 03:00:00+00:00,410.55,451.98,167.75,26.82,3.79
1990-11-16 04:00:00+00:00,636.15,624.55,194.45,27.31,4.55
1990-11-16 05:00:00+00:00,695.65,599.56,200.45,27.79,4.97
1990-11-16 06:00:00+00:00,649.7,467.51,235.85,28.03,5.03
1990-11-16 07:00:00+00:00,643.0,424.22,269.25,28.25,4.21
1990-11-16 08:00:00+00:00,501.6,325.08,237.1,28.39,4.69
1990-11-16 09:00:00+00:00,345.55,281.6,151.9,27.59,5.17
1990-11-16 10:00:00+00:00,209.65,177.44,118.85,27.32,5.38
1990-11-16 11:00:00+00:00,80.55,109.16,48.05,27.1,5.1
1990-11-16 12:00:00+00:00,2.1,3.32,1.9,26.68,4.41
1990-11-16 13:00:00+00:00,0.0,0.0,0.0,26.29,4.07
1990-11-16 14:00:00+00:00,0.0,0.0,0.0,26.16,3.79
1990-11-16 15:00:00+00:00,0.0,0.0,0.0,26.11,3.66
1990-11-16 16:00:00+00:00,0.0,0.0,0.0,26.02,3.45
1990-11-16 17:00:00+00:00,0.0,0.0,0.0,25.94,3.24
1990-11-16 18:00:00+00:00,0.0,0.0,0.0,25.83,3.24
1990-11-16 19:00:00+00:00,0.0,0.0,0.0,25.91,3.38
1990-11-16 20:00:00+00:00,0.0,0.0,0.0,25.9,3.45
1990-11-16 21:00:00+00:00,0.0,0.0,0.0,25.84,3.66
1990-11-16 22:00:00+00:00,0.0,0.0,0.0,25.82,3.79
1990-11-16 23:00:00+00:00,0.0,0.0,0.0,25.69,3.59
1990-11-17 00:00:00+00:00,0.0,0.0,0.0,25.65,3.52
1990-11-17 01:00:00+00:00,86.85,391.23,51.45,25.57,3.17
1990-11-17 02:00:00+00:00,284.55,496.08,123.1,25.92,3.38
1990-11-17 03:00:00+00:00,395.7,521.35,116.75,26.77,4.07
1990-11-17 04:00:00+00:00,677.05,763.61,138.7,27.32,4.21
1990-11-17 05:00:00+00:00,616.85,580.4,138.75,28.23,4.07
1990-11-17 06:00:00+00:00,618.85,350.39,309.4,28.44,3.72
1990-11-17 07:00:00+00:00,519.9,258.93,292.25,27.64,3.79
1990-11-17 08:00:00+00:00,519.6,423.27,175.85,27.84,3.45
1990-11-17 09:00:00+00:00,460.15,393.27,190.15,28.3,3.72
1990-11-17 10:00:00+00:00,264.1,265.36,128.5,28.37,3.52
1990-11-17 11:00:00+00:00,84.45,100.02,54.7,28.1,3.1
1990-11-17 12:00:00+00:00,1.75,0.0,1.75,27.62,2.62
1990-11-17 13:00:00+00:00,0.0,0.0,0.0,27.17,2.55
1990-11-17 14:00:00+00:00,0.0,0.0,0.0,26.85,2.48
1990-11-17 15:00:00+00:00,0.0,0.0,0.0,26.46,2.48
1990-11-17 16:00:00+00:00,0.0,0.0,0.0,25.99,2.41
1990-11-17 17:00:00+00:00,0.0,0.0,0.0,25.65,2.69
1990-11-17 18:00:00+00:00,0.0,0.0,0.0,25.25,2.83
1990-11-17 19:00:00+00:00,0.0,0.0,0.0,25.15,3.45
1990-11-17 20:00:00+00:00,0.0,0.0,0.0,25.02,3.31
1990-11-17 21:00:00+00:00,0.0,0.0,0.0,25.12,2.76
1990-11-17 22:00:00+00:00,0.0,0.0,0.0,25.02,2.55
1990-11-17 23:00:00+00:00,0.0,0.0,0.0,24.98,2.48
1990-11-18 00:00:00+00:00,0.0,0.0,0.0,24.88,2.34
1990-11-18 01:00:00+00:00,118.95,789.49,48.85,24.96,2.07
1990-11-18 02:00:00+00:00,308.65,650.9,98.1,25.49,2.14
1990-11-18 03:00:00+00:00,436.7,603.12,115.3,26.26,2.83
1990-11-18 04:00:00+00:00,630.7,690.76,145.25,27.02,2.76
1990-11-18 05:00:00+00:00,712.25,701.91,135.6,27.85,2.69
1990-11-18 06:00:00+00:00,724.0,604.92,191.0,28.45,2.62
1990-11-18 07:00:00+00:00,671.4,534.48,202.45,28.65,2.76
1990-11-18 08:00:00+00:00,562.2,428.29,215.0,28.82,2.83
1990-11-18 09:00:00+00:00,356.45,316.2,139.7,28.81,2.76
1990-11-18 10:00:00+00:00,248.3,291.66,99.45,28.24,2.9
1990-11-18 11:00:00+00:00,97.55,188.07,41.65,28.03,2.69
1990-11-18 12:00:00+00:00,1.75,3.3,1.55,27.56,2.14
1990-11-18 13:00:00+00:00,0.0,0.0,0.0,27.23,1.79
1990-11-18 14:00:00+00:00,0.0,0.0,0.0,26.87,1.59
1990-11-18 15:00:00+00:00,0.0,0.0,0.0,26.48,1.59
1990-11-18 16:00:00+00:00,0.0,0.0,0.0,26.11,1.86
1990-11-18 17:00:00+00:00,0.0,0.0,0.0,25.83,1.93
1990-11-18 18:00:00+00:00,0.0,0.0,0.0,25.44,1.79
1990-11-18 19:00:00+00:00,0.0,0.0,0.0,25.5,1.52
1990-11-18 20:00:00+00:00,0.0,0.0,0.0,25.33,1.24
1990-11-18 21:00:00+00:00,0.0,0.0,0.0,25.13,1.24
1990-11-18 22:00:00+00:00,0.0,0.0,0.0,24.7,1.24
1990-11-18 23:00:00+00:00,0.0,0.0,0.0,24.33,1.17
1990-11-19 00:00:00+00:00,0.0,0.0,0.0,24.21,1.24
1990-11-19 01:00:00+00:00,131.7,932.62,50.5,24.26,1.17
1990-11-19 02:00:00+00:00,344.65,754.32,102.15,25.87,1.1
1990-11-19 03:00:00+00:00,512.7,718.91,131.15,26.6,1.1
1990-11-19 04:00:00+00:00,653.55,708.66,157.1,27.47,1.38
1990-11-19 05:00:00+00:00,765.05,747.1,152.9,28.14,1.93
1990-11-19 06:00:00+00:00,727.4,643.68,161.55,28.59,2.21
1990-11-19 07:00:00+00:00,630.75,512.31,182.15,28.94,2.9
1990-11-19 08:00:00+00:00,579.6,520.78,158.15,28.6,3.31
1990-11-19 09:00:00+00:00,372.8,345.6,136.25,28.26,2.83
1990-11-19 10:00:00+00:00,133.2,71.4,96.8,28.09,1.93
1990-11-19 11:00:00+00:00,40.85,7.57,38.6,27.36,1.72
1990-11-19 12:00:00+00:00,1.05,0.0,1.05,26.77,0.69
1990-11-19 13:00:00+00:00,0.0,0.0,0.0,26.38,1.38
1990-11-19 14:00:00+00:00,0.0,0.0,0.0,26.11,1.86
1990-11-19 15:00:00+00:00,0.0,0.0,0.0,25.82,2.14
1990-11-19 16:00:00+00:00,0.0,0.0,0.0,25.57,2.34
1990-11-19 17:00:00+00:00,0.0,0.0,0.0,25.33,2.28
1990-11-19 18:00:00+00:00,0.0,0.0,0.0,25.16,2.14
1990-11-19 19:00:00+00:00,0.0,0.0,0.0,24.85,2.48
1990-11-19 20:00:00+00:00,0.0,0.0,0.0,24.8,2.0
1990-11-19 21:00:00+00:00,0.0,0.0,0.0,24.8,1.79
1990-11-19 22:00:00+00:00,0.0,0.0,0.0,24.71,1.72
1990-11-19 23:00:00+00:00,0.0,0.0,0.0,24.64,1.72
1990-11-20 00:00:00+00:00,0.0,0.0,0.0,24.46,1.93
1990-11-20 01:00:00+00:00,149.7,1168.62,50.0,24.39,2.0
1990-11-20 02:00:00+00:00,365.45,880.84,84.05,25.12,2.14
1990-11-20 03:00:00+00:00,593.8,938.79,97.6,26.3,2.14
1990-11-20 04:00:00+00:00,764.95,941.76,107.3,27.57,2.07
1990-11-20 05:00:00+00:00,855.7,900.45,119.85,28.78,2.14
1990-11-20 06:00:00+00:00,837.6,796.09,139.35,29.65,2.14
1990-11-20 07:00:00+00:00,596.55,522.82,139.65,30.3,2.48
1990-11-20 08:00:00+00:00,486.8,396.34,166.6,30.14,2.07
1990-11-20 09:00:00+00:00,389.05,358.22,144.2,29.06,2.21
1990-11-20 10:00:00+00:00,239.8,311.83,81.0,28.05,1.93
1990-11-20 11:00:00+00:00,50.1,58.59,32.7,27.93,1.45
1990-11-20 12:00:00+00:00,1.95,1.63,1.85,27.28,1.86
1990-11-20 13:00:00+00:00,0.0,0.0,0.0,26.76,1.86
1990-11-20 14:00:00+00:00,0.0,0.0,0.0,26.47,1.93
1990-11-20 15:00:00+00:00,0.0,0.0,0.0,26.27,1.93
1990-11-20 16:00:00+00:00,0.0,0.0,0.0,26.01,2.07
1990-11-20 17:00:00+00:00,0.0,0.0,0.0,25.94,2.07
1990-11-20 18:00:00+00:00,0.0,0.0,0.0,25.77,2.41
1990-11-20 19:00:00+00:00,0.0,0.0,0.0,25.53,1.93
1990-11-20 20:00:00+00:00,0.0,0.0,0.0,25.3,2.07
1990-11-20 21:00:00+00:00,0.0,0.0,0.0,24.9,2.69
1990-11-20 22:00:00+00:00,0.0,0.0,0.0,24.75,3.1
1990-11-20 23:00:00+00:00,0.0,0.0,0.0,24.66,3.03
1990-11-21 00:00:00+00:00,0.0,0.0,0.0,24.6,2.55
1990-11-21 01:00:00+00:00,132.5,856.54,60.95,24.54,2.69
1990-11-21 02:00:00+00:00,317.1,603.43,125.55,25.07,3.17
1990-11-21 03:00:00+00:00,429.9,398.87,219.95,26.14,3.66
1990-11-21 04:00:00+00:00,473.5,317.05,252.8,27.16,3.86
1990-11-21 05:00:00+00:00,499.55,293.66,260.2,27.98,3.93
1990-11-21 06:00:00+00:00,577.6,347.83,273.2,28.53,4.0
1990-11-21 07:00:00+00:00,416.1,150.7,284.65,28.62,4.0
1990-11-21 08:00:00+00:00,292.4,37.94,261.8,28.29,4.28
1990-11-21 09:00:00+00:00,167.9,6.08,163.75,27.78,3.86
1990-11-21 10:00:00+00:00,83.4,1.08,82.85,27.39,3.79
1990-11-21 11:00:00+00:00,28.45,0.17,28.4,26.91,3.66
1990-11-21 12:00:00+00:00,0.8,0.0,0.8,26.39,3.38
1990-11-21 13:00:00+00:00,0.0,0.0,0.0,25.99,3.17
1990-11-21 14:00:00+00:00,0.0,0.0,0.0,25.78,2.97
1990-11-21 15:00:00+00:00,0.0,0.0,0.0,25.59,3.03
1990-11-21 16:00:00+00:00,0.0,0.0,0.0,25.37,2.97
1990-11-21 17:00:00+00:00,0.0,0.0,0.0,25.22,2.76
1990-11-21 18:00:00+00:00,0.0,0.0,0.0,25.19,2.83
1990-11-21 19:00:00+00:00,0.0,0.0,0.0,24.94,2.21
1990-11-21 20:00:00+00:00,0.0,0.0,0.0,24.84,2.14
1990-11-21 21:00:00+00:00,0.0,0.0,0.0,24.86,2.0
1990-11-21 22:00:00+00:00,0.0,0.0,0.0,24.82,1.93
1990-11-21 23:00:00+00:00,0.0,0.0,0.0,24.81,2.21
1990-11-22 00:00:00+00:00,0.0,0.0,0.0,25.07,2.41
1990-11-22 01:00:00+00:00,113.0,650.33,59.85,24.93,2.41
1990-11-22 02:00:00+00:00,289.15,481.64,137.25,25.38,2.9
1990-11-22 03:00:00+00:00,509.35,682.22,151.75,26.4,3.03
1990-11-22 04:00:00+00:00,685.05,760.58,157.3,27.55,2.69
1990-11-22 05:00:00+00:00,729.3,697.67,162.15,28.67,2.34
1990-11-22 06:00:00+00:00,648.2,553.08,165.25,29.34,1.45
1990-11-22 07:00:00+00:00,631.5,457.84,232.9,29.5,0.9
1990-11-22 08:00:00+00:00,491.7,379.67,185.95,29.9,0.55
1990-11-22 09:00:00+00:00,210.8,119.62,129.25,28.89,1.59
1990-11-22 10:00:00+00:00,184.9,174.37,96.25,26.42,2.28
1990-11-22 11:00:00+00:00,46.2,47.31,32.15,26.4,1.52
1990-11-22 12:00:00+00:00,1.7,1.61,1.6,26.16,0.76
1990-11-22 13:00:00+00:00,0.0,0.0,0.0,26.17,1.24
1990-11-22 14:00:00+00:00,0.0,0.0,0.0,26.01,2.07
1990-11-22 15:00:00+00:00,0.0,0.0,0.0,25.86,2.62
1990-11-22 16:00:00+00:00,0.0,0.0,0.0,25.66,2.9
1990-11-22 17:00:00+00:00,0.0,0.0,0.0,25.42,3.03
1990-11-22 18:00:00+00:00,0.0,0.0,0.0,25.17,2.97
1990-11-22 19:00:00+00:00,0.0,0.0,0.0,25.23,2.48
1990-11-22 20:00:00+00:00,0.0,0.0,0.0,25.15,2.48
1990-11-22 21:00:00+00:00,0.0,0.0,0.0,24.96,2.69
1990-11-22 22:00:00+00:00,0.0,0.0,0.0,24.83,2.76
1990-11-22 23:00:00+00:00,0.0,0.0,0.0,24.79,2.83
1990-11-23 00:00:00+00:00,0.0,0.0,0.0,24.78,2.83
1990-11-23 01:00:00+00:00,131.4,934.94,56.7,24.88,2.69
1990-11-23 02:00:00+00:00,305.95,634.35,107.2,25.58,3.59
1990-11-23 03:00:00+00:00,515.35,748.41,124.7,26.61,2.9
1990-11-23 04:00:00+00:00,708.25,824.61,137.9,27.74,2.9
1990-11-23 05:00:00+00:00,409.5,212.2,237.45,29.02,2.62
1990-11-23 06:00:00+00:00,733.45,566.34,240.0,29.01,2.14
1990-11-23 07:00:00+00:00,681.8,639.41,126.15,29.88,2.28
1990-11-23 08:00:00+00:00,614.3,531.09,187.25,28.78,3.66
1990-11-23 09:00:00+00:00,295.15,250.52,124.55,27.77,3.17
1990-11-23 10:00:00+00:00,253.7,344.45,78.7,27.84,3.1
1990-11-23 11:00:00+00:00,88.75,162.23,40.55,28.0,2.55
1990-11-23 12:00:00+00:00,2.1,4.0,1.85,27.63,2.41
1990-11-23 13:00:00+00:00,0.0,0.0,0.0,27.26,2.34
1990-11-23 14:00:00+00:00,0.0,0.0,0.0,26.57,2.55
1990-11-23 15:00:00+00:00,0.0,0.0,0.0,26.34,2.48
1990-11-23 16:00:00+00:00,0.0,0.0,0.0,26.18,3.38
1990-11-23 17:00:00+00:00,0.0,0.0,0.0,25.89,3.79
1990-11-23 18:00:00+00:00,0.0,0.0,0.0,25.51,3.79
1990-11-23 19:00:00+00:00,0.0,0.0,0.0,25.84,3.66
1990-11-23 20:00:00+00:00,0.0,0.0,0.0,25.49,3.31
1990-11-23 21:00:00+00:00,0.0,0.0,0.0,25.28,2.76
1990-11-23 22:00:00+00:00,0.0,0.0,0.0,25.1,2.69
1990-11-23 23:00:00+00:00,0.0,0.0,0.0,24.95,2.83
1990-11-24 00:00:00+00:00,0.0,0.0,0.0,24.82,2.97
1990-11-24 01:00:00+00:00,129.8,1114.11,42.85,24.78,2.97
1990-11-24 02:00:00+00:00,339.4,758.44,103.35,25.29,3.1
1990-11-24 03:00:00+00:00,467.3,634.41,137.55,26.49,3.24
1990-11-24 04:00:00+00:00,595.3,596.99,183.7,27.6,3.86
1990-11-24 05:00:00+00:00,782.6,812.89,125.2,28.52,3.93
1990-11-24 06:00:00+00:00,738.25,662.16,162.55,29.22,3.93
1990-11-24 07:00:00+00:00,688.4,592.82,174.15,29.34,3.59
1990-11-24 08:00:00+00:00,548.5,484.35,159.6,29.52,3.59
1990-11-24 09:00:00+00:00,388.6,382.21,128.6,28.94,3.52
1990-11-24 10:00:00+00:00,220.4,227.36,104.95,27.89,4.0
1990-11-24 11:00:00+00:00,74.3,138.09,33.25,27.16,4.14
1990-11-24 12:00:00+00:00,2.2,3.17,2.0,26.89,2.97
1990-11-24 13:00:00+00:00,0.0,0.0,0.0,26.67,3.31
1990-11-24 14:00:00+00:00,0.0,0.0,0.0,26.37,3.59
1990-11-24 15:00:00+00:00,0.0,0.0,0.0,26.06,3.72
1990-11-24 16:00:00+00:00,0.0,0.0,0.0,25.82,3.59
1990-11-24 17:00:00+00:00,0.0,0.0,0.0,25.56,3.31
1990-11-24 18:00:00+00:00,0.0,0.0,0.0,25.39,3.17
1990-11-24 19:00:00+00:00,0.0,0.0,0.0,25.81,3.66
1990-11-24 20:00:00+00:00,0.0,0.0,0.0,25.58,3.79
1990-11-24 21:00:00+00:00,0.0,0.0,0.0,25.31,3.79
1990-11-24 22:00:00+00:00,0.0,0.0,0.0,25.17,3.72
1990-11-24 23:00:00+00:00,0.0,0.0,0.0,25.02,3.52
1990-11-25 00:00:00+00:00,0.0,0.0,0.0,24.91,3.38
1990-11-25 01:00:00+00:00,134.25,1094.26,50.9,24.87,3.31
1990-11-25 02:00:00+00:00,316.45,717.97,94.5,25.53,4.48
1990-11-25 03:00:00+00:00,399.5,446.03,168.65,26.63,4.83
1990-11-25 04:00:00+00:00,481.6,370.31,227.1,27.61,4.76
1990-11-25 05:00:00+00:00,543.9,375.19,241.25,28.44,4.34
1990-11-25 06:00:00+00:00,698.2,638.89,143.9,29.17,3.93
1990-11-25 07:00:00+00:00,682.05,649.57,119.55,29.71,4.28
1990-11-25 08:00:00+00:00,565.15,554.92,120.2,29.69,4.28
1990-11-25 09:00:00+00:00,444.2,496.11,107.05,29.62,4.28
1990-11-25 10:00:00+00:00,246.6,262.03,113.6,28.86,4.34
1990-11-25 11:00:00+00:00,96.65,203.03,36.25,28.44,3.86
1990-11-25 12:00:00+00:00,2.0,5.5,1.65,27.69,3.24
1990-11-25 13:00:00+00:00,0.0,0.0,0.0,27.33,3.45
1990-11-25 14:00:00+00:00,0.0,0.0,0.0,27.1,3.52
1990-11-25 15:00:00+00:00,0.0,0.0,0.0,26.79,3.52
1990-11-25 16:00:00+00:00,0.0,0.0,0.0,26.52,3.45
1990-11-25 17:00:00+00:00,0.0,0.0,0.0,26.23,3.24
1990-11-25 18:00:00+00:00,0.0,0.0,0.0,26.0,3.03
1990-11-25 19:00:00+00:00,0.0,0.0,0.0,25.85,2.69
1990-11-25 20:00:00+00:00,0.0,0.0,0.0,25.72,2.62
1990-11-25 21:00:00+00:00,0.0,0.0,0.0,25.51,2.62
1990-11-25 22:00:00+00:00,0.0,0.0,0.0,25.4,2.69
1990-11-25 23:00:00+00:00,0.0,0.0,0.0,25.35,2.76
1990-11-26 00:00:00+00:00,0.0,0.0,0.0,25.32,2.83
1990-11-26 01:00:00+00:00,139.65,1232.57,48.1,25.37,2.9
1990-11-26 02:00:00+00:00,357.35,885.25,85.55,26.04,2.97
1990-11-26 03:00:00+00:00,551.95,818.54,130.1,27.15,4.0
1990-11-26 04:00:00+00:00,662.5,642.55,222.3,27.96,4.07
1990-11-26 05:00:00+00:00,709.0,510.06,298.6,28.54,3.93
1990-11-26 06:00:00+00:00,742.25,558.61,258.6,29.02,3.86
1990-11-26 07:00:00+00:00,708.15,583.69,203.55,28.85,4.34
1990-11-26 08:00:00+00:00,629.65,540.22,197.05,28.99,4.28
1990-11-26 09:00:00+00:00,490.3,514.51,140.95,28.93,4.21
1990-11-26 10:00:00+00:00,333.95,502.43,79.0,28.59,4.21
1990-11-26 11:00:00+00:00,118.85,250.34,44.3,28.09,4.0
1990-11-26 12:00:00+00:00,2.95,10.1,2.3,27.42,3.38
1990-11-26 13:00:00+00:00,0.0,0.0,0.0,26.82,3.24
1990-11-26 14:00:00+00:00,0.0,0.0,0.0,26.6,3.24
1990-11-26 15:00:00+00:00,0.0,0.0,0.0,26.47,3.17
1990-11-26 16:00:00+00:00,0.0,0.0,0.0,26.32,3.03
1990-11-26 17:00:00+00:00,0.0,0.0,0.0,26.09,2.9
1990-11-26 18:00:00+00:00,0.0,0.0,0.0,25.83,2.9
1990-11-26 19:00:00+00:00,0.0,0.0,0.0,25.55,2.62
1990-11-26 20:00:00+00:00,0.0,0.0,0.0,25.28,2.41
1990-11-26 21:00:00+00:00,0.0,0.0,0.0,25.09,2.41
1990-11-26 22:00:00+00:00,0.0,0.0,0.0,24.88,2.41
1990-11-26 23:00:00+00:00,0.0,0.0,0.0,24.73,2.34
1990-11-27 00:00:00+00:00,0.0,0.0,0.0,24.71,2.28
1990-11-27 01:00:00+00:00,103.1,603.21,59.45,24.67,2.34
1990-11-27 02:00:00+00:00,286.65,578.19,110.35,25.26,2.48
1990-11-27 03:00:00+00:00,468.75,593.37,164.25,26.32,3.1
1990-11-27 04:00:00+00:00,683.1,700.6,204.65,27.26,3.17
1990-11-27 05:00:00+00:00,698.25,644.91,180.65,28.25,3.17
1990-11-27 06:00:00+00:00,756.9,675.02,173.65,29.01,3.03
1990-11-27 07:00:00+00:00,797.35,774.08,129.25,29.27,3.86
1990-11-27 08:00:00+00:00,479.85,392.86,165.65,29.34,3.72
1990-11-27 09:00:00+00:00,396.3,370.77,144.75,29.1,3.52
1990-11-27 10:00:00+00:00,203.65,204.99,99.65,28.07,3.45
1990-11-27 11:00:00+00:00,99.4,177.43,46.5,27.75,3.38
1990-11-27 12:00:00+00:00,2.45,5.38,2.1,27.24,3.1
1990-11-27 13:00:00+00:00,0.0,0.0,0.0,26.86,3.24
1990-11-27 14:00:00+00:00,0.0,0.0,0.0,26.65,3.17
1990-11-27 15:00:00+00:00,0.0,0.0,0.0,26.56,3.17
1990-11-27 16:00:00+00:00,0.0,0.0,0.0,26.37,2.9
1990-11-27 17:00:00+00:00,0.0,0.0,0.0,26.1,2.76
1990-11-27 18:00:00+00:00,0.0,0.0,0.0,25.83,2.62
1990-11-27 19:00:00+00:00,0.0,0.0,0.0,25.74,2.34
1990-11-27 20:00:00+00:00,0.0,0.0,0.0,25.48,2.28
1990-11-27 21:00:00+00:00,0.0,0.0,0.0,25.33,2.34
1990-11-27 22:00:00+00:00,0.0,0.0,0.0,25.21,2.55
1990-11-27 23:00:00+00:00,0.0,0.0,0.0,25.12,2.69
1990-11-28 00:00:00+00:00,0.0,0.0,0.0,24.99,2.69
1990-11-28 01:00:00+00:00,72.4,356.36,47.3,25.02,2.76
1990-11-28 02:00:00+00:00,163.55,228.53,94.35,25.42,2.9
1990-11-28 03:00:00+00:00,179.2,156.66,99.15,25.98,3.31
1990-11-28 04:00:00+00:00,244.65,141.61,148.25,26.18,3.31
1990-11-28 05:00:00+00:00,309.9,130.46,205.45,26.25,3.45
1990-11-28 06:00:00+00:00,328.7,60.77,276.3,26.73,3.52
1990-11-28 07:00:00+00:00,254.4,37.13,222.4,26.67,3.79
1990-11-28 08:00:00+00:00,168.1,10.58,159.65,26.46,3.86
1990-11-28 09:00:00+00:00,135.9,19.03,123.0,25.84,4.07
1990-11-28 10:00:00+00:00,91.9,7.49,88.1,25.76,4.0
1990-11-28 11:00:00+00:00,29.0,5.19,27.45,25.71,4.0
1990-11-28 12:00:00+00:00,0.85,0.0,0.85,24.95,4.41
1990-11-28 13:00:00+00:00,0.0,0.0,0.0,24.77,3.86
1990-11-28 14:00:00+00:00,0.0,0.0,0.0,24.91,4.07
1990-11-28 15:00:00+00:00,0.0,0.0,0.0,25.19,4.41
1990-11-28 16:00:00+00:00,0.0,0.0,0.0,25.36,4.34
1990-11-28 17:00:00+00:00,0.0,0.0,0.0,25.42,4.28
1990-11-28 18:00:00+00:00,0.0,0.0,0.0,25.4,4.14
1990-11-28 19:00:00+00:00,0.0,0.0,0.0,25.27,3.86
1990-11-28 20:00:00+00:00,0.0,0.0,0.0,25.05,4.14
1990-11-28 21:00:00+00:00,0.0,0.0,0.0,24.72,3.93
1990-11-28 22:00:00+00:00,0.0,0.0,0.0,24.41,4.0
1990-11-28 23:00:00+00:00,0.0,0.0,0.0,24.14,3.93
1990-11-29 00:00:00+00:00,0.0,0.0,0.0,23.92,3.93
1990-11-29 01:00:00+00:00,50.3,89.06,44.2,23.92,3.79
1990-11-29 02:00:00+00:00,91.8,53.38,75.75,23.99,3.38
1990-11-29 03:00:00+00:00,241.3,129.03,175.65,24.33,3.1
1990-11-29 04:00:00+00:00,247.3,71.76,198.6,25.33,4.48
1990-11-29 05:00:00+00:00,287.7,73.75,228.8,26.13,4.9
1990-11-29 06:00:00+00:00,361.2,135.71,244.4,26.7,5.1
1990-11-29 07:00:00+00:00,524.85,349.65,224.0,27.35,4.69
1990-11-29 08:00:00+00:00,497.75,321.0,241.6,27.79,4.21
1990-11-29 09:00:00+00:00,289.8,208.54,148.5,28.02,3.86
1990-11-29 10:00:00+00:00,129.15,87.61,84.7,26.48,3.66
1990-11-29 11:00:00+00:00,54.5,57.35,37.35,26.31,2.9
1990-11-29 12:00:00+00:00,1.75,0.0,1.75,25.95,3.38
1990-11-29 13:00:00+00:00,0.0,0.0,0.0,25.45,3.66
1990-11-29 14:00:00+00:00,0.0,0.0,0.0,25.23,3.79
1990-11-29 15:00:00+00:00,0.0,0.0,0.0,25.07,3.59
1990-11-29 16:00:00+00:00,0.0,0.0,0.0,25.05,3.17
1990-11-29 17:00:00+00:00,0.0,0.0,0.0,24.9,3.17
1990-11-29 18:00:00+00:00,0.0,0.0,0.0,24.7,3.03
1990-11-29 19:00:00+00:00,0.0,0.0,0.0,24.91,2.76
1990-11-29 20:00:00+00:00,0.0,0.0,0.0,24.77,2.62
1990-11-29 21:00:00+00:00,0.0,0.0,0.0,24.68,2.62
1990-11-29 22:00:00+00:00,0.0,0.0,0.0,24.61,2.41
1990-11-29 23:00:00+00:00,0.0,0.0,0.0,24.56,2.34
1990-11-30 00:00:00+00:00,0.0,0.0,0.0,24.6,2.34
1990-11-30 01:00:00+00:00,62.9,353.97,39.35,24.66,2.41
1990-11-30 02:00:00+00:00,240.55,395.25,122.55,25.07,2.83
1990-11-30 03:00:00+00:00,335.2,389.95,137.65,25.72,3.1
1990-11-30 04:00:00+00:00,580.5,616.53,163.4,26.41,2.97
1990-11-30 05:00:00+00:00,570.15,441.36,218.5,27.48,2.76
1990-11-30 06:00:00+00:00,382.35,138.12,263.7,28.17,2.76
1990-11-30 07:00:00+00:00,363.55,180.06,208.85,27.96,2.97
1990-11-30 08:00:00+00:00,405.5,232.89,219.85,27.04,2.83
1990-11-30 09:00:00+00:00,246.85,130.24,158.65,26.69,3.52
1990-11-30 10:00:00+00:00,132.3,69.26,97.15,25.7,3.86
1990-11-30 11:00:00+00:00,50.85,22.37,44.15,25.73,3.66
1990-11-30 12:00:00+00:00,1.4,0.0,1.4,25.55,2.97
1990-11-30 13:00:00+00:00,0.0,0.0,0.0,25.44,2.41
1990-11-30 14:00:00+00:00,0.0,0.0,0.0,25.48,2.0
1990-11-30 15:00:00+00:00,0.0,0.0,0.0,25.53,2.21
1990-11-30 16:00:00+00:00,0.0,0.0,0.0,25.45,1.71
1990-11-30 17:00:00+00:00,0.0,0.0,0.0,25.31,2.05
1990-11-30 18:00:00+00:00,0.0,0.0,0.0,25.16,2.38
1990-11-30 19:00:00+00:00,0.0,0.0,0.0,25.01,2.72
1990-11-30 20:00:00+00:00,0.0,0.0,0.0,24.86,3.06
1990-11-30 21:00:00+00:00,0.0,0.0,0.0,24.71,3.39
1990-11-30 22:00:00+00:00,0.0,0.0,0.0,24.56,3.73
1990-11-30 23:00:00+00:00,0.0,0.0,0.0,24.41,4.06
1990-12-01 00:00:00+00:00,0.0,0.0,0.0,24.26,4.4
1990-12-01 01:00:00+00:00,26.85,37.55,24.5,24.11,4.74
1990-12-01 02:00:00+00:00,138.75,117.23,104.25,23.96,5.07
1990-12-01 03:00:00+00:00,200.3,54.55,172.9,23.81,5.41
1990-12-01 04:00:00+00:00,189.15,21.04,175.0,23.66,5.75
1990-12-01 05:00:00+00:00,294.25,118.6,200.2,23.51,6.08
1990-12-01 06:00:00+00:00,540.05,437.95,165.2,23.36,6.42
1990-12-01 07:00:00+00:00,125.75,0.12,125.65,23.22,6.75
1990-12-01 08:00:00+00:00,66.0,1.01,65.2,23.16,4.97
1990-12-01 09:00:00+00:00,68.45,2.59,66.7,22.45,4.76
1990-12-01 10:00:00+00:00,18.05,0.0,18.05,22.3,4.41
1990-12-01 11:00:00+00:00,10.65,0.0,10.65,22.17,4.14
1990-12-01 12:00:00+00:00,0.35,0.0,0.35,22.21,4.0
1990-12-01 13:00:00+00:00,0.0,0.0,0.0,22.18,4.55
1990-12-01 14:00:00+00:00,0.0,0.0,0.0,22.42,4.48
1990-12-01 15:00:00+00:00,0.0,0.0,0.0,23.03,3.86
1990-12-01 16:00:00+00:00,0.0,0.0,0.0,23.58,3.17
1990-12-01 17:00:00+00:00,0.0,0.0,0.0,23.69,3.1
1990-12-01 18:00:00+00:00,0.0,0.0,0.0,23.65,3.1
1990-12-01 19:00:00+00:00,0.0,0.0,0.0,23.61,2.28
1990-12-01 20:00:00+00:00,0.0,0.0,0.0,23.51,2.34
1990-12-01 21:00:00+00:00,0.0,0.0,0.0,23.52,2.34
1990-12-01 22:00:00+00:00,0.0,0.0,0.0,23.55,2.14
1990-12-01 23:00:00+00:00,0.0,0.0,0.0,23.58,2.0
1990-12-02 00:00:00+00:00,0.0,0.0,0.0,23.5,2.14
1990-12-02 01:00:00+00:00,97.1,876.35,44.0,23.42,2.34
1990-12-02 02:00:00+00:00,265.75,492.87,121.75,24.03,2.28
1990-12-02 03:00:00+00:00,479.55,664.21,147.35,25.24,2.28
1990-12-02 04:00:00+00:00,637.1,701.43,166.9,26.62,2.41
1990-12-02 05:00:00+00:00,620.05,566.68,171.7,27.42,3.1
1990-12-02 06:00:00+00:00,664.25,592.15,158.3,27.56,3.31
1990-12-02 07:00:00+00:00,304.1,97.05,221.05,28.0,2.76
1990-12-02 08:00:00+00:00,304.75,166.4,172.45,27.64,2.48
1990-12-02 09:00:00+00:00,305.3,252.61,134.4,27.67,2.34
1990-12-02 10:00:00+00:00,250.55,340.42,77.55,27.68,2.55
1990-12-02 11:00:00+00:00,98.6,177.75,45.0,27.59,2.69
1990-12-02 12:00:00+00:00,3.45,9.91,2.75,26.97,2.28
1990-12-02 13:00:00+00:00,0.0,0.0,0.0,26.28,2.21
1990-12-02 14:00:00+00:00,0.0,0.0,0.0,25.91,2.28
1990-12-02 15:00:00+00:00,0.0,0.0,0.0,25.65,2.34
1990-12-02 16:00:00+00:00,0.0,0.0,0.0,25.41,2.21
1990-12-02 17:00:00+00:00,0.0,0.0,0.0,25.15,2.21
1990-12-02 18:00:00+00:00,0.0,0.0,0.0,24.89,2.28
1990-12-02 19:00:00+00:00,0.0,0.0,0.0,24.73,2.41
1990-12-02 20:00:00+00:00,0.0,0.0,0.0,24.39,2.41
1990-12-02 21:00:00+00:00,0.0,0.0,0.0,24.11,2.41
1990-12-02 22:00:00+00:00,0.0,0.0,0.0,23.89,2.41
1990-12-02 23:00:00+00:00,0.0,0.0,0.0,23.75,2.48
1990-12-03 00:00:00+00:00,0.0,0.0,0.0,23.63,2.55
1990-12-03 01:00:00+00:00,126.75,1266.05,52.56,23.52,2.48
1990-12-03 02:00:00+00:00,350.35,943.83,76.6,24.3,2.34
1990-12-03 03:00:00+00:00,570.5,948.76,98.0,25.79,2.48
1990-12-03 04:00:00+00:00,735.75,926.99,116.2,27.13,2.28
1990-12-03 05:00:00+00:00,850.7,934.42,113.05,28.13,2.0
1990-12-03 06:00:00+00:00,868.55,870.06,126.4,28.92,1.72
1990-12-03 07:00:00+00:00,836.0,822.55,132.95,29.48,1.1
1990-12-03 08:00:00+00:00,696.3,707.3,134.35,29.88,1.03
1990-12-03 09:00:00+00:00,503.5,550.91,130.85,29.93,1.38
1990-12-03 10:00:00+00:00,287.2,371.84,98.1,29.52,2.0
1990-12-03 11:00:00+00:00,117.7,232.54,47.4,28.6,2.48
1990-12-03 12:00:00+00:00,3.65,9.75,2.95,27.55,2.34
1990-12-03 13:00:00+00:00,0.0,0.0,0.0,26.6,2.07
1990-12-03 14:00:00+00:00,0.0,0.0,0.0,26.05,1.45
1990-12-03 15:00:00+00:00,0.0,0.0,0.0,25.25,0.9
1990-12-03 16:00:00+00:00,0.0,0.0,0.0,24.96,1.24
1990-12-03 17:00:00+00:00,0.0,0.0,0.0,25.03,1.52
1990-12-03 18:00:00+00:00,0.0,0.0,0.0,24.9,1.72
1990-12-03 19:00:00+00:00,0.0,0.0,0.0,25.0,1.93
1990-12-03 20:00:00+00:00,0.0,0.0,0.0,24.94,1.93
1990-12-03 21:00:00+00:00,0.0,0.0,0.0,24.78,2.0
1990-12-03 22:00:00+00:00,0.0,0.0,0.0,24.6,2.0
1990-12-03 23:00:00+00:00,0.0,0.0,0.0,24.45,2.14
1990-12-04 00:00:00+00:00,0.0,0.0,0.0,24.3,0.0
1990-12-04 01:00:00+00:00,108.5,1112.31,45.55,24.21,0.0
1990-12-04 02:00:00+00:00,277.15,603.1,103.5,24.88,2.97
1990-12-04 03:00:00+00:00,435.15,566.13,154.4,26.05,2.55
1990-12-04 04:00:00+00:00,619.2,708.01,147.4,27.18,2.0
1990-12-04 05:00:00+00:00,696.95,687.64,155.3,28.23,1.93
1990-12-04 06:00:00+00:00,739.15,672.55,166.4,28.92,2.14
1990-12-04 07:00:00+00:00,685.5,628.75,148.7,29.19,3.1
1990-12-04 08:00:00+00:00,534.85,507.62,131.8,29.02,3.52
1990-12-04 09:00:00+00:00,460.65,531.49,101.15,28.8,3.86
1990-12-04 10:00:00+00:00,302.45,440.69,78.15,28.39,4.28
1990-12-04 11:00:00+00:00,110.3,221.35,43.2,27.4,3.52
1990-12-04 12:00:00+00:00,3.5,10.97,2.7,27.06,3.1
1990-12-04 13:00:00+00:00,0.0,0.0,0.0,26.66,3.24
1990-12-04 14:00:00+00:00,0.0,0.0,0.0,26.52,3.45
1990-12-04 15:00:00+00:00,0.0,0.0,0.0,26.37,3.59
1990-12-04 16:00:00+00:00,0.0,0.0,0.0,26.07,3.59
1990-12-04 17:00:00+00:00,0.0,0.0,0.0,25.69,3.52
1990-12-04 18:00:00+00:00,0.0,0.0,0.0,25.29,3.45
1990-12-04 19:00:00+00:00,0.0,0.0,0.0,25.01,3.03
1990-12-04 20:00:00+00:00,0.0,0.0,0.0,24.75,2.83
1990-12-04 21:00:00+00:00,0.0,0.0,0.0,24.54,2.55
1990-12-04 22:00:00+00:00,0.0,0.0,0.0,24.4,2.34
1990-12-04 23:00:00+00:00,0.0,0.0,0.0,24.29,2.21
1990-12-05 00:00:00+00:00,0.0,0.0,0.0,24.25,2.14
1990-12-05 01:00:00+00:00,83.8,630.17,49.4,24.42,2.34
1990-12-05 02:00:00+00:00,294.2,663.7,104.5,24.99,2.9
1990-12-05 03:00:00+00:00,429.2,598.59,133.6,26.07,4.28
1990-12-05 04:00:00+00:00,639.75,694.95,178.0,27.02,4.34
1990-12-05 05:00:00+00:00,720.8,686.12,181.5,28.14,4.62
1990-12-05 06:00:00+00:00,769.05,700.6,173.35,28.86,4.76
1990-12-05 07:00:00+00:00,674.45,589.55,171.65,29.35,4.69
1990-12-05 08:00:00+00:00,560.2,467.52,189.2,29.41,4.83
1990-12-05 09:00:00+00:00,477.3,546.91,107.35,29.0,4.76
1990-12-05 10:00:00+00:00,265.45,358.81,82.65,28.72,4.9
1990-12-05 11:00:00+00:00,97.65,175.8,44.2,28.22,4.41
1990-12-05 12:00:00+00:00,3.8,13.49,2.8,27.63,4.28
1990-12-05 13:00:00+00:00,0.0,0.0,0.0,27.07,4.34
1990-12-05 14:00:00+00:00,0.0,0.0,0.0,26.69,4.41
1990-12-05 15:00:00+00:00,0.0,0.0,0.0,26.31,4.41
1990-12-05 16:00:00+00:00,0.0,0.0,0.0,25.89,0.0
1990-12-05 17:00:00+00:00,0.0,0.0,0.0,25.52,0.0
1990-12-05 18:00:00+00:00,0.0,0.0,0.0,25.23,3.59
1990-12-05 19:00:00+00:00,0.0,0.0,0.0,25.12,3.31
1990-12-05 20:00:00+00:00,0.0,0.0,0.0,24.96,3.17
1990-12-05 21:00:00+00:00,0.0,0.0,0.0,24.84,2.97
1990-12-05 22:00:00+00:00,0.0,0.0,0.0,24.74,3.03
1990-12-05 23:00:00+00:00,0.0,0.0,0.0,24.7,3.03
1990-12-06 00:00:00+00:00,0.0,0.0,0.0,24.7,3.1
1990-12-06 01:00:00+00:00,109.45,1153.49,48.8,24.65,3.1
1990-12-06 02:00:00+00:00,323.0,771.35,104.15,25.19,3.24
1990-12-06 03:00:00+00:00,540.2,858.44,118.05,26.17,4.41
1990-12-06 04:00:00+00:00,682.9,793.25,157.35,26.98,4.83
1990-12-06 05:00:00+00:00,836.45,901.23,129.55,27.75,4.9
1990-12-06 06:00:00+00:00,838.25,760.07,192.95,28.57,5.17
1990-12-06 07:00:00+00:00,798.45,754.93,155.25,29.11,5.72
1990-12-06 08:00:00+00:00,696.55,673.62,162.25,29.3,5.93
1990-12-06 09:00:00+00:00,527.6,608.84,115.7,29.25,6.0
1990-12-06 10:00:00+00:00,332.85,467.14,94.6,28.91,5.86
1990-12-06 11:00:00+00:00,132.25,289.86,43.85,28.3,5.45
1990-12-06 12:00:00+00:00,4.5,17.24,3.2,27.37,5.1
1990-12-06 13:00:00+00:00,0.0,0.0,0.0,26.47,5.03
1990-12-06 14:00:00+00:00,0.0,0.0,0.0,25.84,4.97
1990-12-06 15:00:00+00:00,0.0,0.0,0.0,25.34,4.76
1990-12-06 16:00:00+00:00,0.0,0.0,0.0,24.93,4.48
1990-12-06 17:00:00+00:00,0.0,0.0,0.0,24.6,4.34
1990-12-06 18:00:00+00:00,0.0,0.0,0.0,24.36,4.0
1990-12-06 19:00:00+00:00,0.0,0.0,0.0,24.26,3.24
1990-12-06 20:00:00+00:00,0.0,0.0,0.0,24.14,2.9
1990-12-06 21:00:00+00:00,0.0,0.0,0.0,24.11,2.69
1990-12-06 22:00:00+00:00,0.0,0.0,0.0,24.09,2.62
1990-12-06 23:00:00+00:00,0.0,0.0,0.0,24.2,2.41
1990-12-07 00:00:00+00:00,0.0,0.0,0.0,24.32,2.41
1990-12-07 01:00:00+00:00,121.5,1267.37,57.41,24.41,2.48
1990-12-07 02:00:00+00:00,330.25,847.37,91.6,25.19,2.48
1990-12-07 03:00:00+00:00,552.65,910.0,107.0,26.62,3.52
1990-12-07 04:00:00+00:00,679.8,799.73,151.45,27.59,4.83
1990-12-07 05:00:00+00:00,509.45,266.48,300.85,28.02,5.03
1990-12-07 06:00:00+00:00,455.05,242.04,249.85,27.85,5.1
1990-12-07 07:00:00+00:00,683.05,606.13,167.1,27.71,5.1
1990-12-07 08:00:00+00:00,560.25,505.26,159.65,27.56,5.45
1990-12-07 09:00:00+00:00,444.2,463.21,130.75,27.57,5.59
1990-12-07 10:00:00+00:00,210.25,223.06,96.35,27.39,5.52
1990-12-07 11:00:00+00:00,80.15,95.6,50.9,27.01,5.03
1990-12-07 12:00:00+00:00,2.55,3.91,2.25,26.64,4.41
1990-12-07 13:00:00+00:00,0.0,0.0,0.0,26.38,3.93
1990-12-07 14:00:00+00:00,0.0,0.0,0.0,26.3,3.79
1990-12-07 15:00:00+00:00,0.0,0.0,0.0,26.03,3.72
1990-12-07 16:00:00+00:00,0.0,0.0,0.0,25.75,3.66
1990-12-07 17:00:00+00:00,0.0,0.0,0.0,25.46,3.24
1990-12-07 18:00:00+00:00,0.0,0.0,0.0,25.22,2.97
1990-12-07 19:00:00+00:00,0.0,0.0,0.0,25.29,2.28
1990-12-07 20:00:00+00:00,0.0,0.0,0.0,25.08,2.28
1990-12-07 21:00:00+00:00,0.0,0.0,0.0,24.98,2.41
1990-12-07 22:00:00+00:00,0.0,0.0,0.0,24.88,2.55
1990-12-07 23:00:00+00:00,0.0,0.0,0.0,24.87,2.69
1990-12-08 00:00:00+00:00,0.0,0.0,0.0,24.37,2.97
1990-12-08 01:00:00+00:00,91.95,791.77,53.5,24.4,3.1
1990-12-08 02:00:00+00:00,257.55,443.91,133.45,24.96,3.45
1990-12-08 03:00:00+00:00,426.35,531.56,167.1,25.61,3.52
1990-12-08 04:00:00+00:00,556.5,548.17,195.35,26.33,3.1
1990-12-08 05:00:00+00:00,645.2,548.04,217.05,27.21,3.17
1990-12-08 06:00:00+00:00,688.25,584.38,193.5,27.33,3.79
1990-12-08 07:00:00+00:00,715.7,641.45,170.15,28.39,3.86
1990-12-08 08:00:00+00:00,549.9,428.07,210.6,28.52,4.28
1990-12-08 09:00:00+00:00,334.0,185.84,208.2,28.03,4.48
1990-12-08 10:00:00+00:00,220.15,229.12,103.0,27.54,4.28
1990-12-08 11:00:00+00:00,82.0,87.94,55.0,27.27,3.79
1990-12-08 12:00:00+00:00,3.55,6.41,3.05,26.45,3.31
1990-12-08 13:00:00+00:00,0.0,0.0,0.0,25.87,2.97
1990-12-08 14:00:00+00:00,0.0,0.0,0.0,25.64,2.34
1990-12-08 15:00:00+00:00,0.0,0.0,0.0,25.51,2.34
1990-12-08 16:00:00+00:00,0.0,0.0,0.0,25.43,1.86
1990-12-08 17:00:00+00:00,0.0,0.0,0.0,25.16,1.31
1990-12-08 18:00:00+00:00,0.0,0.0,0.0,24.71,0.97
1990-12-08 19:00:00+00:00,0.0,0.0,0.0,24.34,0.9
1990-12-08 20:00:00+00:00,0.0,0.0,0.0,24.15,0.83
1990-12-08 21:00:00+00:00,0.0,0.0,0.0,24.57,0.62
1990-12-08 22:00:00+00:00,0.0,0.0,0.0,23.6,1.38
1990-12-08 23:00:00+00:00,0.0,0.0,0.0,23.98,1.79
1990-12-09 00:00:00+00:00,0.0,0.0,0.0,24.25,1.72
1990-12-09 01:00:00+00:00,97.5,1156.66,43.65,24.11,1.38
1990-12-09 02:00:00+00:00,248.05,593.5,83.35,25.42,1.52
1990-12-09 03:00:00+00:00,495.0,822.99,95.25,25.93,2.34
1990-12-09 04:00:00+00:00,667.95,797.14,144.2,26.59,2.76
1990-12-09 05:00:00+00:00,604.7,498.04,216.35,27.18,2.97
1990-12-09 06:00:00+00:00,511.3,376.99,192.55,27.48,3.03
1990-12-09 07:00:00+00:00,660.25,486.15,247.1,27.52,3.03
1990-12-09 08:00:00+00:00,551.95,391.2,241.95,27.83,3.03
1990-12-09 09:00:00+00:00,422.05,387.47,159.65,27.74,3.1
1990-12-09 10:00:00+00:00,257.7,274.98,116.9,27.57,2.83
1990-12-09 11:00:00+00:00,104.75,154.15,57.25,27.2,2.76
1990-12-09 12:00:00+00:00,3.75,5.67,3.3,26.69,2.07
1990-12-09 13:00:00+00:00,0.0,0.0,0.0,26.2,1.03
1990-12-09 14:00:00+00:00,0.0,0.0,0.0,25.66,0.83
1990-12-09 15:00:00+00:00,0.0,0.0,0.0,25.19,0.9
1990-12-09 16:00:00+00:00,0.0,0.0,0.0,25.07,0.9
1990-12-09 17:00:00+00:00,0.0,0.0,0.0,25.54,0.55
1990-12-09 18:00:00+00:00,0.0,0.0,0.0,25.37,0.41
1990-12-09 19:00:00+00:00,0.0,0.0,0.0,24.47,1.17
1990-12-09 20:00:00+00:00,0.0,0.0,0.0,24.33,1.38
1990-12-09 21:00:00+00:00,0.0,0.0,0.0,24.16,1.38
1990-12-09 22:00:00+00:00,0.0,0.0,0.0,23.9,1.31
1990-12-09 23:00:00+00:00,0.0,0.0,0.0,24.0,1.03
1990-12-10 00:00:00+00:00,0.0,0.0,0.0,24.45,0.69
1990-12-10 01:00:00+00:00,95.8,1072.85,48.0,24.4,0.69
1990-12-10 02:00:00+00:00,306.0,748.19,99.9,25.08,0.48
1990-12-10 03:00:00+00:00,480.85,715.83,134.55,26.12,0.21
1990-12-10 04:00:00+00:00,588.85,633.92,173.45,26.83,0.21
1990-12-10 05:00:00+00:00,801.3,810.54,170.45,27.48,0.55
1990-12-10 06:00:00+00:00,681.85,556.8,211.65,28.25,0.97
1990-12-10 07:00:00+00:00,606.65,380.51,283.5,28.2,1.31
1990-12-10 08:00:00+00:00,552.85,491.4,163.5,28.31,1.72
1990-12-10 09:00:00+00:00,448.4,499.87,109.7,28.26,2.14
1990-12-10 10:00:00+00:00,296.15,408.81,86.5,28.03,2.21
1990-12-10 11:00:00+00:00,120.65,195.6,60.15,27.62,2.0
1990-12-10 12:00:00+00:00,4.75,7.42,4.15,27.15,1.72
1990-12-10 13:00:00+00:00,0.0,0.0,0.0,26.58,0.97
1990-12-10 14:00:00+00:00,0.0,0.0,0.0,26.12,0.41
1990-12-10 15:00:00+00:00,0.0,0.0,0.0,25.5,1.03
1990-12-10 16:00:00+00:00,0.0,0.0,0.0,25.43,1.93
1990-12-10 17:00:00+00:00,0.0,0.0,0.0,25.48,2.34
1990-12-10 18:00:00+00:00,0.0,0.0,0.0,25.4,2.41
1990-12-10 19:00:00+00:00,0.0,0.0,0.0,25.34,2.07
1990-12-10 20:00:00+00:00,0.0,0.0,0.0,25.18,2.0
1990-12-10 21:00:00+00:00,0.0,0.0,0.0,25.11,1.93
1990-12-10 22:00:00+00:00,0.0,0.0,0.0,25.01,2.0
1990-12-10 23:00:00+00:00,0.0,0.0,0.0,24.99,2.34
1990-12-11 00:00:00+00:00,0.0,0.0,0.0,25.02,2.62
1990-12-11 01:00:00+00:00,86.2,816.54,51.45,25.13,2.76
1990-12-11 02:00:00+00:00,240.25,400.09,130.85,25.92,2.97
1990-12-11 03:00:00+00:00,454.7,667.02,133.3,27.07,4.69
1990-12-11 04:00:00+00:00,654.15,785.14,141.0,28.03,5.59
1990-12-11 05:00:00+00:00,687.4,645.56,185.85,28.66,5.79
1990-12-11 06:00:00+00:00,740.2,676.06,169.95,28.82,5.79
1990-12-11 07:00:00+00:00,739.9,602.79,228.3,28.79,4.69
1990-12-11 08:00:00+00:00,696.4,628.44,198.5,28.71,4.83
1990-12-11 09:00:00+00:00,489.55,419.54,205.1,28.46,5.03
1990-12-11 10:00:00+00:00,309.95,313.13,149.1,27.98,5.17
1990-12-11 11:00:00+00:00,111.1,133.16,69.75,27.55,5.1
1990-12-11 12:00:00+00:00,4.75,6.68,4.2,27.05,4.55
1990-12-11 13:00:00+00:00,0.0,0.0,0.0,26.71,4.14
1990-12-11 14:00:00+00:00,0.0,0.0,0.0,26.48,3.86
1990-12-11 15:00:00+00:00,0.0,0.0,0.0,26.33,3.93
1990-12-11 16:00:00+00:00,0.0,0.0,0.0,26.19,4.0
1990-12-11 17:00:00+00:00,0.0,0.0,0.0,26.1,4.07
1990-12-11 18:00:00+00:00,0.0,0.0,0.0,26.03,4.21
1990-12-11 19:00:00+00:00,0.0,0.0,0.0,26.1,4.76
1990-12-11 20:00:00+00:00,0.0,0.0,0.0,26.03,5.45
1990-12-11 21:00:00+00:00,0.0,0.0,0.0,26.07,5.72
1990-12-11 22:00:00+00:00,0.0,0.0,0.0,25.98,5.59
1990-12-11 23:00:00+00:00,0.0,0.0,0.0,25.97,5.38
1990-12-12 00:00:00+00:00,0.0,0.0,0.0,25.9,5.31
1990-12-12 01:00:00+00:00,110.4,1268.76,58.93,25.96,5.52
1990-12-12 02:00:00+00:00,303.65,819.35,81.25,26.53,5.52
1990-12-12 03:00:00+00:00,501.7,788.31,123.35,27.38,6.83
1990-12-12 04:00:00+00:00,687.85,849.2,134.25,28.03,7.1
1990-12-12 05:00:00+00:00,783.5,848.77,125.2,28.6,7.17
1990-12-12 06:00:00+00:00,879.3,860.23,154.5,28.97,7.1
1990-12-12 07:00:00+00:00,837.3,821.68,140.3,29.2,6.76
1990-12-12 08:00:00+00:00,740.6,785.75,118.05,29.14,6.76
1990-12-12 09:00:00+00:00,581.1,712.68,97.55,28.85,6.83
1990-12-12 10:00:00+00:00,350.0,534.01,75.2,28.48,6.76
1990-12-12 11:00:00+00:00,137.85,291.23,47.05,27.95,6.48
1990-12-12 12:00:00+00:00,5.85,23.85,3.85,27.32,5.79
1990-12-12 13:00:00+00:00,0.0,0.0,0.0,26.7,5.59
1990-12-12 14:00:00+00:00,0.0,0.0,0.0,26.39,5.66
1990-12-12 15:00:00+00:00,0.0,0.0,0.0,26.26,5.86
1990-12-12 16:00:00+00:00,0.0,0.0,0.0,26.2,6.21
1990-12-12 17:00:00+00:00,0.0,0.0,0.0,26.12,6.34
1990-12-12 18:00:00+00:00,0.0,0.0,0.0,25.99,6.28
1990-12-12 19:00:00+00:00,0.0,0.0,0.0,26.0,6.41
1990-12-12 20:00:00+00:00,0.0,0.0,0.0,25.86,6.21
1990-12-12 21:00:00+00:00,0.0,0.0,0.0,25.77,6.0
1990-12-12 22:00:00+00:00,0.0,0.0,0.0,25.65,5.72
1990-12-12 23:00:00+00:00,0.0,0.0,0.0,25.58,5.59
1990-12-13 00:00:00+00:00,0.0,0.0,0.0,25.53,5.59
1990-12-13 01:00:00+00:00,41.6,0.0,41.6,25.5,5.52
1990-12-13 02:00:00+00:00,323.5,887.54,84.35,26.04,5.17
1990-12-13 03:00:00+00:00,544.3,927.43,100.9,27.14,6.55
1990-12-13 04:00:00+00:00,680.25,813.17,151.45,28.03,7.03
1990-12-13 05:00:00+00:00,814.9,868.19,142.65,28.63,7.24
1990-12-13 06:00:00+00:00,841.45,770.11,193.25,29.08,7.38
1990-12-13 07:00:00+00:00,839.45,822.53,142.05,29.32,7.03
1990-12-13 08:00:00+00:00,757.1,802.38,121.3,29.42,6.83
1990-12-13 09:00:00+00:00,601.4,743.17,96.75,29.17,6.62
1990-12-13 10:00:00+00:00,378.05,578.87,79.6,28.74,6.41
1990-12-13 11:00:00+00:00,147.55,318.11,47.95,28.15,6.07
1990-12-13 12:00:00+00:00,6.15,21.66,4.3,27.4,5.1
1990-12-13 13:00:00+00:00,0.0,0.0,0.0,26.68,4.62
1990-12-13 14:00:00+00:00,0.0,0.0,0.0,26.31,4.41
1990-12-13 15:00:00+00:00,0.0,0.0,0.0,26.1,4.28
1990-12-13 16:00:00+00:00,0.0,0.0,0.0,25.94,4.14
1990-12-13 17:00:00+00:00,0.0,0.0,0.0,25.7,3.86
1990-12-13 18:00:00+00:00,0.0,0.0,0.0,25.38,3.59
1990-12-13 19:00:00+00:00,0.0,0.0,0.0,25.06,2.97
1990-12-13 20:00:00+00:00,0.0,0.0,0.0,24.69,2.76
1990-12-13 21:00:00+00:00,0.0,0.0,0.0,24.45,2.62
1990-12-13 22:00:00+00:00,0.0,0.0,0.0,24.26,2.41
1990-12-13 23:00:00+00:00,0.0,0.0,0.0,24.23,2.28
1990-12-14 00:00:00+00:00,0.0,0.0,0.0,24.21,2.28
1990-12-14 01:00:00+00:00,41.7,0.0,41.7,24.2,2.28
1990-12-14 02:00:00+00:00,276.35,636.65,106.05,24.69,2.97
1990-12-14 03:00:00+00:00,483.0,711.67,144.05,25.89,3.38
1990-12-14 04:00:00+00:00,660.6,803.66,139.25,27.15,3.45
1990-12-14 05:00:00+00:00,822.15,877.32,143.9,28.07,3.59
1990-12-14 06:00:00+00:00,817.15,732.37,201.3,28.7,3.93
1990-12-14 07:00:00+00:00,794.95,711.77,191.7,29.11,3.45
1990-12-14 08:00:00+00:00,618.9,589.43,151.75,29.28,3.59
1990-12-14 09:00:00+00:00,563.05,651.13,120.5,28.93,3.38
1990-12-14 10:00:00+00:00,356.9,498.16,99.55,28.77,2.9
1990-12-14 11:00:00+00:00,135.95,254.88,55.8,28.35,2.62
1990-12-14 12:00:00+00:00,5.75,10.34,4.85,27.62,2.14
1990-12-14 13:00:00+00:00,0.0,0.0,0.0,26.91,2.07
1990-12-14 14:00:00+00:00,0.0,0.0,0.0,26.46,1.93
1990-12-14 15:00:00+00:00,0.0,0.0,0.0,26.12,1.79
1990-12-14 16:00:00+00:00,0.0,0.0,0.0,25.72,1.59
1990-12-14 17:00:00+00:00,0.0,0.0,0.0,24.93,1.31
1990-12-14 18:00:00+00:00,0.0,0.0,0.0,24.82,0.9
1990-12-14 19:00:00+00:00,0.0,0.0,0.0,24.13,1.03
1990-12-14 20:00:00+00:00,0.0,0.0,0.0,23.45,1.24
1990-12-14 21:00:00+00:00,0.0,0.0,0.0,23.12,1.45
1990-12-14 22:00:00+00:00,0.0,0.0,0.0,23.05,1.59
1990-12-14 23:00:00+00:00,0.0,0.0,0.0,23.14,1.66
1990-12-15 00:00:00+00:00,0.0,0.0,0.0,23.33,1.72
1990-12-15 01:00:00+00:00,44.55,0.0,44.55,23.68,1.79
1990-12-15 02:00:00+00:00,324.65,921.26,80.0,24.57,1.59
1990-12-15 03:00:00+00:00,499.1,781.37,128.35,26.21,1.66
1990-12-15 04:00:00+00:00,566.65,599.43,178.7,27.32,1.52
1990-12-15 05:00:00+00:00,734.7,752.47,153.85,28.08,1.31
1990-12-15 06:00:00+00:00,652.35,543.52,195.7,28.87,1.17
1990-12-15 07:00:00+00:00,580.05,381.63,256.7,29.41,1.66
1990-12-15 08:00:00+00:00,480.5,334.59,215.25,29.73,1.66
1990-12-15 09:00:00+00:00,388.6,333.65,161.6,29.69,2.14
1990-12-15 10:00:00+00:00,253.55,280.19,108.5,29.24,2.76
1990-12-15 11:00:00+00:00,86.25,112.07,50.85,28.46,3.59
1990-12-15 12:00:00+00:00,4.55,11.84,3.5,27.38,3.72
1990-12-15 13:00:00+00:00,0.0,0.0,0.0,26.76,3.72
1990-12-15 14:00:00+00:00,0.0,0.0,0.0,26.46,3.59
1990-12-15 15:00:00+00:00,0.0,0.0,0.0,26.3,3.52
1990-12-15 16:00:00+00:00,0.0,0.0,0.0,25.99,3.52
1990-12-15 17:00:00+00:00,0.0,0.0,0.0,25.61,3.45
1990-12-15 18:00:00+00:00,0.0,0.0,0.0,25.23,3.24
1990-12-15 19:00:00+00:00,0.0,0.0,0.0,25.12,3.03
1990-12-15 20:00:00+00:00,0.0,0.0,0.0,24.92,2.97
1990-12-15 21:00:00+00:00,0.0,0.0,0.0,24.63,2.9
1990-12-15 22:00:00+00:00,0.0,0.0,0.0,24.41,2.83
1990-12-15 23:00:00+00:00,0.0,0.0,0.0,24.33,2.69
1990-12-16 00:00:00+00:00,0.0,0.0,0.0,24.25,2.62
1990-12-16 01:00:00+00:00,46.65,0.0,46.65,24.19,2.55
1990-12-16 02:00:00+00:00,293.6,689.17,111.9,24.87,2.69
1990-12-16 03:00:00+00:00,420.8,581.72,145.8,26.19,3.72
1990-12-16 04:00:00+00:00,548.25,583.07,171.75,27.31,3.72
1990-12-16 05:00:00+00:00,704.45,686.99,174.9,28.31,3.72
1990-12-16 06:00:00+00:00,655.8,557.83,187.5,29.17,3.72
1990-12-16 07:00:00+00:00,568.7,449.54,187.9,29.43,4.21
1990-12-16 08:00:00+00:00,506.6,401.93,187.85,29.04,4.48
1990-12-16 09:00:00+00:00,379.55,400.24,106.95,29.1,4.48
1990-12-16 10:00:00+00:00,275.7,376.71,80.25,28.64,4.28
1990-12-16 11:00:00+00:00,91.8,165.91,39.15,27.96,3.72
1990-12-16 12:00:00+00:00,3.8,10.52,2.85,27.62,2.76
1990-12-16 13:00:00+00:00,0.0,0.0,0.0,26.96,2.62
1990-12-16 14:00:00+00:00,0.0,0.0,0.0,26.73,2.9
1990-12-16 15:00:00+00:00,0.0,0.0,0.0,26.43,3.31
1990-12-16 16:00:00+00:00,0.0,0.0,0.0,26.17,3.79
1990-12-16 17:00:00+00:00,0.0,0.0,0.0,25.85,4.0
1990-12-16 18:00:00+00:00,0.0,0.0,0.0,25.44,3.86
1990-12-16 19:00:00+00:00,0.0,0.0,0.0,25.2,3.79
1990-12-16 20:00:00+00:00,0.0,0.0,0.0,24.92,3.45
1990-12-16 21:00:00+00:00,0.0,0.0,0.0,24.73,3.24
1990-12-16 22:00:00+00:00,0.0,0.0,0.0,24.52,3.1
1990-12-16 23:00:00+00:00,0.0,0.0,0.0,24.41,3.1
1990-12-17 00:00:00+00:00,0.0,0.0,0.0,24.31,3.17
1990-12-17 01:00:00+00:00,39.25,0.0,39.25,24.3,3.17
1990-12-17 02:00:00+00:00,223.55,535.78,83.3,24.73,3.79
1990-12-17 03:00:00+00:00,328.45,371.74,153.35,25.57,4.28
1990-12-17 04:00:00+00:00,545.35,623.0,143.95,26.63,4.48
1990-12-17 05:00:00+00:00,641.3,639.08,149.35,27.55,4.69
1990-12-17 06:00:00+00:00,605.75,560.97,135.15,28.14,4.83
1990-12-17 07:00:00+00:00,595.85,546.9,132.65,28.41,5.24
1990-12-17 08:00:00+00:00,528.25,466.47,158.15,28.34,5.59
1990-12-17 09:00:00+00:00,476.6,513.34,126.55,28.51,5.52
1990-12-17 10:00:00+00:00,196.6,220.85,81.75,28.7,5.38
1990-12-17 11:00:00+00:00,80.6,125.77,40.5,27.5,5.03
1990-12-17 12:00:00+00:00,4.2,5.98,3.65,27.19,4.28
1990-12-17 13:00:00+00:00,0.0,0.0,0.0,26.67,4.34
1990-12-17 14:00:00+00:00,0.0,0.0,0.0,26.3,4.55
1990-12-17 15:00:00+00:00,0.0,0.0,0.0,25.97,4.55
1990-12-17 16:00:00+00:00,0.0,0.0,0.0,25.63,4.55
1990-12-17 17:00:00+00:00,0.0,0.0,0.0,25.4,4.41
1990-12-17 18:00:00+00:00,0.0,0.0,0.0,25.1,4.41
1990-12-17 19:00:00+00:00,0.0,0.0,0.0,24.94,4.14
1990-12-17 20:00:00+00:00,0.0,0.0,0.0,24.71,4.0
1990-12-17 21:00:00+00:00,0.0,0.0,0.0,24.49,3.93
1990-12-17 22:00:00+00:00,0.0,0.0,0.0,24.36,3.86
1990-12-17 23:00:00+00:00,0.0,0.0,0.0,24.24,3.86
1990-12-18 00:00:00+00:00,0.0,0.0,0.0,24.19,3.86
1990-12-18 01:00:00+00:00,44.85,0.0,44.85,24.17,3.86
1990-12-18 02:00:00+00:00,306.3,842.0,87.45,24.63,3.79
1990-12-18 03:00:00+00:00,520.75,868.3,113.2,25.71,4.69
1990-12-18 04:00:00+00:00,645.55,765.17,153.6,26.84,4.9
1990-12-18 05:00:00+00:00,678.1,620.72,200.9,27.88,4.69
1990-12-18 06:00:00+00:00,683.6,499.73,264.65,28.65,4.48
1990-12-18 07:00:00+00:00,559.45,338.11,273.1,29.19,4.62
1990-12-18 08:00:00+00:00,438.15,238.15,249.1,29.24,5.03
1990-12-18 09:00:00+00:00,386.65,266.48,204.7,29.0,5.52
1990-12-18 10:00:00+00:00,264.25,259.83,128.8,28.82,5.79
1990-12-18 11:00:00+00:00,130.1,192.27,68.5,28.44,5.66
1990-12-18 12:00:00+00:00,7.8,27.73,5.2,27.77,5.17
1990-12-18 13:00:00+00:00,0.0,0.0,0.0,26.95,4.9
1990-12-18 14:00:00+00:00,0.0,0.0,0.0,26.3,4.83
1990-12-18 15:00:00+00:00,0.0,0.0,0.0,25.77,4.76
1990-12-18 16:00:00+00:00,0.0,0.0,0.0,25.44,4.69
1990-12-18 17:00:00+00:00,0.0,0.0,0.0,25.19,4.55
1990-12-18 18:00:00+00:00,0.0,0.0,0.0,25.05,4.48
1990-12-18 19:00:00+00:00,0.0,0.0,0.0,24.73,4.28
1990-12-18 20:00:00+00:00,0.0,0.0,0.0,24.62,4.07
1990-12-18 21:00:00+00:00,0.0,0.0,0.0,24.46,3.79
1990-12-18 22:00:00+00:00,0.0,0.0,0.0,24.31,3.66
1990-12-18 23:00:00+00:00,0.0,0.0,0.0,24.28,3.66
1990-12-19 00:00:00+00:00,0.0,0.0,0.0,24.23,3.66
1990-12-19 01:00:00+00:00,31.3,0.0,31.3,24.27,3.52
1990-12-19 02:00:00+00:00,145.85,316.35,64.2,24.6,3.72
1990-12-19 03:00:00+00:00,315.85,386.75,134.95,25.15,4.48
1990-12-19 04:00:00+00:00,383.05,264.88,213.1,26.03,4.9
1990-12-19 05:00:00+00:00,430.05,223.8,258.2,26.67,4.55
1990-12-19 06:00:00+00:00,359.35,97.39,277.75,27.14,4.41
1990-12-19 07:00:00+00:00,427.1,177.53,276.75,26.09,4.0
1990-12-19 08:00:00+00:00,238.75,35.56,210.5,26.51,4.07
1990-12-19 09:00:00+00:00,149.4,16.97,137.8,26.41,4.14
1990-12-19 10:00:00+00:00,99.45,28.99,84.3,26.4,4.34
1990-12-19 11:00:00+00:00,39.05,1.09,38.7,26.38,4.55
1990-12-19 12:00:00+00:00,1.55,0.0,1.55,25.97,4.48
1990-12-19 13:00:00+00:00,0.0,0.0,0.0,25.59,4.69
1990-12-19 14:00:00+00:00,0.0,0.0,0.0,25.35,4.76
1990-12-19 15:00:00+00:00,0.0,0.0,0.0,25.26,4.83
1990-12-19 16:00:00+00:00,0.0,0.0,0.0,25.19,4.97
1990-12-19 17:00:00+00:00,0.0,0.0,0.0,25.16,4.9
1990-12-19 18:00:00+00:00,0.0,0.0,0.0,25.01,4.76
1990-12-19 19:00:00+00:00,0.0,0.0,0.0,25.51,5.03
1990-12-19 20:00:00+00:00,0.0,0.0,0.0,25.3,4.83
1990-12-19 21:00:00+00:00,0.0,0.0,0.0,25.13,4.34
1990-12-19 22:00:00+00:00,0.0,0.0,0.0,25.22,4.48
1990-12-19 23:00:00+00:00,0.0,0.0,0.0,25.29,4.21
1990-12-20 00:00:00+00:00,0.0,0.0,0.0,25.29,3.45
1990-12-20 01:00:00+00:00,23.15,0.0,23.15,25.18,2.97
1990-12-20 02:00:00+00:00,185.85,283.25,113.25,25.39,2.69
1990-12-20 03:00:00+00:00,285.3,253.67,167.05,26.24,3.03
1990-12-20 04:00:00+00:00,570.2,655.19,150.65,26.98,3.38
1990-12-20 05:00:00+00:00,657.0,575.88,215.3,27.89,3.52
1990-12-20 06:00:00+00:00,759.8,663.29,204.3,28.84,3.79
1990-12-20 07:00:00+00:00,532.1,446.64,153.8,29.49,3.31
1990-12-20 08:00:00+00:00,546.15,459.56,180.85,29.77,2.83
1990-12-20 09:00:00+00:00,441.85,507.74,94.2,30.06,2.83
1990-12-20 10:00:00+00:00,239.7,298.11,83.5,29.68,2.97
1990-12-20 11:00:00+00:00,95.05,146.78,47.55,28.67,2.0
1990-12-20 12:00:00+00:00,6.35,17.47,4.65,28.15,1.38
1990-12-20 13:00:00+00:00,0.0,0.0,0.0,27.22,1.93
1990-12-20 14:00:00+00:00,0.0,0.0,0.0,26.96,2.28
1990-12-20 15:00:00+00:00,0.0,0.0,0.0,26.69,2.41
1990-12-20 16:00:00+00:00,0.0,0.0,0.0,26.42,2.62
1990-12-20 17:00:00+00:00,0.0,0.0,0.0,25.99,2.83
1990-12-20 18:00:00+00:00,0.0,0.0,0.0,25.69,2.83
1990-12-20 19:00:00+00:00,0.0,0.0,0.0,25.61,3.03
1990-12-20 20:00:00+00:00,0.0,0.0,0.0,25.36,3.17
1990-12-20 21:00:00+00:00,0.0,0.0,0.0,25.11,3.17
1990-12-20 22:00:00+00:00,0.0,0.0,0.0,24.94,3.17
1990-12-20 23:00:00+00:00,0.0,0.0,0.0,24.83,3.1
1990-12-21 00:00:00+00:00,0.0,0.0,0.0,24.8,3.03
1990-12-21 01:00:00+00:00,38.95,0.0,38.95,24.71,3.03
1990-12-21 02:00:00+00:00,265.85,621.09,107.75,25.23,3.59
1990-12-21 03:00:00+00:00,378.6,416.25,185.2,26.38,4.07
1990-12-21 04:00:00+00:00,510.45,453.42,220.65,27.44,4.21
1990-12-21 05:00:00+00:00,713.5,715.34,165.4,28.47,4.0
1990-12-21 06:00:00+00:00,752.95,716.84,152.85,29.51,3.59
1990-12-21 07:00:00+00:00,691.75,614.65,171.05,30.01,3.52
1990-12-21 08:00:00+00:00,479.85,367.69,187.35,30.15,3.52
1990-12-21 09:00:00+00:00,417.15,399.19,143.4,29.66,3.66
1990-12-21 10:00:00+00:00,295.25,325.29,124.35,28.45,3.86
1990-12-21 11:00:00+00:00,110.5,179.37,52.15,27.81,3.86
1990-12-21 12:00:00+00:00,6.8,19.67,4.85,27.5,3.17
1990-12-21 13:00:00+00:00,0.0,0.0,0.0,27.16,3.38
1990-12-21 14:00:00+00:00,0.0,0.0,0.0,26.71,3.59
1990-12-21 15:00:00+00:00,0.0,0.0,0.0,26.34,3.59
1990-12-21 16:00:00+00:00,0.0,0.0,0.0,26.1,3.59
1990-12-21 17:00:00+00:00,0.0,0.0,0.0,25.78,3.59
1990-12-21 18:00:00+00:00,0.0,0.0,0.0,25.41,3.45
1990-12-21 19:00:00+00:00,0.0,0.0,0.0,25.43,3.79
1990-12-21 20:00:00+00:00,0.0,0.0,0.0,25.13,3.52
1990-12-21 21:00:00+00:00,0.0,0.0,0.0,24.91,3.31
1990-12-21 22:00:00+00:00,0.0,0.0,0.0,24.65,3.17
1990-12-21 23:00:00+00:00,0.0,0.0,0.0,24.56,3.03
1990-12-22 00:00:00+00:00,0.0,0.0,0.0,24.53,3.1
1990-12-22 01:00:00+00:00,35.15,0.0,35.15,24.54,3.17
1990-12-22 02:00:00+00:00,246.3,516.75,115.65,24.89,3.38
1990-12-22 03:00:00+00:00,468.3,748.91,121.45,25.77,4.07
1990-12-22 04:00:00+00:00,598.5,702.83,150.1,27.11,4.07
1990-12-22 05:00:00+00:00,750.35,769.46,161.35,28.15,4.0
1990-12-22 06:00:00+00:00,733.5,663.12,178.55,29.16,4.14
1990-12-22 07:00:00+00:00,820.6,794.88,147.05,29.5,4.14
1990-12-22 08:00:00+00:00,628.55,591.37,157.7,29.88,4.48
1990-12-22 09:00:00+00:00,490.9,515.74,136.65,29.53,4.83
1990-12-22 10:00:00+00:00,371.05,534.41,89.5,28.97,4.97
1990-12-22 11:00:00+00:00,151.25,294.33,55.0,28.39,5.03
1990-12-22 12:00:00+00:00,9.95,39.11,6.0,27.65,4.41
1990-12-22 13:00:00+00:00,0.0,0.0,0.0,26.96,4.41
1990-12-22 14:00:00+00:00,0.0,0.0,0.0,26.57,4.41
1990-12-22 15:00:00+00:00,0.0,0.0,0.0,26.09,4.21
1990-12-22 16:00:00+00:00,0.0,0.0,0.0,25.43,3.79
1990-12-22 17:00:00+00:00,0.0,0.0,0.0,24.74,3.59
1990-12-22 18:00:00+00:00,0.0,0.0,0.0,24.11,3.52
1990-12-22 19:00:00+00:00,0.0,0.0,0.0,23.74,3.31
1990-12-22 20:00:00+00:00,0.0,0.0,0.0,23.25,3.24
1990-12-22 21:00:00+00:00,0.0,0.0,0.0,22.85,3.31
1990-12-22 22:00:00+00:00,0.0,0.0,0.0,22.51,3.31
1990-12-22 23:00:00+00:00,0.0,0.0,0.0,22.26,3.17
1990-12-23 00:00:00+00:00,0.0,0.0,0.0,22.07,2.76
1990-12-23 01:00:00+00:00,36.6,0.0,36.6,21.96,2.55
1990-12-23 02:00:00+00:00,329.3,1014.95,74.4,22.51,2.41
1990-12-23 03:00:00+00:00,553.25,992.63,94.95,23.87,2.76
1990-12-23 04:00:00+00:00,736.9,988.77,107.15,25.33,2.97
1990-12-23 05:00:00+00:00,861.15,979.21,112.25,26.66,3.1
1990-12-23 06:00:00+00:00,912.3,951.74,116.0,27.79,3.38
1990-12-23 07:00:00+00:00,884.7,908.75,114.4,28.23,3.59
1990-12-23 08:00:00+00:00,783.6,847.67,108.05,28.59,3.72
1990-12-23 09:00:00+00:00,616.2,753.0,98.1,28.58,3.93
1990-12-23 10:00:00+00:00,400.75,603.28,82.0,28.15,4.07
1990-12-23 11:00:00+00:00,167.2,349.64,52.25,27.49,4.14
1990-12-23 12:00:00+00:00,10.8,42.77,6.4,26.75,3.59
1990-12-23 13:00:00+00:00,0.0,0.0,0.0,26.04,3.52
1990-12-23 14:00:00+00:00,0.0,0.0,0.0,25.71,3.72
1990-12-23 15:00:00+00:00,0.0,0.0,0.0,25.27,3.93
1990-12-23 16:00:00+00:00,0.0,0.0,0.0,24.54,4.07
1990-12-23 17:00:00+00:00,0.0,0.0,0.0,23.73,4.0
1990-12-23 18:00:00+00:00,0.0,0.0,0.0,23.04,4.0
1990-12-23 19:00:00+00:00,0.0,0.0,0.0,22.58,3.79
1990-12-23 20:00:00+00:00,0.0,0.0,0.0,22.16,3.72
1990-12-23 21:00:00+00:00,0.0,0.0,0.0,21.79,3.52
1990-12-23 22:00:00+00:00,0.0,0.0,0.0,21.5,3.24
1990-12-23 23:00:00+00:00,0.0,0.0,0.0,21.3,2.97
1990-12-24 00:00:00+00:00,0.0,0.0,0.0,21.19,2.69
1990-12-24 01:00:00+00:00,36.75,0.0,36.75,21.14,2.69
1990-12-24 02:00:00+00:00,330.8,1023.26,75.5,21.67,2.76
1990-12-24 03:00:00+00:00,558.5,1007.91,94.55,23.08,3.24
1990-12-24 04:00:00+00:00,740.5,995.58,107.45,24.59,3.38
1990-12-24 05:00:00+00:00,873.6,1003.68,106.6,25.98,3.1
1990-12-24 06:00:00+00:00,916.15,958.77,114.1,27.18,3.03
1990-12-24 07:00:00+00:00,892.0,922.17,110.0,27.67,3.31
1990-12-24 08:00:00+00:00,788.35,857.02,104.65,28.14,3.31
1990-12-24 09:00:00+00:00,615.7,749.41,99.15,28.31,3.38
1990-12-24 10:00:00+00:00,394.0,564.04,95.1,28.17,3.45
1990-12-24 11:00:00+00:00,159.7,296.61,61.65,27.7,3.59
1990-12-24 12:00:00+00:00,10.95,36.74,7.1,26.93,3.24
1990-12-24 13:00:00+00:00,0.0,0.0,0.0,26.11,3.1
1990-12-24 14:00:00+00:00,0.0,0.0,0.0,25.64,3.45
1990-12-24 15:00:00+00:00,0.0,0.0,0.0,25.11,4.07
1990-12-24 16:00:00+00:00,0.0,0.0,0.0,24.29,4.28
1990-12-24 17:00:00+00:00,0.0,0.0,0.0,23.55,4.07
1990-12-24 18:00:00+00:00,0.0,0.0,0.0,23.01,3.72
1990-12-24 19:00:00+00:00,0.0,0.0,0.0,22.63,3.66
1990-12-24 20:00:00+00:00,0.0,0.0,0.0,22.24,3.45
1990-12-24 21:00:00+00:00,0.0,0.0,0.0,21.9,3.38
1990-12-24 22:00:00+00:00,0.0,0.0,0.0,21.65,3.31
1990-12-24 23:00:00+00:00,0.0,0.0,0.0,21.5,3.17
1990-12-25 00:00:00+00:00,0.0,0.0,0.0,21.39,2.9
1990-12-25 01:00:00+00:00,35.4,0.0,35.4,21.34,2.76
1990-12-25 02:00:00+00:00,332.65,1052.09,71.85,21.98,2.55
1990-12-25 03:00:00+00:00,560.2,1025.99,89.3,23.69,2.69
1990-12-25 04:00:00+00:00,741.0,1002.7,104.4,25.27,2.76
1990-12-25 05:00:00+00:00,862.15,983.11,111.4,26.43,2.55
1990-12-25 06:00:00+00:00,882.45,901.22,128.6,27.35,2.83
1990-12-25 07:00:00+00:00,875.65,893.78,117.35,27.89,3.24
1990-12-25 08:00:00+00:00,684.25,659.61,157.45,28.12,3.72
1990-12-25 09:00:00+00:00,575.65,676.76,108.3,27.85,4.0
1990-12-25 10:00:00+00:00,396.4,591.59,81.95,27.42,3.93
1990-12-25 11:00:00+00:00,165.9,340.86,52.6,26.8,3.79
1990-12-25 12:00:00+00:00,10.9,44.51,6.15,26.0,3.31
1990-12-25 13:00:00+00:00,0.0,0.0,0.0,25.19,2.9
1990-12-25 14:00:00+00:00,0.0,0.0,0.0,24.81,2.83
1990-12-25 15:00:00+00:00,0.0,0.0,0.0,24.71,3.03
1990-12-25 16:00:00+00:00,0.0,0.0,0.0,24.64,3.45
1990-12-25 17:00:00+00:00,0.0,0.0,0.0,24.51,3.72
1990-12-25 18:00:00+00:00,0.0,0.0,0.0,24.06,3.79
1990-12-25 19:00:00+00:00,0.0,0.0,0.0,24.23,3.79
1990-12-25 20:00:00+00:00,0.0,0.0,0.0,23.98,3.72
1990-12-25 21:00:00+00:00,0.0,0.0,0.0,23.61,3.45
1990-12-25 22:00:00+00:00,0.0,0.0,0.0,23.38,3.24
1990-12-25 23:00:00+00:00,0.0,0.0,0.0,23.17,3.24
1990-12-26 00:00:00+00:00,0.0,0.0,0.0,23.08,2.9
1990-12-26 01:00:00+00:00,39.3,0.0,39.3,23.07,2.62
1990-12-26 02:00:00+00:00,231.55,389.74,135.55,23.71,2.41
1990-12-26 03:00:00+00:00,418.25,487.57,195.1,25.09,3.03
1990-12-26 04:00:00+00:00,602.9,680.71,171.35,26.42,3.72
1990-12-26 05:00:00+00:00,638.4,574.18,200.2,27.51,4.28
1990-12-26 06:00:00+00:00,651.45,444.42,279.7,28.12,4.48
1990-12-26 07:00:00+00:00,548.85,305.75,289.3,28.25,4.62
1990-12-26 08:00:00+00:00,592.55,483.12,206.25,28.58,4.48
1990-12-26 09:00:00+00:00,427.0,391.67,156.0,28.97,4.48
1990-12-26 10:00:00+00:00,209.35,149.57,129.6,28.54,4.69
1990-12-26 11:00:00+00:00,105.6,140.46,58.65,27.64,4.62
1990-12-26 12:00:00+00:00,8.6,23.47,6.05,27.04,4.28
1990-12-26 13:00:00+00:00,0.0,0.0,0.0,26.58,4.0
1990-12-26 14:00:00+00:00,0.0,0.0,0.0,26.41,3.86
1990-12-26 15:00:00+00:00,0.0,0.0,0.0,26.17,3.79
1990-12-26 16:00:00+00:00,0.0,0.0,0.0,25.88,3.93
1990-12-26 17:00:00+00:00,0.0,0.0,0.0,25.6,4.07
1990-12-26 18:00:00+00:00,0.0,0.0,0.0,25.35,3.86
1990-12-26 19:00:00+00:00,0.0,0.0,0.0,25.51,3.31
1990-12-26 20:00:00+00:00,0.0,0.0,0.0,25.33,2.97
1990-12-26 21:00:00+00:00,0.0,0.0,0.0,25.15,3.24
1990-12-26 22:00:00+00:00,0.0,0.0,0.0,25.06,3.45
1990-12-26 23:00:00+00:00,0.0,0.0,0.0,24.86,3.66
1990-12-27 00:00:00+00:00,0.0,0.0,0.0,24.7,3.59
1990-12-27 01:00:00+00:00,27.05,0.0,27.05,24.6,3.72
1990-12-27 02:00:00+00:00,130.65,90.49,108.5,24.61,3.79
1990-12-27 03:00:00+00:00,257.4,108.45,207.9,25.07,4.07
1990-12-27 04:00:00+00:00,349.4,129.05,267.7,25.78,4.62
1990-12-27 05:00:00+00:00,722.7,743.75,155.4,26.38,4.97
1990-12-27 06:00:00+00:00,544.45,406.19,204.65,28.17,5.72
1990-12-27 07:00:00+00:00,592.85,471.3,192.5,28.15,5.93
1990-12-27 08:00:00+00:00,428.1,299.59,188.25,28.58,5.72
1990-12-27 09:00:00+00:00,309.15,190.46,177.1,28.52,4.97
1990-12-27 10:00:00+00:00,177.9,131.52,107.55,27.09,4.9
1990-12-27 11:00:00+00:00,50.25,27.96,40.85,26.2,4.34
1990-12-27 12:00:00+00:00,6.7,15.37,5.0,25.99,3.72
1990-12-27 13:00:00+00:00,0.0,0.0,0.0,25.53,3.72
1990-12-27 14:00:00+00:00,0.0,0.0,0.0,25.35,3.79
1990-12-27 15:00:00+00:00,0.0,0.0,0.0,25.27,4.48
1990-12-27 16:00:00+00:00,0.0,0.0,0.0,24.93,4.34
1990-12-27 17:00:00+00:00,0.0,0.0,0.0,24.93,4.14
1990-12-27 18:00:00+00:00,0.0,0.0,0.0,24.85,4.07
1990-12-27 19:00:00+00:00,0.0,0.0,0.0,24.89,3.93
1990-12-27 20:00:00+00:00,0.0,0.0,0.0,24.79,4.21
1990-12-27 21:00:00+00:00,0.0,0.0,0.0,24.71,4.48
1990-12-27 22:00:00+00:00,0.0,0.0,0.0,24.7,4.34
1990-12-27 23:00:00+00:00,0.0,0.0,0.0,24.7,4.21
1990-12-28 00:00:00+00:00,0.0,0.0,0.0,24.75,4.14
1990-12-28 01:00:00+00:00,32.0,0.0,32.0,24.79,3.86
1990-12-28 02:00:00+00:00,209.4,444.71,101.2,25.01,3.72
1990-12-28 03:00:00+00:00,357.6,459.85,148.25,25.91,5.38
1990-12-28 04:00:00+00:00,505.35,524.43,173.75,26.95,5.31
1990-12-28 05:00:00+00:00,549.8,440.71,213.8,28.07,5.31
1990-12-28 06:00:00+00:00,751.85,705.7,161.4,28.89,5.17
1990-12-28 07:00:00+00:00,647.2,541.6,186.8,29.84,4.34
1990-12-28 08:00:00+00:00,461.15,326.75,199.2,29.79,4.28
1990-12-28 09:00:00+00:00,365.15,324.28,139.85,29.15,4.34
1990-12-28 10:00:00+00:00,194.2,153.73,111.7,27.4,4.62
1990-12-28 11:00:00+00:00,102.85,149.96,52.15,26.88,3.66
1990-12-28 12:00:00+00:00,8.2,16.87,6.3,26.63,4.48
1990-12-28 13:00:00+00:00,0.0,0.0,0.0,25.97,4.21
1990-12-28 14:00:00+00:00,0.0,0.0,0.0,25.64,4.14
1990-12-28 15:00:00+00:00,0.0,0.0,0.0,25.44,4.28
1990-12-28 16:00:00+00:00,0.0,0.0,0.0,25.3,4.28
1990-12-28 17:00:00+00:00,0.0,0.0,0.0,25.05,4.34
1990-12-28 18:00:00+00:00,0.0,0.0,0.0,24.94,4.41
1990-12-28 19:00:00+00:00,0.0,0.0,0.0,24.78,4.34
1990-12-28 20:00:00+00:00,0.0,0.0,0.0,24.63,4.41
1990-12-28 21:00:00+00:00,0.0,0.0,0.0,24.5,4.34
1990-12-28 22:00:00+00:00,0.0,0.0,0.0,24.45,4.48
1990-12-28 23:00:00+00:00,0.0,0.0,0.0,24.42,4.48
1990-12-29 00:00:00+00:00,0.0,0.0,0.0,24.45,4.41
1990-12-29 01:00:00+00:00,37.0,0.0,37.0,24.41,4.41
1990-12-29 02:00:00+00:00,205.7,509.8,82.4,24.75,4.83
1990-12-29 03:00:00+00:00,304.3,415.09,115.8,25.72,5.66
1990-12-29 04:00:00+00:00,579.5,702.13,136.05,26.68,5.79
1990-12-29 05:00:00+00:00,580.05,563.48,150.6,27.71,6.14
1990-12-29 06:00:00+00:00,702.6,643.75,163.85,28.2,6.0
1990-12-29 07:00:00+00:00,700.4,575.01,211.2,28.83,5.79
1990-12-29 08:00:00+00:00,622.35,526.16,199.95,29.3,5.38
1990-12-29 09:00:00+00:00,423.5,424.48,127.95,29.43,5.17
1990-12-29 10:00:00+00:00,324.3,431.53,91.95,28.26,5.17
1990-12-29 11:00:00+00:00,123.5,236.74,43.0,27.14,5.03
1990-12-29 12:00:00+00:00,10.7,39.7,6.15,26.93,4.69
1990-12-29 13:00:00+00:00,0.0,0.0,0.0,26.46,4.76
1990-12-29 14:00:00+00:00,0.0,0.0,0.0,26.0,5.17
1990-12-29 15:00:00+00:00,0.0,0.0,0.0,25.66,5.45
1990-12-29 16:00:00+00:00,0.0,0.0,0.0,25.17,5.38
1990-12-29 17:00:00+00:00,0.0,0.0,0.0,24.86,5.03
1990-12-29 18:00:00+00:00,0.0,0.0,0.0,24.59,4.69
1990-12-29 19:00:00+00:00,0.0,0.0,0.0,24.59,3.93
1990-12-29 20:00:00+00:00,0.0,0.0,0.0,24.39,4.07
1990-12-29 21:00:00+00:00,0.0,0.0,0.0,24.21,4.41
1990-12-29 22:00:00+00:00,0.0,0.0,0.0,24.1,4.48
1990-12-29 23:00:00+00:00,0.0,0.0,0.0,24.03,4.34
1990-12-30 00:00:00+00:00,0.0,0.0,0.0,23.95,4.28
1990-12-30 01:00:00+00:00,31.8,0.0,31.8,24.0,4.48
1990-12-30 02:00:00+00:00,237.4,645.22,82.25,24.3,4.69
1990-12-30 03:00:00+00:00,477.7,818.03,107.1,25.23,5.86
1990-12-30 04:00:00+00:00,493.0,574.02,130.85,26.64,5.93
1990-12-30 05:00:00+00:00,690.45,710.12,149.4,27.53,5.66
1990-12-30 06:00:00+00:00,555.15,379.14,237.75,28.45,5.72
1990-12-30 07:00:00+00:00,612.0,505.33,181.7,28.49,5.31
1990-12-30 08:00:00+00:00,649.15,597.4,168.85,28.85,5.59
1990-12-30 09:00:00+00:00,517.55,574.93,116.35,29.0,5.79
1990-12-30 10:00:00+00:00,313.15,399.25,97.45,28.72,5.86
1990-12-30 11:00:00+00:00,128.5,230.1,49.8,27.97,5.72
1990-12-30 12:00:00+00:00,11.4,39.44,6.8,27.28,5.66
1990-12-30 13:00:00+00:00,0.0,0.0,0.0,26.58,5.52
1990-12-30 14:00:00+00:00,0.0,0.0,0.0,26.04,5.31
1990-12-30 15:00:00+00:00,0.0,0.0,0.0,25.58,5.1
1990-12-30 16:00:00+00:00,0.0,0.0,0.0,25.14,4.83
1990-12-30 17:00:00+00:00,0.0,0.0,0.0,24.76,4.55
1990-12-30 18:00:00+00:00,0.0,0.0,0.0,24.49,4.41
1990-12-30 19:00:00+00:00,0.0,0.0,0.0,24.44,4.48
1990-12-30 20:00:00+00:00,0.0,0.0,0.0,24.41,4.34
1990-12-30 21:00:00+00:00,0.0,0.0,0.0,24.31,4.21
1990-12-30 22:00:00+00:00,0.0,0.0,0.0,24.21,4.28
1990-12-30 23:00:00+00:00,0.0,0.0,0.0,24.12,4.55
1990-12-31 00:00:00+00:00,0.0,0.0,0.0,23.98,4.62
1990-12-31 01:00:00+00:00,34.2,0.0,34.2,23.95,4.55
1990-12-31 02:00:00+00:00,238.35,616.25,91.0,24.33,4.97
1990-12-31 03:00:00+00:00,423.0,639.91,133.75,25.22,6.34
1990-12-31 04:00:00+00:00,579.9,647.8,171.6,26.35,6.21
1990-12-31 05:00:00+00:00,785.55,794.79,180.1,27.36,5.86
1990-12-31 06:00:00+00:00,805.65,764.06,165.75,28.53,5.59
1990-12-31 07:00:00+00:00,703.1,580.58,208.25,29.18,5.31
1990-12-31 08:00:00+00:00,596.9,482.28,208.55,29.52,5.24
1990-12-31 09:00:00+00:00,372.1,243.48,201.8,29.55,5.24
1990-12-31 10:00:00+00:00,292.0,316.72,120.3,29.04,5.31
1990-12-31 11:00:00+00:00,118.5,124.84,75.55,28.6,5.38
1990-12-31 12:00:00+00:00,10.75,26.54,7.6,27.89,4.97
1990-12-31 13:00:00+00:00,0.0,0.0,0.0,27.14,4.76
1990-12-31 14:00:00+00:00,0.0,0.0,0.0,26.45,4.62
1990-12-31 15:00:00+00:00,0.0,0.0,0.0,25.89,4.48
1990-12-31 16:00:00+00:00,0.0,0.0,0.0,24.36,3.98
1990-12-31 17:00:00+00:00,0.0,0.0,0.0,24.47,3.95
1990-12-31 18:00:00+00:00,0.0,0.0,0.0,24.58,3.93
1990-12-31 19:00:00+00:00,0.0,0.0,0.0,24.68,3.91
1990-12-31 20:00:00+00:00,0.0,0.0,0.0,24.79,3.89
1990-12-31 21:00:00+00:00,0.0,0.0,0.0,24.9,3.87
1990-12-31 22:00:00+00:00,0.0,0.0,0.0,25.0,3.85
1990-12-31 23:00:00+00:00,0.0,0.0,0.0,25.11,3.83
